Time,Latitude,Longitude,Heading_Angle,Normal_Acceleration_Command,LOS_Distance_Rate,LOS_Angle,LOS_Angle_Rate,Leading_Angle,Leading_Angle_Target,Target_Overload,Heading_Angle_Target
1,50,-80,0,0,1.48941e+06,328.548,0,0,0,0,0
2,50,-80,328.548,-0.0189682,1.48841e+06,328.546,-0.00253514,0.00253514,-188.108,12.4835,140.437
3,50.0107,-80.0102,328.529,-0.0468474,1.48602e+06,328.535,-0.0102858,-0.00614725,-188.09,8.06628,140.445
4,50.0215,-80.0204,328.482,-0.0461637,1.48362e+06,328.525,-0.0101148,-0.0428799,-188.072,8.06617,140.453
5,50.0322,-80.0307,328.436,-0.0498063,1.48122e+06,328.515,-0.0102441,-0.0787995,-188.049,12.4849,140.466
6,50.0429,-80.0409,328.386,-0.047767,1.47882e+06,328.504,-0.0105155,-0.11809,-188.03,8.0659,140.474
7,50.0536,-80.0512,328.339,-0.0484203,1.47642e+06,328.494,-0.0100341,-0.155823,-188.009,11.7113,140.486
8,50.0643,-80.0615,328.29,-0.0494832,1.47403e+06,328.484,-0.0101626,-0.194081,-187.986,12.4865,140.498
9,50.075,-80.0718,328.241,-0.0462441,1.47164e+06,328.474,-0.0101346,-0.233429,-187.968,8.06546,140.506
10,50.0857,-80.0821,328.194,-0.0461346,1.46924e+06,328.464,-0.0101071,-0.269566,-187.95,8.06535,140.514
11,50.0964,-80.0925,328.148,-0.0460291,1.46685e+06,328.454,-0.0100807,-0.30562,-187.932,8.06524,140.522
12,50.107,-80.1028,328.102,-0.0490527,1.46445e+06,328.444,-0.0100541,-0.341595,-187.909,12.4884,140.535
13,50.1177,-80.1132,328.053,-0.0470174,1.46205e+06,328.434,-0.0103276,-0.38032,-187.891,8.06496,140.543
14,50.1284,-80.1236,328.006,-0.0457011,1.45965e+06,328.424,-0.00999846,-0.417339,-187.873,8.06485,140.551
15,50.1391,-80.134,327.96,-0.0487235,1.45726e+06,328.414,-0.00997114,-0.453069,-187.85,12.4898,140.563
16,50.1497,-80.1444,327.912,-0.0461153,1.45487e+06,328.403,-0.0101018,-0.491691,-187.832,8.06457,140.572
17,50.1604,-80.1548,327.866,-0.0453678,1.45247e+06,328.394,-0.00991486,-0.527891,-187.814,8.06446,140.58
18,50.171,-80.1653,327.82,-0.0521797,1.45007e+06,328.383,-0.0101909,-0.563068,-187.788,16.1285,140.596
19,50.1817,-80.1757,327.768,-0.0451412,1.44767e+06,328.373,-0.00985802,-0.60539,-187.77,8.06412,140.604
20,50.1923,-80.1862,327.723,-0.0456621,1.44528e+06,328.363,-0.00998812,-0.640543,-187.752,8.06401,140.612
21,50.2029,-80.1967,327.677,-0.0480473,1.44288e+06,328.354,-0.00980058,-0.676404,-187.729,12.4928,140.624
22,50.2135,-80.2072,327.629,-0.0466606,1.44048e+06,328.343,-0.0102375,-0.714214,-187.711,8.06373,140.632
23,50.2242,-80.2178,327.583,-0.0446817,1.43809e+06,328.334,-0.00974269,-0.751132,-187.693,8.06361,140.64
24,50.2348,-80.2283,327.538,-0.0483501,1.43569e+06,328.324,-0.00987546,-0.785938,-187.671,12.4942,140.653
25,50.2454,-80.2389,327.49,-0.0463254,1.43329e+06,328.314,-0.0101533,-0.824135,-187.653,8.06333,140.661
26,50.256,-80.2495,327.443,-0.0443347,1.4309e+06,328.304,-0.00965561,-0.860805,-187.635,8.06322,140.669
27,50.2666,-80.26,327.399,-0.0480075,1.4285e+06,328.294,-0.00978901,-0.895351,-187.613,12.4957,140.682
28,50.2772,-80.2707,327.351,-0.0459852,1.4261e+06,328.284,-0.0100679,-0.93329,-187.595,8.06293,140.69
29,50.2878,-80.2813,327.305,-0.0446357,1.42371e+06,328.274,-0.00973045,-0.969545,-187.577,8.06282,140.698
30,50.2983,-80.2919,327.26,-0.0445207,1.42132e+06,328.265,-0.00970159,-1.00448,-187.559,8.0627,140.706
31,50.3089,-80.3026,327.216,-0.0487859,1.41892e+06,328.255,-0.00998247,-1.03902,-187.536,12.4975,140.718
32,50.3195,-80.3132,327.167,-0.0468573,1.41652e+06,328.245,-0.00964327,-1.07816,-187.515,11.689,140.73
33,50.3301,-80.3239,327.12,-0.0441637,1.41413e+06,328.235,-0.00961191,-1.11541,-187.497,8.06225,140.738
34,50.3406,-80.3346,327.076,-0.0484313,1.41173e+06,328.226,-0.00989288,-1.14968,-187.475,12.499,140.751
35,50.3512,-80.3454,327.027,-0.0439249,1.40933e+06,328.216,-0.00955192,-1.18856,-187.457,8.06196,140.759
36,50.3617,-80.3561,326.984,-0.0450496,1.40693e+06,328.206,-0.0098329,-1.22265,-187.44,8.06184,140.767
37,50.3723,-80.3668,326.939,-0.046831,1.40454e+06,328.197,-0.00949195,-1.25821,-187.418,12.5004,140.779
38,50.3828,-80.3776,326.892,-0.0442268,1.40215e+06,328.187,-0.00962691,-1.29541,-187.4,8.06155,140.787
39,50.3933,-80.3884,326.847,-0.0446941,1.39975e+06,328.177,-0.00974355,-1.32989,-187.382,8.06143,140.795
40,50.4039,-80.3992,326.803,-0.0433225,1.39735e+06,328.168,-0.00940058,-1.36519,-187.365,8.06132,140.803
41,50.4144,-80.41,326.759,-0.0482744,1.39496e+06,328.158,-0.00985151,-1.39866,-187.342,12.5022,140.816
42,50.4249,-80.4208,326.711,-0.0430795,1.39256e+06,328.149,-0.0093395,-1.43759,-187.325,8.06102,140.824
43,50.4354,-80.4317,326.668,-0.0448841,1.39016e+06,328.139,-0.00979037,-1.47088,-187.307,8.06091,140.832
44,50.4459,-80.4425,326.623,-0.0459825,1.38777e+06,328.13,-0.00927769,-1.50649,-187.285,12.5036,140.844
45,50.4564,-80.4534,326.577,-0.0446439,1.38537e+06,328.12,-0.00972997,-1.54274,-187.267,8.06061,140.852
46,50.4669,-80.4643,326.533,-0.0432558,1.38298e+06,328.111,-0.00938287,-1.578,-187.25,8.0605,140.861
47,50.4774,-80.4752,326.489,-0.0468765,1.38058e+06,328.101,-0.00950012,-1.61176,-187.228,12.505,140.873
48,50.4879,-80.4861,326.442,-0.0430078,1.37819e+06,328.092,-0.00932051,-1.64931,-187.211,8.0602,140.881
49,50.4984,-80.497,326.399,-0.0467154,1.37579e+06,328.082,-0.00960658,-1.68271,-187.189,11.6741,140.893
50,50.5088,-80.508,326.353,-0.0427552,1.3734e+06,328.073,-0.00925701,-1.72017,-187.172,8.05991,140.901
51,50.5193,-80.5189,326.31,-0.0470568,1.371e+06,328.063,-0.00954379,-1.75338,-187.15,12.507,140.913
52,50.5298,-80.5299,326.263,-0.0424996,1.36861e+06,328.054,-0.00919275,-1.79125,-187.133,8.05961,140.921
53,50.5402,-80.5409,326.22,-0.0436499,1.36621e+06,328.045,-0.00948003,-1.82427,-187.115,8.05949,140.929
54,50.5507,-80.5519,326.177,-0.0454013,1.36382e+06,328.036,-0.009129,-1.85879,-187.094,12.5084,140.942
55,50.5611,-80.563,326.131,-0.0433994,1.36142e+06,328.026,-0.00941703,-1.89477,-187.076,8.05919,140.95
56,50.5715,-80.574,326.088,-0.0432719,1.35902e+06,328.017,-0.00938496,-1.92879,-187.059,8.05908,140.958
57,50.582,-80.5851,326.045,-0.0418585,1.35663e+06,328.008,-0.00903156,-1.96303,-187.042,8.05896,140.966
58,50.5924,-80.5961,326.003,-0.0461791,1.35423e+06,327.998,-0.00932197,-1.99556,-187.02,12.5101,140.979
59,50.6028,-80.6072,325.957,-0.0422937,1.35184e+06,327.989,-0.00913991,-2.0326,-187.003,8.05865,140.987
60,50.6132,-80.6183,325.914,-0.0427614,1.34944e+06,327.98,-0.00925656,-2.06564,-186.985,8.05854,140.995
61,50.6237,-80.6294,325.872,-0.0426354,1.34704e+06,327.971,-0.00922486,-2.09918,-186.968,8.05842,141.003
62,50.6341,-80.6406,325.829,-0.0450674,1.34465e+06,327.962,-0.00904275,-2.13277,-186.946,12.5119,141.015
63,50.6445,-80.6517,325.784,-0.0423753,1.34225e+06,327.953,-0.00915944,-2.16868,-186.929,8.05811,141.023
64,50.6549,-80.6629,325.742,-0.0429439,1.33985e+06,327.943,-0.00930128,-2.20175,-186.912,8.05799,141.031
65,50.6653,-80.674,325.699,-0.0439712,1.33746e+06,327.935,-0.00876771,-2.23593,-186.891,12.5133,141.044
66,50.6756,-80.6852,325.655,-0.0426827,1.33507e+06,327.925,-0.00923557,-2.27066,-186.873,8.05769,141.052
67,50.686,-80.6964,325.612,-0.0418459,1.33267e+06,327.916,-0.00902627,-2.30432,-186.856,8.05757,141.06
68,50.6964,-80.7076,325.57,-0.0411103,1.33028e+06,327.907,-0.00884227,-2.33732,-186.839,8.05745,141.068
69,50.7068,-80.7189,325.529,-0.0454568,1.32788e+06,327.898,-0.0091374,-2.3693,-186.818,12.515,141.081
70,50.7171,-80.7301,325.484,-0.0421588,1.32548e+06,327.889,-0.00910376,-2.40565,-186.8,8.05714,141.089
71,50.7275,-80.7414,325.441,-0.0420223,1.32309e+06,327.88,-0.00906944,-2.43874,-186.783,8.05702,141.097
72,50.7379,-80.7527,325.399,-0.0398575,1.32069e+06,327.872,-0.00852839,-2.47223,-186.767,8.0569,141.105
73,50.7482,-80.764,325.359,-0.0449248,1.3183e+06,327.863,-0.00900295,-2.50309,-186.745,12.5168,141.117
74,50.7585,-80.7753,325.315,-0.0416235,1.3159e+06,327.854,-0.00896908,-2.53904,-186.728,8.05659,141.125
75,50.7689,-80.7866,325.273,-0.0414849,1.3135e+06,327.845,-0.00893424,-2.57173,-186.711,8.05646,141.133
76,50.7792,-80.7979,325.231,-0.0407425,1.31112e+06,327.836,-0.00874853,-2.60447,-186.694,8.05634,141.142
77,50.7896,-80.8093,325.191,-0.0443865,1.30872e+06,327.827,-0.0088669,-2.63634,-186.673,12.5185,141.154
78,50.7999,-80.8206,325.146,-0.0410783,1.30632e+06,327.818,-0.00883192,-2.6719,-186.656,8.05603,141.162
79,50.8102,-80.832,325.105,-0.0409376,1.30393e+06,327.809,-0.00879655,-2.70418,-186.639,8.05591,141.17
80,50.8205,-80.8434,325.064,-0.0408017,1.30153e+06,327.801,-0.00876237,-2.73635,-186.622,8.05578,141.178
81,50.8308,-80.8548,325.023,-0.0445646,1.29914e+06,327.792,-0.0089098,-2.76825,-186.601,12.5203,141.191
82,50.8411,-80.8662,324.979,-0.0391821,1.29675e+06,327.783,-0.00835732,-2.80445,-186.585,8.05547,141.199
83,50.8514,-80.8777,324.94,-0.0403796,1.29435e+06,327.775,-0.00865618,-2.83498,-186.568,8.05535,141.207
84,50.8617,-80.8891,324.899,-0.0409763,1.29195e+06,327.766,-0.00880498,-2.86655,-186.551,8.05522,141.215
85,50.872,-80.9006,324.858,-0.0432799,1.28956e+06,327.757,-0.0085873,-2.89894,-186.53,12.522,141.227
86,50.8823,-80.9121,324.815,-0.0406959,1.28716e+06,327.749,-0.00873442,-2.93349,-186.513,8.05491,141.235
87,50.8925,-80.9236,324.774,-0.0398156,1.28476e+06,327.74,-0.00851431,-2.96567,-186.497,8.05479,141.244
88,50.9028,-80.9351,324.735,-0.0404133,1.28237e+06,327.731,-0.00866332,-2.99682,-186.48,8.05466,141.252
89,50.9131,-80.9466,324.694,-0.0420941,1.27998e+06,327.723,-0.00828954,-3.02895,-186.459,12.5238,141.264
90,50.9233,-80.9581,324.652,-0.040129,1.27759e+06,327.715,-0.00859181,-3.06245,-186.442,8.05434,141.272
91,50.9336,-80.9697,324.612,-0.039241,1.27519e+06,327.706,-0.00836978,-3.09421,-186.426,8.05422,141.28
92,50.9439,-80.9812,324.573,-0.0398431,1.2728e+06,327.698,-0.0085199,-3.12493,-186.409,8.05409,141.288
93,50.9541,-80.9928,324.533,-0.0428814,1.2704e+06,327.689,-0.00848451,-3.15629,-186.388,12.5255,141.301
94,50.9643,-81.0044,324.49,-0.0395545,1.26801e+06,327.681,-0.00844728,-3.19072,-186.372,8.05378,141.309
95,50.9746,-81.016,324.45,-0.0394059,1.26561e+06,327.672,-0.00840991,-3.22187,-186.355,8.05365,141.317
96,50.9848,-81.0276,324.411,-0.0392623,1.26322e+06,327.664,-0.00837379,-3.2529,-186.339,8.05352,141.325
97,50.995,-81.0393,324.372,-0.0391181,1.26082e+06,327.656,-0.00833753,-3.28382,-186.323,8.0534,141.333
98,51.0052,-81.0509,324.333,-0.0421554,1.25843e+06,327.647,-0.00830114,-3.31464,-186.302,12.5276,141.346
99,51.0155,-81.0626,324.29,-0.0388226,1.25603e+06,327.639,-0.00826321,-3.34853,-186.285,8.05308,141.354
100,51.0257,-81.0742,324.252,-0.0386712,1.25364e+06,327.631,-0.00822514,-3.37913,-186.269,8.05295,141.362
101,51.0359,-81.0859,324.213,-0.0392859,1.25125e+06,327.622,-0.00837836,-3.40942,-186.253,8.05283,141.37
102,51.0461,-81.0976,324.174,-0.0415628,1.24885e+06,327.614,-0.00815148,-3.44056,-186.232,12.5293,141.382
103,51.0563,-81.1093,324.132,-0.0382239,1.24646e+06,327.606,-0.00811265,-3.47401,-186.216,8.0525,141.39
104,51.0665,-81.1211,324.094,-0.0388366,1.24407e+06,327.598,-0.00826534,-3.50397,-186.2,8.05238,141.398
105,51.0766,-81.1328,324.055,-0.037922,1.24167e+06,327.59,-0.00803675,-3.53477,-186.183,8.05225,141.406
106,51.0868,-81.1446,324.017,-0.0377715,1.23928e+06,327.582,-0.00799891,-3.56469,-186.167,8.05212,141.414
107,51.097,-81.1563,323.979,-0.0415809,1.23688e+06,327.574,-0.00815392,-3.59431,-186.147,12.5314,141.427
108,51.1072,-81.1681,323.938,-0.0374662,1.23449e+06,327.566,-0.00792216,-3.62797,-186.131,8.0518,141.435
109,51.1173,-81.1799,323.9,-0.0380835,1.2321e+06,327.558,-0.00807599,-3.65736,-186.115,8.05167,141.443
110,51.1275,-81.1917,323.862,-0.0379343,1.22971e+06,327.55,-0.00803847,-3.6874,-186.099,8.05154,141.451
111,51.1376,-81.2036,323.824,-0.0370042,1.22731e+06,327.542,-0.00780604,-3.71753,-186.083,8.05141,141.459
112,51.1478,-81.2154,323.787,-0.0390424,1.22491e+06,327.534,-0.00831452,-3.74622,-186.066,8.05128,141.467
113,51.1579,-81.2273,323.748,-0.0406711,1.22252e+06,327.526,-0.00792425,-3.77734,-186.046,12.5338,141.48
114,51.1681,-81.2391,323.708,-0.0347788,1.22013e+06,327.518,-0.00788372,-3.81012,-186.033,4.48303,141.484
115,51.1782,-81.251,323.673,-0.0363778,1.21773e+06,327.51,-0.00764861,-3.83725,-186.018,8.05088,141.492
116,51.1883,-81.2629,323.636,-0.0370143,1.21534e+06,327.502,-0.0078072,-3.86583,-186.002,8.05075,141.5
117,51.1985,-81.2748,323.599,-0.0368611,1.21295e+06,327.495,-0.00776871,-3.89507,-185.986,8.05063,141.508
118,51.2086,-81.2867,323.563,-0.0367059,1.21055e+06,327.487,-0.00772971,-3.9242,-185.97,8.0505,141.516
119,51.2187,-81.2986,323.526,-0.0411735,1.20815e+06,327.479,-0.00804715,-3.95286,-185.95,12.5361,141.529
120,51.2288,-81.3106,323.485,-0.0363879,1.20576e+06,327.471,-0.00764976,-3.98638,-185.934,8.05017,141.537
121,51.2389,-81.3225,323.448,-0.0370199,1.20337e+06,327.463,-0.0078072,-4.01497,-185.918,8.05004,141.545
122,51.249,-81.3345,323.411,-0.0360652,1.20098e+06,327.456,-0.0075687,-4.04442,-185.903,8.04991,141.553
123,51.2591,-81.3465,323.375,-0.0359056,1.19859e+06,327.448,-0.00752861,-4.07295,-185.887,8.04978,141.561
124,51.2692,-81.3585,323.339,-0.0357469,1.19619e+06,327.441,-0.00748874,-4.10137,-185.871,8.04965,141.569
125,51.2793,-81.3705,323.304,-0.0353001,1.1938e+06,327.433,-0.00800997,-4.12911,-185.859,4.4886,141.574
126,51.2894,-81.3825,323.268,-0.0386312,1.1914e+06,327.425,-0.00740981,-4.157,-185.839,12.5388,141.586
127,51.2994,-81.3945,323.23,-0.0352668,1.18901e+06,327.418,-0.00736814,-4.18826,-185.824,8.04924,141.594
128,51.3095,-81.4066,323.194,-0.0359107,1.18662e+06,327.41,-0.00752852,-4.216,-185.808,8.04911,141.602
129,51.3196,-81.4187,323.158,-0.036393,1.18422e+06,327.403,-0.00764856,-4.24426,-185.792,8.04898,141.61
130,51.3297,-81.4307,323.122,-0.0355894,1.18183e+06,327.395,-0.00744781,-4.27321,-185.777,8.04885,141.618
131,51.3397,-81.4428,323.086,-0.0346092,1.17944e+06,327.388,-0.007203,-4.30159,-185.762,8.04872,141.627
132,51.3498,-81.4549,323.052,-0.0352631,1.17705e+06,327.381,-0.00736586,-4.32884,-185.746,8.04858,141.635
133,51.3598,-81.467,323.017,-0.0332111,1.17465e+06,327.373,-0.00748595,-4.35661,-185.734,4.49266,141.639
134,51.3699,-81.4791,322.983,-0.0349418,1.17226e+06,327.366,-0.00728519,-4.38254,-185.719,8.04838,141.647
135,51.3799,-81.4913,322.948,-0.0347811,1.16987e+06,327.359,-0.00724481,-4.41024,-185.704,8.04825,141.655
136,51.3899,-81.5034,322.914,-0.034616,1.16748e+06,327.351,-0.00720337,-4.43781,-185.688,8.04812,141.663
137,51.4,-81.5156,322.879,-0.0350971,1.16508e+06,327.344,-0.00732311,-4.46511,-185.673,8.04798,141.671
138,51.41,-81.5278,322.844,-0.0317503,1.16269e+06,327.337,-0.00711989,-4.49308,-185.661,4.49493,141.676
139,51.42,-81.5399,322.812,-0.0341202,1.1603e+06,327.33,-0.00707892,-4.51776,-185.646,8.04778,141.684
140,51.43,-81.5521,322.778,-0.0354416,1.1579e+06,327.323,-0.00740821,-4.54447,-185.631,8.04764,141.692
141,51.44,-81.5643,322.743,-0.0337894,1.15551e+06,327.316,-0.00699587,-4.57291,-185.616,8.04751,141.7
142,51.45,-81.5766,322.709,-0.0336178,1.15312e+06,327.309,-0.0069528,-4.59975,-185.601,8.04738,141.708
143,51.46,-81.5888,322.675,-0.0324086,1.15073e+06,327.301,-0.00728242,-4.62608,-185.589,4.49721,141.712
144,51.47,-81.601,322.643,-0.0332832,1.14834e+06,327.294,-0.00686884,-4.65162,-185.574,8.04717,141.72
145,51.48,-81.6133,322.61,-0.0331147,1.14595e+06,327.288,-0.00682656,-4.67808,-185.559,8.04704,141.729
146,51.49,-81.6256,322.576,-0.0319126,1.14355e+06,327.28,-0.00715777,-4.70404,-185.547,4.49848,141.733
147,51.5,-81.6378,322.545,-0.0304169,1.14116e+06,327.274,-0.00695361,-4.729,-185.537,3.5482,141.737
148,51.51,-81.6501,322.514,-0.0315876,1.13876e+06,327.266,-0.00707618,-4.75234,-185.525,4.49898,141.741
149,51.52,-81.6624,322.483,-0.0324491,1.13637e+06,327.26,-0.00665961,-4.77727,-185.511,8.0467,141.749
150,51.5299,-81.6748,322.45,-0.0299232,1.13399e+06,327.253,-0.00683006,-4.80288,-185.5,3.54694,141.753
151,51.5399,-81.6871,322.42,-0.0310938,1.13159e+06,327.246,-0.00695217,-4.82586,-185.489,4.49998,141.757
152,51.5499,-81.6994,322.389,-0.0262027,1.1292e+06,327.239,-0.00653307,-4.85042,-185.482,0,141.757
153,51.5598,-81.7118,322.363,-0.0326452,1.12681e+06,327.233,-0.00670755,-4.86991,-185.468,8.04643,141.765
154,51.5698,-81.7241,322.33,-0.027399,1.12441e+06,327.226,-0.00683099,-4.89573,-185.461,0,141.765
155,51.5798,-81.7365,322.303,-0.0265755,1.12203e+06,327.219,-0.00662554,-4.9165,-185.454,0,141.765
156,51.5897,-81.7489,322.276,-0.0213372,1.11963e+06,327.213,-0.00675115,-4.93632,-185.455,-8.04656,141.757
157,51.5996,-81.7613,322.255,-0.0205343,1.11724e+06,327.206,-0.00655092,-4.95111,-185.457,-8.0467,141.749
158,51.6096,-81.7737,322.234,-0.0137843,1.11485e+06,327.2,-0.00629991,-4.96534,-185.467,-16.0939,141.733
159,51.6195,-81.7861,322.221,-0.0275614,1.11246e+06,327.193,-0.00687089,-4.97226,-185.46,0,141.733
160,51.6295,-81.7985,322.193,-0.380384,1.11007e+06,327.187,-0.00623599,-4.99358,-184.956,137.488,142.231
161,51.6394,-81.811,321.813,-1.46517,1.10767e+06,327.179,-0.00766004,-5.36631,-182.946,202.04,144.233
162,51.6492,-81.8237,320.347,-1.47131,1.10529e+06,327.17,-0.00879158,-6.82268,-180.941,196.366,146.229
163,51.6587,-81.8368,318.876,-1.47973,1.10292e+06,327.162,-0.00853742,-8.28545,-178.93,202.666,148.231
164,51.6681,-81.8504,317.396,-1.48339,1.10055e+06,327.153,-0.00910179,-9.75608,-176.922,198.814,150.23
165,51.6773,-81.8643,315.913,-1.48919,1.0982e+06,327.143,-0.00944154,-11.23,-174.913,200.21,152.231
166,51.6862,-81.8786,314.424,-0.363255,1.09586e+06,327.134,-0.00939062,-12.7098,-174.457,85.9153,152.676
167,51.6949,-81.8931,314.061,-0.0374961,1.09353e+06,327.126,-0.00780982,-13.0653,-174.442,7.71995,152.684
168,51.7037,-81.9077,314.023,-0.0362785,1.0912e+06,327.118,-0.00798088,-13.0948,-174.429,5.09091,152.689
169,51.7124,-81.9223,313.987,-0.0364119,1.08887e+06,327.11,-0.00754255,-13.1235,-174.413,7.7194,152.697
170,51.7212,-81.9369,313.95,-0.0358943,1.08654e+06,327.102,-0.00788506,-13.1521,-174.4,5.0915,152.702
171,51.7299,-81.9515,313.915,-0.0376214,1.0842e+06,327.095,-0.00783746,-13.1801,-174.385,7.71885,152.71
172,51.7386,-81.9662,313.877,-0.0339049,1.08188e+06,327.087,-0.00739595,-13.2103,-174.372,5.09208,152.715
173,51.7473,-81.9808,313.843,-0.038154,1.07954e+06,327.079,-0.00796643,-13.2363,-174.357,7.7183,152.723
174,51.756,-81.9955,313.805,-0.0351208,1.07721e+06,327.072,-0.00769223,-13.2667,-174.344,5.09267,152.728
175,51.7647,-82.0101,313.77,-0.0352254,1.07488e+06,327.064,-0.00724747,-13.2946,-174.329,7.71775,152.735
176,51.7734,-82.0248,313.734,-0.036641,1.07255e+06,327.057,-0.00759351,-13.3222,-174.314,7.71741,152.743
177,51.7821,-82.0395,313.698,-0.0354585,1.07022e+06,327.049,-0.00777249,-13.3511,-174.301,5.09361,152.748
178,51.7908,-82.0542,313.662,-0.0346195,1.06789e+06,327.042,-0.00709697,-13.3795,-174.286,7.71686,152.756
179,51.7995,-82.0689,313.628,-0.0350631,1.06556e+06,327.034,-0.00767405,-13.4064,-174.273,5.0942,152.761
180,51.8082,-82.0836,313.593,-0.0358439,1.06322e+06,327.027,-0.00739538,-13.4341,-174.258,7.71631,152.769
181,51.8168,-82.0984,313.557,-0.0330351,1.0609e+06,327.02,-0.00717593,-13.4628,-174.246,5.09478,152.774
182,51.8255,-82.1131,313.524,-0.0354387,1.05857e+06,327.012,-0.00729477,-13.4885,-174.231,7.71576,152.782
183,51.8342,-82.1279,313.488,-0.0342706,1.05624e+06,327.005,-0.00747687,-13.5165,-174.218,5.09537,152.787
184,51.8428,-82.1427,313.454,-0.0350339,1.0539e+06,326.998,-0.00719427,-13.5435,-174.203,7.7152,152.794
185,51.8515,-82.1575,313.419,-0.0322199,1.05158e+06,326.991,-0.00697342,-13.5716,-174.191,5.09596,152.799
186,51.8601,-82.1722,313.387,-0.0355789,1.04925e+06,326.983,-0.00732627,-13.5965,-174.176,7.71465,152.807
187,51.8687,-82.187,313.351,-0.032505,1.04691e+06,326.976,-0.00704173,-13.625,-174.164,5.09654,152.812
188,51.8774,-82.2019,313.319,-0.0335148,1.04459e+06,326.969,-0.00681983,-13.6507,-174.149,7.71409,152.82
189,51.886,-82.2167,313.285,-0.0330539,1.04226e+06,326.962,-0.00717457,-13.6771,-174.137,5.09713,152.825
190,51.8946,-82.2315,313.252,-0.0384918,1.03993e+06,326.955,-0.0071241,-13.703,-174.117,12.811,152.838
191,51.9032,-82.2464,313.214,-0.0345477,1.0376e+06,326.948,-0.00707048,-13.7344,-174.103,7.71298,152.846
192,51.9118,-82.2612,313.179,-0.0297717,1.03527e+06,326.942,-0.00636939,-13.7626,-174.091,5.0983,152.851
193,51.9204,-82.2761,313.149,-0.0341165,1.03294e+06,326.935,-0.00696373,-13.7854,-174.076,7.71243,152.858
194,51.929,-82.291,313.115,-0.0320005,1.03061e+06,326.928,-0.00691313,-13.8126,-174.064,5.09888,152.864
195,51.9376,-82.3059,313.083,-0.0337014,1.02828e+06,326.921,-0.0068609,-13.8377,-174.05,7.71187,152.871
196,51.9462,-82.3208,313.05,-0.0298941,1.02596e+06,326.915,-0.00639667,-13.865,-174.038,5.09947,152.876
197,51.9548,-82.3357,313.02,-0.0342628,1.02363e+06,326.908,-0.00699689,-13.8879,-174.024,7.71132,152.884
198,51.9634,-82.3506,312.985,-0.0311579,1.0213e+06,326.901,-0.00670431,-13.9155,-174.012,5.10005,152.889
199,51.9719,-82.3656,312.954,-0.0328525,1.01897e+06,326.894,-0.00665083,-13.94,-173.997,7.71076,152.897
200,51.9805,-82.3805,312.921,-0.0307275,1.01664e+06,326.888,-0.00659773,-13.9663,-173.986,5.10063,152.902
201,51.9891,-82.3955,312.891,-0.0307203,1.01432e+06,326.882,-0.00612848,-13.9909,-173.972,7.7102,152.91
202,51.9976,-82.4104,312.86,-0.0302967,1.01199e+06,326.875,-0.00649114,-14.0151,-173.96,5.10122,152.915
203,52.0062,-82.4254,312.83,-0.0329952,1.00966e+06,326.868,-0.00668329,-14.0387,-173.946,7.70965,152.922
204,52.0147,-82.4404,312.797,-0.029867,1.00733e+06,326.862,-0.0063848,-14.0653,-173.934,5.1018,152.928
205,52.0233,-82.4554,312.767,-0.0325627,1.005e+06,326.855,-0.00657639,-14.0886,-173.92,7.70909,152.935
206,52.0318,-82.4704,312.734,-0.0277077,1.00268e+06,326.85,-0.00585598,-14.1153,-173.909,5.10238,152.94
207,52.0403,-82.4854,312.707,-0.0311145,1.00035e+06,326.843,-0.00622144,-14.1368,-173.895,7.70853,152.948
208,52.0489,-82.5005,312.675,-0.0300055,998026,326.837,-0.0064161,-14.1615,-173.884,5.10297,152.953
209,52.0574,-82.5155,312.645,-0.0306767,995695,326.831,-0.00611337,-14.1854,-173.87,7.70797,152.961
210,52.0659,-82.5306,312.615,-0.0295659,993369,326.824,-0.00630745,-14.2097,-173.858,5.10355,152.966
211,52.0744,-82.5456,312.585,-0.0295152,991051,326.819,-0.00582863,-14.2335,-173.845,7.70741,152.974
212,52.0829,-82.5607,312.556,-0.0280966,988720,326.813,-0.00594743,-14.2571,-173.834,5.10413,152.979
213,52.0914,-82.5758,312.528,-0.0308112,986394,326.807,-0.00614407,-14.279,-173.82,7.70685,152.987
214,52.0999,-82.5909,312.497,-0.0286826,984068,326.8,-0.0060893,-14.3037,-173.809,5.10471,152.992
215,52.1084,-82.606,312.468,-0.0293276,981737,326.795,-0.00578075,-14.3266,-173.795,7.70629,152.999
216,52.1169,-82.6211,312.439,-0.0301374,979411,326.789,-0.00597793,-14.35,-173.782,7.70596,153.007
217,52.1254,-82.6362,312.409,-0.0280026,977085,326.783,-0.0059215,-14.3742,-173.771,5.10564,153.012
218,52.1339,-82.6513,312.381,-0.0279156,974767,326.777,-0.0054346,-14.3968,-173.758,7.7054,153.02
219,52.1424,-82.6665,312.353,-0.0275475,972440,326.772,-0.00580928,-14.4189,-173.747,5.10622,153.025
220,52.1508,-82.6816,312.325,-0.0292277,970114,326.766,-0.00575389,-14.4407,-173.733,7.70484,153.033
221,52.1593,-82.6968,312.296,-0.0260386,967784,326.76,-0.00543997,-14.4645,-173.723,5.10681,153.038
222,52.1677,-82.7119,312.27,-0.0287664,965458,326.755,-0.00564035,-14.4848,-173.709,7.70428,153.045
223,52.1762,-82.7271,312.241,-0.0266332,963131,326.749,-0.00558398,-14.508,-173.699,5.10739,153.051
224,52.1847,-82.7423,312.214,-0.0293685,960809,326.743,-0.00578629,-14.5289,-173.685,7.70371,153.058
225,52.1931,-82.7575,312.185,-0.0261686,958482,326.738,-0.00546953,-14.5528,-173.674,5.10797,153.063
226,52.2016,-82.7727,312.159,-0.0278354,956156,326.732,-0.00541133,-14.5735,-173.661,7.70315,153.071
227,52.21,-82.7879,312.131,-0.0256975,953830,326.727,-0.0053536,-14.596,-173.651,5.10855,153.076
228,52.2184,-82.8031,312.105,-0.0255607,951512,326.722,-0.00485564,-14.6169,-173.638,7.70259,153.084
229,52.2269,-82.8184,312.08,-0.0252265,949186,326.717,-0.00523773,-14.6372,-173.628,5.10913,153.089
230,52.2353,-82.8336,312.055,-0.0279787,946863,326.712,-0.00544453,-14.657,-173.615,7.70203,153.097
231,52.2437,-82.8489,312.027,-0.0247567,944537,326.706,-0.00512217,-14.6798,-173.605,5.10971,153.102
232,52.2521,-82.8641,312.002,-0.026417,942210,326.701,-0.00506284,-14.6995,-173.592,7.70146,153.11
233,52.2605,-82.8794,311.975,-0.0253681,939888,326.696,-0.00527026,-14.7207,-173.581,5.11029,153.115
234,52.2689,-82.8947,311.95,-0.0259371,937562,326.691,-0.00494504,-14.7411,-173.569,7.7009,153.122
235,52.2773,-82.91,311.924,-0.0248909,935239,326.686,-0.00515296,-14.7619,-173.559,5.11087,153.127
236,52.2857,-82.9253,311.899,-0.0254512,932913,326.681,-0.00482581,-14.7819,-173.546,7.70034,153.135
237,52.2941,-82.9406,311.874,-0.0244105,930590,326.676,-0.00503491,-14.8023,-173.536,5.11144,153.14
238,52.3025,-82.9559,311.849,-0.024962,928264,326.671,-0.00470581,-14.8221,-173.523,7.69977,153.148
239,52.3109,-82.9712,311.824,-0.0239268,925941,326.667,-0.00491611,-14.8421,-173.513,5.11202,153.153
240,52.3193,-82.9866,311.801,-0.0244694,923615,326.662,-0.00458504,-14.8614,-173.501,7.69921,153.161
241,52.3277,-83.0019,311.776,-0.0234398,921292,326.657,-0.00479655,-14.8811,-173.491,5.1126,153.166
242,52.3361,-83.0173,311.753,-0.0250955,918970,326.652,-0.00473689,-14.8998,-173.479,7.69864,153.174
243,52.3444,-83.0326,311.728,-0.02295,916647,326.648,-0.00467633,-14.9202,-173.469,5.11318,153.179
244,52.3528,-83.048,311.705,-0.0234716,914321,326.643,-0.00434055,-14.9388,-173.457,7.69808,153.186
245,52.3612,-83.0634,311.681,-0.0224534,911998,326.639,-0.00455453,-14.9578,-173.447,5.11376,153.192
246,52.3695,-83.0787,311.659,-0.0241047,909676,326.634,-0.00449411,-14.9757,-173.435,7.69751,153.199
247,52.3779,-83.0941,311.635,-0.0219569,907353,326.63,-0.00443277,-14.9954,-173.426,5.11434,153.204
248,52.3862,-83.1095,311.613,-0.0236029,905030,326.626,-0.00437124,-15.013,-173.414,7.69695,153.212
249,52.3946,-83.1249,311.589,-0.0214541,902708,326.621,-0.00430951,-15.0323,-173.404,5.11491,153.217
250,52.4029,-83.1404,311.568,-0.0230978,900385,326.617,-0.00424758,-15.0495,-173.392,7.69638,153.225
251,52.4113,-83.1558,311.544,-0.0209478,898062,326.613,-0.00418546,-15.0684,-173.383,5.11549,153.23
252,52.4196,-83.1712,311.523,-0.0188302,895740,326.609,-0.00412314,-15.0852,-173.376,2.58043,153.233
253,52.428,-83.1867,311.505,-0.0204478,893417,326.605,-0.0040631,-15.1,-173.367,5.11584,153.238
254,52.4363,-83.2021,311.484,-0.0202018,891094,326.601,-0.00400287,-15.1164,-173.358,5.11607,153.243
255,52.4446,-83.2176,311.464,-0.0218453,888771,326.597,-0.00394122,-15.1327,-173.346,7.69525,153.25
256,52.4529,-83.233,311.442,-0.0196922,886448,326.593,-0.00387811,-15.1507,-173.337,5.11664,153.256
257,52.4613,-83.2485,311.422,-0.0213282,884126,326.589,-0.0038148,-15.1665,-173.326,7.69468,153.263
258,52.4696,-83.264,311.401,-0.0203527,881806,326.585,-0.00403821,-15.1838,-173.317,5.11722,153.268
259,52.4779,-83.2795,311.381,-0.020808,879484,326.581,-0.00368767,-15.2005,-173.305,7.69411,153.276
260,52.4862,-83.295,311.36,-0.0186493,877161,326.578,-0.00362297,-15.2177,-173.296,5.1178,153.281
261,52.4945,-83.3105,311.341,-0.0214705,874841,326.574,-0.00384844,-15.2325,-173.285,7.69354,153.289
262,52.5028,-83.326,311.32,-0.0181245,872518,326.57,-0.00349463,-15.2505,-173.276,5.11837,153.294
263,52.5111,-83.3415,311.302,-0.0209476,870199,326.567,-0.00372069,-15.2649,-173.265,7.69297,153.302
264,52.5194,-83.3571,311.281,-0.0175929,867876,326.563,-0.00336466,-15.2824,-173.256,5.11895,153.307
265,52.5277,-83.3726,311.263,-0.0211806,865545,326.559,-0.00377692,-15.2963,-173.245,7.6924,153.315
266,52.536,-83.3881,311.242,-0.0182654,863225,326.556,-0.00352769,-15.3139,-173.236,5.11952,153.32
267,52.5443,-83.4037,311.224,-0.0198883,860906,326.552,-0.00346202,-15.3287,-173.225,7.69183,153.327
268,52.5526,-83.4192,311.204,-0.0165124,858583,326.549,-0.00310067,-15.3455,-173.217,5.1201,153.332
269,52.5609,-83.4348,311.187,-0.0193513,856263,326.546,-0.003331,-15.3587,-173.206,7.69126,153.34
270,52.5692,-83.4504,311.168,-0.01597,853940,326.543,-0.0029682,-15.3751,-173.198,5.12067,153.345
271,52.5774,-83.466,311.152,-0.0188143,851620,326.54,-0.0032,-15.3878,-173.187,7.69069,153.353
272,52.5857,-83.4815,311.133,-0.012889,849301,326.537,-0.00313466,-15.4035,-173.184,0,153.353
273,52.594,-83.4971,311.12,-0.018285,846981,326.534,-0.0030709,-15.4133,-173.173,7.69035,153.361
274,52.6023,-83.5127,311.102,-0.0181409,844653,326.53,-0.00349522,-15.4281,-173.164,5.12159,153.366
275,52.6105,-83.5283,311.084,-0.0146137,842330,326.528,-0.00263722,-15.4436,-173.157,5.12182,153.371
276,52.6188,-83.544,311.069,-0.0174719,840010,326.525,-0.00287268,-15.4554,-173.146,7.68955,153.379
277,52.627,-83.5596,311.052,-0.0153109,837690,326.522,-0.00280632,-15.47,-173.138,5.1224,153.384
278,52.6353,-83.5752,311.036,-0.0169228,835370,326.519,-0.00273886,-15.4826,-173.128,7.68898,153.391
279,52.6436,-83.5908,311.02,-0.0147571,833050,326.516,-0.0026712,-15.4969,-173.12,5.12297,153.397
280,52.6518,-83.6065,311.005,-0.0163665,830730,326.514,-0.00260331,-15.509,-173.11,7.68841,153.404
281,52.6601,-83.6221,310.988,-0.0141995,828410,326.511,-0.00253522,-15.5228,-173.102,5.12354,153.409
282,52.6683,-83.6378,310.974,-0.0178542,826082,326.508,-0.00296472,-15.5341,-173.091,7.68784,153.417
283,52.6766,-83.6534,310.956,-0.0136373,823762,326.506,-0.00239812,-15.5495,-173.084,5.12412,153.422
284,52.6848,-83.6691,310.943,-0.011464,821442,326.504,-0.00232789,-15.5608,-173.079,2.56326,153.425
285,52.693,-83.6848,310.931,-0.0143635,819125,326.501,-0.00257433,-15.5697,-173.071,5.12446,153.43
286,52.7013,-83.7005,310.917,-0.012805,816805,326.499,-0.00219533,-15.5819,-173.064,5.12469,153.435
287,52.7095,-83.7162,310.904,-0.0144077,814485,326.497,-0.00212638,-15.5926,-173.054,7.68669,153.443
288,52.7177,-83.7318,310.89,-0.0143151,812156,326.494,-0.00256199,-15.6044,-173.046,5.12526,153.448
289,52.726,-83.7475,310.875,-0.0151373,809839,326.492,-0.0023035,-15.6164,-173.036,7.68612,153.455
290,52.7342,-83.7633,310.86,-0.011655,807518,326.49,-0.00191516,-15.6297,-173.029,5.12584,153.461
291,52.7424,-83.779,310.849,-0.0132468,805198,326.488,-0.00184391,-15.6395,-173.02,7.68554,153.468
292,52.7507,-83.7947,310.835,-0.01239,802881,326.486,-0.00209344,-15.6506,-173.013,5.12641,153.473
293,52.7589,-83.8104,310.823,-0.014772,800552,326.484,-0.00221435,-15.6608,-173.003,7.68497,153.481
294,52.7671,-83.8261,310.808,-0.00803728,798235,326.482,-0.00195276,-15.6736,-173.001,0,153.481
295,52.7753,-83.8419,310.8,-0.0101992,795914,326.48,-0.00156073,-15.6801,-172.994,5.12698,153.486
296,52.7835,-83.8576,310.79,-0.0131374,793597,326.478,-0.00181697,-15.6885,-172.985,7.6844,153.494
297,52.7918,-83.8734,310.777,-0.00962544,791276,326.477,-0.00142107,-15.7002,-172.978,5.12755,153.499
298,52.8,-83.8891,310.767,-0.0146853,788950,326.475,-0.00219291,-15.7076,-172.968,7.68382,153.507
299,52.8082,-83.9049,310.753,-0.00902908,786629,326.474,-0.00127593,-15.721,-172.962,5.12812,153.512
300,52.8164,-83.9206,310.743,-0.0119562,784311,326.472,-0.00152982,-15.7285,-172.953,7.68325,153.52
301,52.8246,-83.9364,310.732,-0.00600443,781994,326.471,-0.0014585,-15.739,-172.951,0,153.52
302,52.8328,-83.9522,310.726,-0.0102868,779664,326.469,-0.00158116,-15.7435,-172.944,5.12869,153.525
303,52.841,-83.9679,310.715,-0.0110929,777346,326.468,-0.00131998,-15.7524,-172.935,7.68267,153.532
304,52.8492,-83.9837,310.704,-0.00890945,775028,326.466,-0.00124635,-15.7623,-172.929,5.12927,153.537
305,52.8574,-83.9995,310.695,-0.0104883,772710,326.465,-0.00117308,-15.77,-172.92,7.68209,153.545
306,52.8656,-84.0153,310.685,-0.0104838,770384,326.464,-0.0016285,-15.7789,-172.913,5.12984,153.55
307,52.8738,-84.0311,310.674,-0.00422277,768066,326.463,-0.00102554,-15.7883,-172.912,0,153.55
308,52.882,-84.0469,310.67,-0.00819561,765744,326.462,-0.000616191,-15.7919,-172.904,7.68152,153.558
309,52.8902,-84.0627,310.662,-0.00741509,763426,326.461,-0.000882964,-15.7992,-172.898,5.13041,153.563
310,52.8984,-84.0785,310.654,-0.011193,761099,326.46,-0.00134412,-15.8053,-172.889,7.68094,153.571
311,52.9066,-84.0944,310.643,-0.00302526,758781,326.459,-0.000734635,-15.8158,-172.888,0,153.571
312,52.9148,-84.1102,310.64,-0.00650181,756462,326.458,-0.000660972,-15.8181,-172.882,5.13098,153.576
313,52.923,-84.126,310.634,-0.00808907,754143,326.458,-0.000590323,-15.824,-172.874,7.68036,153.584
314,52.9312,-84.1419,310.626,-0.00954807,751820,326.456,-0.00140051,-15.8307,-172.868,5.13155,153.589
315,52.9393,-84.1577,310.616,-0.00368575,749501,326.456,-0.000439077,-15.8398,-172.865,2.54836,153.591
316,52.9475,-84.1735,310.612,-0.00527711,747182,326.456,-0.000363311,-15.8432,-172.859,5.13189,153.596
317,52.9557,-84.1894,310.607,-0.00721926,744855,326.455,-0.000834819,-15.8476,-172.853,5.13212,153.602
318,52.9639,-84.2052,310.6,-0.00654346,742536,326.454,-0.000215069,-15.8546,-172.845,7.67921,153.609
319,52.9721,-84.2211,310.593,-0.000562824,740216,326.454,-0.00013665,-15.861,-172.845,0,153.609
320,52.9803,-84.2369,310.593,-0.0077553,737892,326.453,-0.000964793,-15.8606,-172.839,5.13269,153.614
321,52.9884,-84.2528,310.585,-0.00561694,735573,326.453,9.83679e-06,-15.8684,-172.831,7.67863,153.622
322,52.9966,-84.2687,310.579,0.000371567,733253,326.453,9.02095e-05,-15.8741,-172.831,0,153.622
323,53.0048,-84.2846,310.58,-0.00457331,730937,326.453,-0.000192083,-15.8735,-172.826,5.13326,153.627
324,53.013,-84.3004,310.575,-0.00130704,728609,326.453,-0.00031732,-15.8778,-172.826,0,153.627
325,53.0212,-84.3163,310.574,-0.00584952,726293,326.453,-4.66992e-05,-15.879,-172.818,7.67805,153.635
326,53.0294,-84.3322,310.568,0.00160518,723973,326.453,0.000389691,-15.8853,-172.819,0,153.635
327,53.0375,-84.3481,310.57,-0.00416713,721644,326.453,-9.33454e-05,-15.8836,-172.813,5.13383,153.64
328,53.0457,-84.364,310.565,0.000730716,719328,326.453,0.000177395,-15.8879,-172.813,0,153.64
329,53.0539,-84.3799,310.566,-0.00311541,717007,326.454,0.000616979,-15.8878,-172.806,7.67747,153.648
330,53.0621,-84.3958,310.563,-0.000972823,714682,326.454,-0.000236168,-15.8907,-172.806,0,153.648
331,53.0702,-84.4117,310.562,0.0016623,712365,326.454,0.000403546,-15.8921,-172.807,0,153.648
332,53.0784,-84.4276,310.564,0.00348505,710044,326.455,0.000846048,-15.8913,-172.807,0,153.648
333,53.0866,-84.4435,310.567,-8.28814e-05,707718,326.455,-2.0121e-05,-15.8877,-172.807,0,153.648
334,53.0948,-84.4594,310.567,0.00974324,705397,326.456,0.000991946,-15.8888,-172.816,-7.67782,153.64
335,53.103,-84.4753,310.577,0.00284127,703080,326.457,0.000689792,-15.8798,-172.817,0,153.64
336,53.1111,-84.4912,310.58,0.0101894,700753,326.457,0.00018201,-15.8771,-172.83,-12.8117,153.627
337,53.1193,-84.5071,310.59,0.01437,698432,326.458,0.00119704,-15.8681,-172.844,-12.8117,153.614
338,53.1275,-84.523,310.604,0.0036235,696114,326.459,0.000879781,-15.8546,-172.845,0,153.614
339,53.1357,-84.5389,310.608,0.239196,693783,326.46,0.000743151,-15.8517,-173.166,-320.294,153.294
340,53.1439,-84.5548,310.847,1.48935,691458,326.463,0.00291252,-15.6155,-175.168,-199.076,151.295
341,53.1522,-84.5705,312.337,1.49068,689117,326.467,0.003976,-14.1301,-177.176,-204.145,149.291
342,53.1608,-84.5858,313.827,1.48023,686766,326.471,0.0045207,-12.6439,-179.177,-197.11,147.294
343,53.1697,-84.6008,315.307,1.47452,684397,326.476,0.00448237,-11.1682,-181.183,-200.682,145.293
344,53.1787,-84.6153,316.782,1.46905,682029,326.481,0.00562473,-9.69928,-183.187,-198.982,143.294
345,53.188,-84.6295,318.251,1.45683,679649,326.486,0.0052141,-8.23544,-185.19,-197.593,141.296
346,53.1975,-84.6433,319.708,1.45363,677259,326.493,0.00617969,-6.7848,-187.198,-202.067,139.294
347,53.2072,-84.6567,321.161,1.44371,674871,326.499,0.00599234,-5.33716,-189.209,-204.746,137.29
348,53.2171,-84.6696,322.605,1.42955,672478,326.505,0.00659654,-3.90004,-191.213,-197.958,135.292
349,53.2272,-84.6822,324.035,1.4205,670086,326.512,0.0068338,-2.47733,-193.222,-201.644,133.29
350,53.2374,-84.6943,325.455,1.40814,667700,326.52,0.00808872,-1.06492,-195.226,-195.821,131.294
351,53.2479,-84.706,326.863,0.764263,665318,326.527,0.00658764,0.336638,-196.309,-356.37,130.218
352,53.2584,-84.7174,327.628,0.0157923,662938,326.533,0.0060813,1.09482,-196.302,12.4491,130.23
353,53.2691,-84.7286,327.643,0.0153883,660554,326.539,0.00586507,1.10475,-196.297,11.7763,130.242
354,53.2797,-84.7399,327.659,0.0166376,658174,326.544,0.00554294,1.11459,-196.294,8.07502,130.25
355,53.2903,-84.7511,327.675,0.0163764,655803,326.55,0.00622715,1.125,-196.288,12.4474,130.263
356,53.3009,-84.7624,327.692,0.017262,653423,326.556,0.00569909,1.13568,-196.285,8.07526,130.271
357,53.3116,-84.7736,327.709,0.012033,651043,326.562,0.00577646,1.14717,-196.275,16.1509,130.287
358,53.3222,-84.7849,327.721,0.0179005,648663,326.568,0.0058588,1.15334,-196.273,8.07554,130.295
359,53.3328,-84.7961,327.739,0.0152343,646283,326.574,0.00594144,1.1653,-196.266,12.445,130.307
360,53.3435,-84.8074,327.754,0.0185528,643903,326.58,0.00602193,1.17451,-196.264,8.07578,130.315
361,53.3541,-84.8186,327.773,0.0133363,641523,326.586,0.00610267,1.18696,-196.254,16.1519,130.332
362,53.3648,-84.8298,327.786,0.0175441,639147,326.592,0.0057699,1.19453,-196.252,8.07606,130.34
363,53.3754,-84.8411,327.804,0.0165487,636767,326.598,0.00626977,1.2058,-196.246,12.4426,130.352
364,53.386,-84.8523,327.82,0.0198764,634387,326.604,0.00635297,1.216,-196.244,8.07629,130.36
365,53.3967,-84.8635,327.84,0.0185172,632011,326.61,0.00601323,1.22986,-196.242,8.07639,130.368
366,53.4073,-84.8747,327.859,0.012466,629622,326.616,0.00588563,1.24249,-196.232,16.1531,130.384
367,53.418,-84.886,327.871,0.0208678,627242,326.623,0.00660088,1.24836,-196.23,8.07666,130.392
368,53.4286,-84.8972,327.892,0.0165169,624866,326.629,0.00626153,1.26296,-196.224,12.4398,130.405
369,53.4393,-84.9084,327.908,0.0215498,622486,326.636,0.00677142,1.27271,-196.223,8.07689,130.413
370,53.4499,-84.9196,327.93,0.0146246,620110,326.642,0.00642558,1.28783,-196.213,16.1542,130.429
371,53.4606,-84.9308,327.945,0.0222331,617730,326.649,0.0069423,1.29552,-196.212,8.07717,130.437
372,53.4713,-84.942,327.967,0.0178556,615354,326.656,0.00659586,1.31115,-196.206,12.4374,130.45
373,53.4819,-84.9533,327.985,0.0211751,612978,326.662,0.00667791,1.32233,-196.205,8.0774,130.458
374,53.4926,-84.9645,328.006,0.0181345,610590,326.669,0.00655567,1.33695,-196.199,11.7963,130.47
375,53.5033,-84.9757,328.024,0.0188593,608214,326.676,0.00684653,1.34824,-196.194,12.4356,130.482
376,53.5139,-84.9868,328.043,0.022202,605838,326.683,0.00693465,1.36016,-196.193,8.07776,130.49
377,53.5246,-84.998,328.065,0.0195523,603462,326.69,0.0070196,1.37535,-196.187,12.4345,130.502
378,53.5353,-85.0092,328.085,0.0228826,601086,326.697,0.00710482,1.38779,-196.186,8.07799,130.511
379,53.546,-85.0204,328.108,0.016852,598698,326.704,0.00698309,1.40369,-196.177,16.1563,130.527
380,53.5566,-85.0316,328.124,0.0235812,596322,326.711,0.00727949,1.41327,-196.176,8.07825,130.535
381,53.5673,-85.0428,328.148,0.0209521,593946,326.718,0.00736915,1.42948,-196.171,12.4321,130.547
382,53.578,-85.0539,328.169,0.0242855,591570,326.726,0.00745556,1.44297,-196.171,8.07848,130.555
383,53.5887,-85.0651,328.193,0.0194168,589185,326.733,0.00687783,1.46038,-196.166,11.8048,130.567
384,53.5994,-85.0763,328.213,0.0201596,586813,326.74,0.00717082,1.47263,-196.16,12.4304,130.58
385,53.6101,-85.0874,328.233,0.0253515,584438,326.748,0.00772204,1.48507,-196.16,8.07883,130.588
386,53.6208,-85.0986,328.258,0.0200382,582053,326.755,0.00714032,1.50328,-196.155,12.4293,130.6
387,53.6315,-85.1098,328.278,0.0260638,579677,326.763,0.00790008,1.51541,-196.155,8.07905,130.608
388,53.6422,-85.1209,328.304,0.0208828,577302,326.771,0.00799118,1.53349,-196.146,16.1585,130.624
389,53.6529,-85.132,328.325,0.0222019,574921,326.778,0.00693491,1.54744,-196.145,8.07932,130.632
390,53.6636,-85.1432,328.347,0.0271617,572545,326.786,0.00817451,1.56146,-196.145,8.0794,130.64
391,53.6743,-85.1543,328.374,0.0199132,570165,326.793,0.00710863,1.58152,-196.14,12.4264,130.653
392,53.685,-85.1655,328.394,0.025322,567789,326.801,0.00835525,1.59307,-196.137,11.8132,130.665
393,53.6957,-85.1766,328.42,0.0252928,565414,326.81,0.00845293,1.60994,-196.133,12.4251,130.677
394,53.7064,-85.1877,328.445,0.0239626,563033,326.817,0.00737501,1.62786,-196.132,8.07988,130.685
395,53.7171,-85.1988,328.469,0.0240976,560661,326.825,0.008154,1.64367,-196.128,12.424,130.698
396,53.7278,-85.2099,328.493,0.0266113,558277,326.833,0.00803697,1.65973,-196.128,8.0801,130.706
397,53.7386,-85.221,328.52,0.0252537,555905,326.842,0.00833891,1.678,-196.124,11.8178,130.718
398,53.7493,-85.2321,328.545,0.0224018,553525,326.849,0.00772987,1.69553,-196.119,12.4222,130.73
399,53.76,-85.2432,328.567,0.0305338,551150,326.858,0.00901726,1.70891,-196.12,8.08044,130.738
400,53.7708,-85.2543,328.598,0.0231417,548769,326.866,0.00791458,1.73153,-196.116,12.4211,130.75
401,53.7815,-85.2654,328.621,0.0267384,546398,326.875,0.00871059,1.74596,-196.113,11.8217,130.762
402,53.7922,-85.2765,328.648,0.0268564,544017,326.883,0.00809818,1.7646,-196.113,8.08078,130.77
403,53.803,-85.2876,328.675,0.0270937,541646,326.892,0.00890187,1.78256,-196.109,12.4193,130.783
404,53.8137,-85.2986,328.702,0.0275916,539265,326.9,0.00828188,1.80137,-196.109,8.08099,130.791
405,53.8245,-85.3097,328.729,0.0278556,536894,326.909,0.00909202,1.81987,-196.106,12.4182,130.803
406,53.8352,-85.3208,328.757,0.0257623,534514,326.918,0.00846732,1.83926,-196.103,11.8262,130.815
407,53.846,-85.3318,328.783,0.0257365,532134,326.926,0.0085622,1.85646,-196.099,12.4168,130.828
408,53.8567,-85.3429,328.809,0.032018,529762,326.936,0.009388,1.8728,-196.1,8.08145,130.836
409,53.8675,-85.3539,328.841,0.0294897,527382,326.945,0.00875612,1.89607,-196.101,8.08154,130.844
410,53.8783,-85.3649,328.87,0.0242971,525002,326.953,0.00884531,1.91671,-196.094,16.1634,130.86
411,53.889,-85.376,328.894,0.0331893,522631,326.963,0.00968059,1.93133,-196.095,8.08178,130.868
412,53.8998,-85.387,328.928,0.0255687,520255,326.972,0.00851962,1.956,-196.091,12.4139,130.88
413,53.9106,-85.398,328.953,0.0310184,517875,326.981,0.00913802,1.97243,-196.092,8.08199,130.888
414,53.9213,-85.409,328.984,0.0343981,515504,326.991,0.00998249,1.99346,-196.094,8.08207,130.896
415,53.9321,-85.42,329.019,0.0241114,513128,327,0.00879895,2.01906,-196.087,16.1645,130.913
416,53.9429,-85.431,329.043,0.0321858,510748,327.009,0.00942961,2.03374,-196.088,8.08232,130.921
417,53.9537,-85.442,329.075,0.0326458,508377,327.019,0.0102873,2.05564,-196.086,12.411,130.933
418,53.9645,-85.453,329.108,0.0308322,506001,327.028,0.00909127,2.0792,-196.087,8.08252,130.941
419,53.9753,-85.4639,329.138,0.0286241,503625,327.038,0.00918395,2.10084,-196.084,11.838,130.953
420,53.9861,-85.4749,329.167,0.0308175,501246,327.047,0.00983,2.11964,-196.082,12.4092,130.965
421,53.9969,-85.4859,329.198,0.0350765,498879,327.058,0.0101517,2.1403,-196.084,8.08285,130.974
422,54.0077,-85.4968,329.233,0.0316428,496499,327.068,0.0100359,2.16535,-196.082,12.4081,130.986
423,54.0185,-85.5077,329.265,0.0327887,494123,327.077,0.00957986,2.18741,-196.083,8.08305,130.994
424,54.0293,-85.5187,329.297,0.0305996,491748,327.087,0.00967801,2.21052,-196.081,11.8426,131.006
425,54.0401,-85.5296,329.328,0.0306164,489372,327.097,0.00977889,2.23134,-196.078,12.4063,131.018
426,54.0509,-85.5405,329.359,0.0371337,487005,327.107,0.0106653,2.25129,-196.081,8.08337,131.026
427,54.0618,-85.5514,329.396,0.0337172,484626,327.118,0.0105533,2.27787,-196.079,12.4051,131.039
428,54.0726,-85.5624,329.429,0.0322226,482251,327.128,0.0100839,2.3015,-196.077,11.8464,131.051
429,54.0834,-85.5733,329.462,0.035221,479875,327.138,0.0101872,2.32354,-196.079,8.08368,131.059
430,54.0942,-85.5841,329.497,0.0326655,477500,327.148,0.0102899,2.34847,-196.077,12.4033,131.071
431,54.1051,-85.595,329.53,0.036048,475124,327.159,0.0103936,2.37074,-196.08,8.08388,131.079
432,54.1159,-85.6059,329.566,0.0334984,472749,327.169,0.0104976,2.39629,-196.078,12.4022,131.092
433,54.1268,-85.6168,329.599,0.0319459,470377,327.179,0.0100151,2.41978,-196.076,11.8509,131.103
434,54.1376,-85.6276,329.631,0.0373167,468002,327.19,0.0107103,2.44101,-196.078,8.08419,131.112
435,54.1485,-85.6385,329.668,0.034784,465627,327.201,0.0108182,2.46751,-196.077,12.4003,131.124
436,54.1593,-85.6493,329.703,0.0381723,463252,327.212,0.0109238,2.49137,-196.08,8.08439,131.132
437,54.1702,-85.6601,329.741,0.0356327,460877,327.223,0.0110298,2.51851,-196.078,12.3992,131.144
438,54.1811,-85.671,329.777,0.0340156,458506,327.233,0.0105323,2.54361,-196.077,11.8553,131.156
439,54.1919,-85.6818,329.811,0.0394653,456131,327.245,0.0112464,2.56638,-196.08,8.0847,131.164
440,54.2028,-85.6926,329.85,0.0344984,453760,327.255,0.0107457,2.5951,-196.079,12.3974,131.177
441,54.2137,-85.7034,329.885,0.0403372,451385,327.267,0.011464,2.61814,-196.082,8.08489,131.185
442,54.2246,-85.7142,329.925,0.0352287,449011,327.278,0.0115754,2.6469,-196.077,16.1701,131.201
443,54.2354,-85.7249,329.96,0.038745,446640,327.289,0.011066,2.67106,-196.08,8.08512,131.209
444,54.2463,-85.7357,329.999,0.0391812,444269,327.301,0.0111748,2.69863,-196.083,8.08519,131.217
445,54.2572,-85.7465,330.038,0.0391578,441894,327.312,0.0119084,2.7259,-196.083,12.3944,131.23
446,54.2681,-85.7572,330.078,0.04004,439524,327.324,0.011389,2.75367,-196.086,8.08538,131.238
447,54.279,-85.7679,330.118,0.0378698,437153,327.335,0.0114952,2.78222,-196.086,11.8632,131.25
448,54.2899,-85.7787,330.155,0.040509,434779,327.348,0.0122451,2.80784,-196.086,12.3925,131.262
449,54.3008,-85.7894,330.196,0.0413649,432408,327.359,0.0117195,2.83663,-196.089,8.08568,131.27
450,54.3118,-85.8001,330.237,0.0388365,430038,327.371,0.0118268,2.86617,-196.089,12.3914,131.282
451,54.3227,-85.8108,330.276,0.038745,427659,327.382,0.0110648,2.89394,-196.092,8.08587,131.29
452,54.3336,-85.8215,330.315,0.0400969,425288,327.394,0.0120513,2.92064,-196.092,11.8677,131.302
453,54.3445,-85.8322,330.355,0.040208,422918,327.406,0.0121685,2.94856,-196.092,12.3895,131.315
454,54.3555,-85.8428,330.395,0.0462928,420545,327.419,0.0129493,2.97582,-196.097,8.08617,131.323
455,54.3664,-85.8535,330.442,0.0384564,418178,327.431,0.0117304,3.01039,-196.096,12.3884,131.335
456,54.3773,-85.8641,330.48,0.0383427,415799,327.443,0.0116131,3.03723,-196.096,11.8715,131.347
457,54.3883,-85.8748,330.518,0.0450228,413429,327.455,0.0126315,3.06294,-196.1,8.08646,131.355
458,54.3992,-85.8854,330.563,0.0425476,411060,327.468,0.0127512,3.09521,-196.101,12.3865,131.368
459,54.4102,-85.896,330.606,0.0459644,408690,327.481,0.0128662,3.12489,-196.105,8.08664,131.376
460,54.4212,-85.9066,330.652,0.0427714,406311,327.493,0.0120685,3.15879,-196.109,8.08671,131.384
461,54.4321,-85.9172,330.695,0.0413201,403942,327.506,0.0130939,3.18847,-196.106,16.1737,131.4
462,54.4431,-85.9278,330.736,0.0445881,401576,327.519,0.0125218,3.21727,-196.111,8.08693,131.408
463,54.4541,-85.9383,330.781,0.0449178,399207,327.532,0.0133413,3.24851,-196.112,12.3835,131.42
464,54.465,-85.9489,330.825,0.0446276,396829,327.545,0.0125311,3.2809,-196.116,8.08711,131.428
465,54.476,-85.9594,330.87,0.0459848,394463,327.557,0.0128697,3.31266,-196.121,8.08718,131.437
466,54.487,-85.9699,330.916,0.0437574,392094,327.571,0.0137013,3.34494,-196.118,16.1746,131.453
467,54.498,-85.9805,330.96,0.0431468,389720,327.583,0.0121606,3.37654,-196.122,8.08739,131.461
468,54.509,-85.991,331.003,0.0503296,387351,327.597,0.0139537,3.40573,-196.128,8.08746,131.469
469,54.52,-86.0015,331.053,0.0411223,384977,327.61,0.0123913,3.44367,-196.128,12.38,131.481
470,54.531,-86.012,331.094,0.0483726,382612,327.623,0.0134645,3.47133,-196.134,8.08764,131.489
471,54.542,-86.0224,331.143,0.0492418,380243,327.637,0.0143327,3.50537,-196.136,11.8844,131.501
472,54.553,-86.0329,331.192,0.0425211,377870,327.65,0.0127394,3.54187,-196.137,12.3781,131.514
473,54.5641,-86.0433,331.235,0.0498562,375505,327.664,0.0138339,3.57056,-196.142,8.08792,131.522
474,54.5751,-86.0538,331.284,0.0465173,373128,327.678,0.0137361,3.60668,-196.144,12.377,131.534
475,54.5861,-86.0642,331.331,0.0482576,370763,327.692,0.0140863,3.63911,-196.146,11.8881,131.546
476,54.5972,-86.0746,331.379,0.0474058,368390,327.705,0.0132212,3.67414,-196.151,8.0882,131.554
477,54.6082,-86.085,331.427,0.0489404,366025,327.719,0.0143396,3.70721,-196.153,12.3751,131.566
478,54.6192,-86.0953,331.476,0.0524138,363661,327.734,0.0144705,3.74168,-196.159,8.08837,131.575
479,54.6303,-86.1057,331.528,0.0488625,361288,327.747,0.0135837,3.78051,-196.165,8.08844,131.583
480,54.6414,-86.1161,331.577,0.0478384,358924,327.762,0.0147159,3.81466,-196.163,16.1771,131.599
481,54.6524,-86.1264,331.625,0.0498537,356552,327.776,0.0138304,3.84866,-196.169,8.08864,131.607
482,54.6635,-86.1367,331.674,0.0503612,354179,327.79,0.0139566,3.88456,-196.175,8.08871,131.615
483,54.6746,-86.147,331.725,0.0520618,351815,327.805,0.0151156,3.91981,-196.178,12.3716,131.627
484,54.6856,-86.1573,331.777,0.0513758,349443,327.819,0.014209,3.95766,-196.184,8.08888,131.635
485,54.6967,-86.1676,331.828,0.0472237,347083,327.834,0.0145606,3.99447,-196.182,16.178,131.652
486,54.7078,-86.1779,331.876,0.0524098,344711,327.848,0.0144662,4.02723,-196.189,8.08908,131.66
487,54.7189,-86.1881,331.928,0.0572003,342348,327.864,0.0156611,4.06398,-196.196,8.08915,131.668
488,54.73,-86.1984,331.985,0.0471579,339979,327.878,0.0138891,4.10729,-196.198,12.3685,131.68
489,54.7411,-86.2086,332.032,0.0539564,337607,327.893,0.0148507,4.1396,-196.204,8.08932,131.688
490,54.7522,-86.2188,332.086,0.0562247,335245,327.909,0.0160702,4.17749,-196.209,11.9009,131.7
491,54.7633,-86.229,332.142,0.0486746,332877,327.923,0.0142658,4.21944,-196.211,12.3666,131.713
492,54.7745,-86.2392,332.191,0.0555762,330505,327.938,0.0152534,4.25287,-196.218,8.08958,131.721
493,54.7856,-86.2493,332.247,0.0570712,328147,327.954,0.0156258,4.29282,-196.225,8.08964,131.729
494,54.7967,-86.2595,332.304,0.0537227,325775,327.969,0.0155234,4.33436,-196.228,12.3649,131.741
495,54.8079,-86.2696,332.358,0.0510382,323408,327.984,0.0147744,4.37331,-196.231,11.9053,131.753
496,54.819,-86.2797,332.409,0.0587031,321050,328,0.0160312,4.40832,-196.239,8.0899,131.761
497,54.8302,-86.2898,332.467,0.0554104,318679,328.016,0.0159424,4.45108,-196.243,12.363,131.773
498,54.8413,-86.2999,332.523,0.0552706,316312,328.031,0.0151738,4.49132,-196.25,8.09007,131.782
499,54.8525,-86.31,332.578,0.0558001,313945,328.047,0.0153053,4.53128,-196.257,8.09013,131.79
500,54.8636,-86.32,332.634,0.0553888,311587,328.063,0.0165902,4.57049,-196.257,16.1805,131.806
501,54.8748,-86.3301,332.689,0.0569163,309220,328.079,0.0155825,4.6103,-196.265,8.09032,131.814
502,54.886,-86.3401,332.746,0.057467,306854,328.095,0.0157192,4.6515,-196.273,8.09039,131.822
503,54.8972,-86.3501,332.804,0.058854,304484,328.111,0.0167968,4.69217,-196.277,12.3595,131.834
504,54.9084,-86.3601,332.862,0.0633283,302127,328.129,0.0171795,4.73384,-196.286,8.09055,131.842
505,54.9196,-86.3701,332.926,0.0564868,299761,328.145,0.0161286,4.78104,-196.29,11.9136,131.854
506,54.9308,-86.38,332.982,0.0567142,297395,328.161,0.0162608,4.82127,-196.294,12.3575,131.867
507,54.942,-86.39,333.039,0.0563438,295033,328.176,0.0154358,4.86254,-196.302,8.0908,131.875
508,54.9532,-86.3999,333.095,0.0608389,292667,328.193,0.0165559,4.90233,-196.31,8.09086,131.883
509,54.9644,-86.4098,333.156,0.0584995,290302,328.21,0.0167035,4.94647,-196.314,12.3559,131.895
510,54.9756,-86.4197,333.215,0.0593898,287937,328.226,0.0168496,4.98812,-196.319,11.918,131.907
511,54.9868,-86.4295,333.274,0.0676292,285581,328.245,0.0182463,5.02926,-196.329,8.09111,131.915
512,54.9981,-86.4394,333.342,0.056203,283219,328.261,0.0161284,5.08076,-196.333,12.3539,131.928
513,55.0093,-86.4492,333.398,0.063774,280855,328.278,0.0172836,5.11968,-196.342,8.09126,131.936
514,55.0206,-86.459,333.462,0.0644129,278490,328.296,0.017442,5.16601,-196.352,8.09132,131.944
515,55.0318,-86.4688,333.526,0.0552209,276129,328.312,0.0165381,5.21389,-196.352,16.1829,131.96
516,55.0431,-86.4786,333.581,0.0656209,273765,328.33,0.0177414,5.25137,-196.362,8.0915,131.968
517,55.0544,-86.4883,333.647,0.0620202,271405,328.347,0.0168431,5.30014,-196.371,8.09156,131.976
518,55.0656,-86.4981,333.709,0.0639512,269041,328.365,0.0180539,5.34411,-196.376,12.3503,131.988
519,55.0769,-86.5078,333.773,0.0631814,266681,328.382,0.0171307,5.39093,-196.385,8.09172,131.997
520,55.0882,-86.5175,333.836,0.0655202,264317,328.4,0.0183702,5.43574,-196.392,11.9263,132.009
521,55.0995,-86.5272,333.901,0.0614491,261958,328.418,0.0174273,5.48384,-196.397,12.3484,132.021
522,55.1108,-86.5368,333.963,0.0649892,259598,328.435,0.0175783,5.52771,-196.406,8.09196,132.029
523,55.1221,-86.5465,334.028,0.0656205,257239,328.453,0.0177346,5.57496,-196.416,8.09201,132.037
524,55.1334,-86.5561,334.094,0.0678696,254876,328.472,0.0190235,5.62156,-196.423,12.3467,132.049
525,55.1447,-86.5657,334.161,0.0642166,252517,328.49,0.0180411,5.67139,-196.429,11.9306,132.061
526,55.156,-86.5753,334.226,0.0674797,250158,328.508,0.0181946,5.71741,-196.439,8.09225,132.069
527,55.1674,-86.5848,334.293,0.0651927,247800,328.527,0.0183532,5.76654,-196.445,12.3448,132.082
528,55.1787,-86.5944,334.358,0.0687682,245442,328.545,0.0185133,5.81321,-196.455,8.0924,132.09
529,55.19,-86.6039,334.427,0.0694193,243083,328.564,0.0186743,5.86331,-196.466,8.09246,132.098
530,55.2014,-86.6134,334.497,0.0586484,240716,328.581,0.0173788,5.91535,-196.467,16.1851,132.114
531,55.2127,-86.6229,334.555,0.0707406,238358,328.6,0.0190011,5.955,-196.478,8.09263,132.122
532,55.2241,-86.6323,334.626,0.071498,236001,328.619,0.0191884,6.00655,-196.489,8.09269,132.13
533,55.2355,-86.6418,334.697,0.0692042,233644,328.639,0.0193445,6.0587,-196.496,12.3411,132.143
534,55.2468,-86.6512,334.767,0.0727977,231287,328.658,0.0195094,6.1084,-196.507,8.09283,132.151
535,55.2582,-86.6606,334.839,0.0734694,228930,328.678,0.0196752,6.16152,-196.519,8.09289,132.159
536,55.2696,-86.67,334.913,0.0572006,226567,328.695,0.0170121,6.21798,-196.52,16.186,132.175
537,55.281,-86.6793,334.97,0.0748376,224211,328.715,0.0200132,6.25516,-196.532,8.09306,132.183
538,55.2924,-86.6886,335.045,0.0756891,221855,328.735,0.0202236,6.30978,-196.544,8.09311,132.191
539,55.3038,-86.6979,335.121,0.0680542,219502,328.754,0.0190498,6.36642,-196.551,12.3375,132.204
540,55.3152,-86.7072,335.189,0.0770342,217147,328.775,0.0205554,6.41392,-196.563,8.09325,132.212
541,55.3266,-86.7165,335.266,0.0686856,214782,328.794,0.0191367,6.47181,-196.57,11.9438,132.224
542,55.3381,-86.7257,335.334,0.0729519,212430,328.813,0.0195367,6.52096,-196.582,8.09339,132.232
543,55.3495,-86.7349,335.407,0.0763658,210076,328.835,0.0211116,6.5728,-196.59,12.335,132.244
544,55.3609,-86.7441,335.484,0.0743796,207724,328.854,0.0198888,6.62928,-196.602,8.09353,132.252
545,55.3724,-86.7533,335.558,0.0740533,205361,328.874,0.0198061,6.68385,-196.614,8.09358,132.26
546,55.3838,-86.7625,335.632,0.0701415,203010,328.894,0.020219,6.73769,-196.618,16.1874,132.276
547,55.3953,-86.7716,335.702,0.0764944,200659,328.915,0.0204102,6.78742,-196.63,8.09375,132.284
548,55.4067,-86.7807,335.779,0.0703165,198300,328.934,0.0188722,6.84504,-196.641,8.0938,132.293
549,55.4182,-86.7898,335.849,0.0811029,195947,328.956,0.0222791,6.89308,-196.651,12.3313,132.305
550,55.4297,-86.7988,335.93,0.0788059,193597,328.977,0.0209798,6.9532,-196.664,8.09394,132.313
551,55.4412,-86.8078,336.009,0.0696251,191238,328.996,0.0193568,7.01265,-196.671,11.9519,132.325
552,55.4527,-86.8168,336.079,0.0773093,188889,329.018,0.0213302,7.06095,-196.68,12.3294,132.337
553,55.4642,-86.8258,336.156,0.073776,186531,329.037,0.0197243,7.11853,-196.692,8.09415,132.345
554,55.4757,-86.8348,336.23,0.0819045,184182,329.059,0.0217429,7.17056,-196.706,8.0942,132.353
555,55.4872,-86.8437,336.312,0.0827323,181834,329.081,0.0219465,7.23052,-196.72,8.09426,132.362
556,55.4987,-86.8526,336.394,0.0729219,179476,329.101,0.020232,7.29302,-196.727,12.3271,132.374
557,55.5102,-86.8615,336.467,0.0815842,177129,329.124,0.0223192,7.34362,-196.738,11.9568,132.386
558,55.5218,-86.8703,336.549,0.0773784,174772,329.144,0.0206104,7.4046,-196.75,8.09447,132.394
559,55.5333,-86.8792,336.626,0.0830665,172425,329.167,0.0227464,7.45923,-196.761,12.3252,132.406
560,55.5449,-86.888,336.709,0.0788896,170069,329.188,0.0209818,7.52131,-196.774,8.0946,132.414
561,55.5564,-86.8968,336.788,0.08771,167722,329.211,0.0231705,7.57703,-196.789,8.09465,132.422
562,55.568,-86.9055,336.876,0.0675587,165370,329.231,0.0195507,7.64519,-196.792,16.1895,132.439
563,55.5796,-86.9142,336.943,0.0894685,163024,329.254,0.0236028,7.68915,-196.808,8.0948,132.447
564,55.5911,-86.9229,337.033,0.0821405,160669,329.276,0.0217807,7.75684,-196.821,8.09485,132.455
565,55.6027,-86.9316,337.115,0.0838041,158327,329.298,0.0221915,7.81679,-196.835,8.0949,132.463
566,55.6143,-86.9402,337.199,0.0806996,155973,329.32,0.0221425,7.87845,-196.845,12.3209,132.475
567,55.6259,-86.9489,337.28,0.0906026,153628,329.345,0.0245373,7.93461,-196.858,11.965,132.487
568,55.6375,-86.9574,337.37,0.0774414,151278,329.366,0.0206052,8.00461,-196.87,8.09511,132.495
569,55.6491,-86.966,337.448,0.0922586,148934,329.391,0.0250037,8.05704,-196.883,12.319,132.508
570,55.6607,-86.9745,337.54,0.078926,146584,329.412,0.0209691,8.12833,-196.896,8.09523,132.516
571,55.6724,-86.983,337.619,0.0795376,144235,329.433,0.0211187,8.18614,-196.909,8.09528,132.524
572,55.684,-86.9915,337.698,0.0954664,141892,329.458,0.0257911,8.23989,-196.922,12.3172,132.536
573,55.6956,-87,337.794,0.078643,139543,329.48,0.0215556,8.3138,-196.932,11.9698,132.548
574,55.7073,-87.0084,337.872,0.0917566,137204,329.504,0.024142,8.3683,-196.948,8.09548,132.556
575,55.7189,-87.0168,337.964,0.0918418,134853,329.528,0.0241601,8.4359,-196.964,8.09553,132.564
576,55.7306,-87.0251,338.056,0.0806793,132505,329.55,0.0221121,8.50563,-196.974,12.3147,132.577
577,55.7423,-87.0335,338.137,0.094667,130168,329.575,0.0248548,8.56145,-196.991,8.09565,132.585
578,55.7539,-87.0418,338.231,0.0826612,127821,329.598,0.0225397,8.63358,-197.001,11.9737,132.597
579,55.7656,-87.0501,338.314,0.0832033,125474,329.621,0.0227296,8.69351,-197.012,12.3127,132.609
580,55.7773,-87.0583,338.397,0.0980193,123137,329.646,0.0256766,8.75104,-197.029,8.09584,132.617
581,55.789,-87.0665,338.495,0.088169,120791,329.669,0.0232322,8.82582,-197.044,8.09589,132.625
582,55.8007,-87.0747,338.583,0.088887,118446,329.693,0.0234072,8.89059,-197.06,8.09594,132.633
583,55.8124,-87.0829,338.672,0.0869447,116101,329.716,0.0236447,8.95583,-197.071,12.3104,132.646
584,55.8241,-87.091,338.759,0.0999038,113766,329.743,0.0267947,9.01598,-197.086,11.9785,132.658
585,55.8359,-87.0991,338.859,0.091993,111422,329.767,0.024167,9.09171,-197.102,8.09612,132.666
586,55.8476,-87.1071,338.951,0.0898606,109078,329.792,0.024357,9.15935,-197.114,12.3084,132.678
587,55.8593,-87.1152,339.041,0.0824549,106737,329.814,0.0217991,9.22741,-197.128,8.09624,132.686
588,55.8711,-87.1232,339.123,0.107659,104404,329.842,0.0280357,9.28183,-197.147,8.09629,132.694
589,55.8829,-87.1311,339.231,0.0935825,102061,329.867,0.0252123,9.36428,-197.161,11.9824,132.706
590,55.8946,-87.1391,339.325,0.0941324,99719,329.892,0.0254003,9.43246,-197.174,12.3059,132.718
591,55.9064,-87.147,339.419,0.0857143,97380.4,329.915,0.0225932,9.504,-197.188,8.09647,132.727
592,55.9182,-87.1549,339.505,0.0994424,95039,329.941,0.0259865,9.56373,-197.206,8.09651,132.735
593,55.9299,-87.1627,339.604,0.0877054,92701.2,329.964,0.0230792,9.64009,-197.221,8.09656,132.743
594,55.9417,-87.1705,339.692,0.113662,90370.2,329.994,0.0302158,9.69758,-197.239,12.3036,132.755
595,55.9535,-87.1783,339.805,0.0869481,88033.3,330.018,0.0235506,9.78769,-197.251,11.9872,132.767
596,55.9653,-87.186,339.892,0.104431,85693.7,330.045,0.027204,9.84744,-197.27,8.09674,132.775
597,55.9772,-87.1937,339.997,0.0884678,83357.6,330.069,0.0239731,9.92789,-197.281,12.3016,132.787
598,55.989,-87.2014,340.085,0.0922476,81022.1,330.093,0.0241843,9.99218,-197.297,8.09685,132.796
599,56.0008,-87.209,340.177,0.109215,78683.8,330.121,0.0283736,10.0561,-197.318,8.09689,132.804
600,56.0126,-87.2167,340.287,0.0921372,76349.1,330.146,0.0248154,10.1405,-197.331,11.991,132.816
601,56.0245,-87.2242,340.379,0.0927526,74014.9,330.171,0.0250165,10.2076,-197.343,12.2991,132.828
602,56.0363,-87.2318,340.472,0.114364,71678,330.201,0.0296317,10.2707,-197.365,8.09707,132.836
603,56.0482,-87.2393,340.586,0.0985845,69344.7,330.227,0.0257291,10.3593,-197.382,8.09711,132.844
604,56.0601,-87.2467,340.685,0.0992562,67011.9,330.252,0.0258906,10.432,-197.4,8.09715,132.852
605,56.0719,-87.2542,340.784,0.0977213,64679.6,330.279,0.026226,10.5051,-197.414,12.2968,132.865
606,56.0838,-87.2616,340.881,0.0994869,62347.8,330.305,0.026606,10.5762,-197.429,11.9958,132.877
607,56.0957,-87.2689,340.981,0.103907,60016.5,330.332,0.0270252,10.6486,-197.448,8.09732,132.885
608,56.1076,-87.2763,341.085,0.102615,57685.6,330.36,0.0274196,10.7251,-197.463,12.2948,132.897
609,56.1195,-87.2836,341.187,0.10718,55355.3,330.388,0.0278227,10.7999,-197.483,8.09743,132.905
610,56.1314,-87.2908,341.295,0.108869,53025.5,330.416,0.028234,10.8789,-197.503,8.09747,132.913
611,56.1433,-87.298,341.404,0.110436,50696.2,330.444,0.0286148,10.9591,-197.523,8.09751,132.921
612,56.1552,-87.3052,341.514,0.0807645,48370.6,330.467,0.0226797,11.0469,-197.53,16.1952,132.937
613,56.1672,-87.3124,341.595,0.114209,46042.3,330.497,0.0295352,11.0981,-197.551,8.09764,132.945
614,56.1791,-87.3195,341.709,0.117877,43714.6,330.527,0.0304329,11.1819,-197.574,8.09768,132.954
615,56.191,-87.3265,341.827,0.119667,41387.4,330.558,0.0308672,11.2689,-197.596,8.09772,132.962
616,56.203,-87.3336,341.946,0.0866018,39063.9,330.581,0.0234326,11.3651,-197.607,12.2899,132.974
617,56.215,-87.3406,342.033,0.086094,36728.3,330.605,0.0232551,11.4285,-197.619,12.0044,132.986
618,56.2269,-87.3475,342.119,0.129012,34402.7,330.638,0.0331516,11.4814,-197.644,8.09788,132.994
619,56.2389,-87.3544,342.248,0.0954237,32080.7,330.663,0.0248745,11.5855,-197.66,8.09792,133.002
620,56.2509,-87.3613,342.344,0.133954,29756.3,330.698,0.0350701,11.6459,-197.683,12.2873,133.014
621,56.2629,-87.3682,342.478,0.09734,27435.5,330.723,0.0253351,11.7545,-197.701,8.09802,133.023
622,56.2749,-87.375,342.575,0.0962736,25115.4,330.748,0.025068,11.8268,-197.717,8.09806,133.031
623,56.2869,-87.3817,342.671,0.0957869,22783,330.774,0.0256124,11.8974,-197.731,12.0088,133.043
624,56.2989,-87.3885,342.767,0.100944,20463.8,330.801,0.0269231,11.9663,-197.746,12.2848,133.055
625,56.3109,-87.3952,342.868,0.178282,18142.2,330.846,0.045218,12.022,-197.783,8.09822,133.063
626,56.3229,-87.4018,343.046,0.112567,15824.4,330.875,0.0290492,12.1713,-197.804,8.09826,133.071
627,56.335,-87.4084,343.159,0.103245,13507.3,330.902,0.026752,12.2571,-197.822,8.09829,133.079
628,56.347,-87.415,343.262,-0.00934659,11181,330.901,-0.000195432,12.3605,-197.81,12.2825,133.092
629,56.359,-87.4215,343.253,0.118912,8864.81,330.933,0.0312657,12.3199,-197.829,12.0135,133.104
630,56.3711,-87.428,343.372,0.377711,6545.9,331.027,0.0941648,12.3447,-197.915,8.09845,133.112
631,56.3831,-87.4344,343.749,0.204925,4231.34,331.079,0.0516739,12.6707,-197.959,8.09848,133.12
631.01,56.3833,-87.4345,343.954,0.204925,4208.11,331.078,0.0516739,12.6707,-197.959,8.09848,133.12
631.02,56.3834,-87.4346,343.954,0.204925,4184.88,331.077,0.0516739,12.6707,-197.959,8.09848,133.12
631.03,56.3835,-87.4346,343.954,0.204925,4161.65,331.076,0.0516739,12.6707,-197.959,8.09848,133.12
631.04,56.3836,-87.4347,343.954,0.204925,4138.43,331.075,0.0516739,12.6707,-197.959,8.09848,133.12
631.05,56.3837,-87.4348,343.954,0.204925,4115.2,331.074,0.0516739,12.6707,-197.959,8.09848,133.12
631.06,56.3839,-87.4348,343.954,0.204925,4091.97,331.073,0.0516739,12.6707,-197.959,8.09848,133.12
631.07,56.384,-87.4349,343.954,0.204925,4068.74,331.073,0.0516739,12.6707,-197.959,8.09848,133.12
631.08,56.3841,-87.435,343.954,0.204925,4045.52,331.072,0.0516739,12.6707,-197.959,8.09848,133.12
631.09,56.3842,-87.435,343.954,0.204925,4022.29,331.071,0.0516739,12.6707,-197.959,8.09848,133.12
631.1,56.3844,-87.4351,343.954,0.204925,3999.06,331.07,0.0516739,12.6707,-197.959,8.09848,133.12
631.11,56.3845,-87.4351,343.954,0.204925,3975.83,331.069,0.0516739,12.6707,-197.959,8.09848,133.12
631.12,56.3846,-87.4352,343.954,0.204925,3952.61,331.068,0.0516739,12.6707,-197.959,8.09848,133.12
631.13,56.3847,-87.4353,343.954,0.204925,3929.38,331.067,0.0516739,12.6707,-197.959,8.09848,133.12
631.14,56.3848,-87.4353,343.954,0.204925,3906.15,331.066,0.0516739,12.6707,-197.959,8.09848,133.12
631.15,56.385,-87.4354,343.954,0.204925,3882.92,331.065,0.0516739,12.6707,-197.959,8.09848,133.12
631.16,56.3851,-87.4355,343.954,0.204925,3859.7,331.064,0.0516739,12.6707,-197.959,8.09848,133.12
631.17,56.3852,-87.4355,343.954,0.204925,3836.47,331.063,0.0516739,12.6707,-197.959,8.09848,133.12
631.18,56.3853,-87.4356,343.954,0.204925,3813.24,331.062,0.0516739,12.6707,-197.959,8.09848,133.12
631.19,56.3854,-87.4356,343.954,0.204925,3790.01,331.061,0.0516739,12.6707,-197.959,8.09848,133.12
631.2,56.3856,-87.4357,343.954,0.204925,3766.79,331.06,0.0516739,12.6707,-197.959,8.09848,133.12
631.21,56.3857,-87.4358,343.954,0.204925,3743.56,331.059,0.0516739,12.6707,-197.959,8.09848,133.12
631.22,56.3858,-87.4358,343.954,0.204925,3720.33,331.058,0.0516739,12.6707,-197.959,8.09848,133.12
631.23,56.3859,-87.4359,343.954,0.204925,3697.1,331.057,0.0516739,12.6707,-197.959,8.09848,133.12
631.24,56.386,-87.436,343.954,0.204925,3673.88,331.056,0.0516739,12.6707,-197.959,8.09848,133.12
631.25,56.3862,-87.436,343.954,0.204925,3650.65,331.055,0.0516739,12.6707,-197.959,8.09848,133.12
631.26,56.3863,-87.4361,343.954,0.204925,3627.42,331.054,0.0516739,12.6707,-197.959,8.09848,133.12
631.27,56.3864,-87.4362,343.954,0.204925,3604.19,331.053,0.0516739,12.6707,-197.959,8.09848,133.12
631.28,56.3865,-87.4362,343.954,0.204925,3580.97,331.052,0.0516739,12.6707,-197.959,8.09848,133.12
631.29,56.3866,-87.4363,343.954,0.204925,3557.74,331.05,0.0516739,12.6707,-197.959,8.09848,133.12
631.3,56.3868,-87.4363,343.954,0.204925,3534.51,331.049,0.0516739,12.6707,-197.959,8.09848,133.12
631.31,56.3869,-87.4364,343.954,0.204925,3511.28,331.048,0.0516739,12.6707,-197.959,8.09848,133.12
631.32,56.387,-87.4365,343.954,0.204925,3488.06,331.047,0.0516739,12.6707,-197.959,8.09848,133.12
631.33,56.3871,-87.4365,343.954,0.204925,3464.83,331.046,0.0516739,12.6707,-197.959,8.09848,133.12
631.34,56.3873,-87.4366,343.954,0.204925,3441.6,331.045,0.0516739,12.6707,-197.959,8.09848,133.12
631.35,56.3874,-87.4367,343.954,0.204925,3418.37,331.043,0.0516739,12.6707,-197.959,8.09848,133.12
631.36,56.3875,-87.4367,343.954,0.204925,3395.15,331.042,0.0516739,12.6707,-197.959,8.09848,133.12
631.37,56.3876,-87.4368,343.954,0.204925,3371.92,331.041,0.0516739,12.6707,-197.959,8.09848,133.12
631.38,56.3877,-87.4368,343.954,0.204925,3348.69,331.039,0.0516739,12.6707,-197.959,8.09848,133.12
631.39,56.3879,-87.4369,343.954,0.204925,3325.46,331.038,0.0516739,12.6707,-197.959,8.09848,133.12
631.4,56.388,-87.437,343.954,0.204925,3302.24,331.037,0.0516739,12.6707,-197.959,8.09848,133.12
631.41,56.3881,-87.437,343.954,0.204925,3279.01,331.036,0.0516739,12.6707,-197.959,8.09848,133.12
631.42,56.3882,-87.4371,343.954,0.204925,3255.78,331.034,0.0516739,12.6707,-197.959,8.09848,133.12
631.43,56.3883,-87.4372,343.954,0.204925,3232.56,331.033,0.0516739,12.6707,-197.959,8.09848,133.12
631.44,56.3885,-87.4372,343.954,0.204925,3209.33,331.031,0.0516739,12.6707,-197.959,8.09848,133.12
631.45,56.3886,-87.4373,343.954,0.204925,3186.1,331.03,0.0516739,12.6707,-197.959,8.09848,133.12
631.46,56.3887,-87.4374,343.954,0.204925,3162.87,331.029,0.0516739,12.6707,-197.959,8.09848,133.12
631.47,56.3888,-87.4374,343.954,0.204925,3139.65,331.027,0.0516739,12.6707,-197.959,8.09848,133.12
631.48,56.3889,-87.4375,343.954,0.204925,3116.42,331.026,0.0516739,12.6707,-197.959,8.09848,133.12
631.49,56.3891,-87.4375,343.954,0.204925,3093.19,331.024,0.0516739,12.6707,-197.959,8.09848,133.12
631.5,56.3892,-87.4376,343.954,0.204925,3069.97,331.023,0.0516739,12.6707,-197.959,8.09848,133.12
631.51,56.3893,-87.4377,343.954,0.204925,3046.74,331.021,0.0516739,12.6707,-197.959,8.09848,133.12
631.52,56.3894,-87.4377,343.954,0.204925,3023.51,331.02,0.0516739,12.6707,-197.959,8.09848,133.12
631.53,56.3895,-87.4378,343.954,0.204925,3000.28,331.018,0.0516739,12.6707,-197.959,8.09848,133.12
631.54,56.3897,-87.4379,343.954,0.204925,2977.06,331.016,0.0516739,12.6707,-197.959,8.09848,133.12
631.55,56.3898,-87.4379,343.954,0.204925,2953.83,331.015,0.0516739,12.6707,-197.959,8.09848,133.12
631.56,56.3899,-87.438,343.954,0.204925,2930.6,331.013,0.0516739,12.6707,-197.959,8.09848,133.12
631.57,56.39,-87.438,343.954,0.204925,2907.38,331.012,0.0516739,12.6707,-197.959,8.09848,133.12
631.58,56.3901,-87.4381,343.954,0.204925,2884.15,331.01,0.0516739,12.6707,-197.959,8.09848,133.12
631.59,56.3903,-87.4382,343.954,0.204925,2860.92,331.008,0.0516739,12.6707,-197.959,8.09848,133.12
631.6,56.3904,-87.4382,343.954,0.204925,2837.69,331.006,0.0516739,12.6707,-197.959,8.09848,133.12
631.61,56.3905,-87.4383,343.954,0.204925,2814.47,331.005,0.0516739,12.6707,-197.959,8.09848,133.12
631.62,56.3906,-87.4384,343.954,0.204925,2791.24,331.003,0.0516739,12.6707,-197.959,8.09848,133.12
631.63,56.3908,-87.4384,343.954,0.204925,2768.01,331.001,0.0516739,12.6707,-197.959,8.09848,133.12
631.64,56.3909,-87.4385,343.954,0.204925,2744.79,330.999,0.0516739,12.6707,-197.959,8.09848,133.12
631.65,56.391,-87.4386,343.954,0.204925,2721.56,330.997,0.0516739,12.6707,-197.959,8.09848,133.12
631.66,56.3911,-87.4386,343.954,0.204925,2698.33,330.995,0.0516739,12.6707,-197.959,8.09848,133.12
631.67,56.3912,-87.4387,343.954,0.204925,2675.1,330.993,0.0516739,12.6707,-197.959,8.09848,133.12
631.68,56.3914,-87.4387,343.954,0.204925,2651.88,330.991,0.0516739,12.6707,-197.959,8.09848,133.12
631.69,56.3915,-87.4388,343.954,0.204925,2628.65,330.989,0.0516739,12.6707,-197.959,8.09848,133.12
631.7,56.3916,-87.4389,343.954,0.204925,2605.42,330.987,0.0516739,12.6707,-197.959,8.09848,133.12
631.71,56.3917,-87.4389,343.954,0.204925,2582.2,330.985,0.0516739,12.6707,-197.959,8.09848,133.12
631.72,56.3918,-87.439,343.954,0.204925,2558.97,330.983,0.0516739,12.6707,-197.959,8.09848,133.12
631.73,56.392,-87.4391,343.954,0.204925,2535.74,330.981,0.0516739,12.6707,-197.959,8.09848,133.12
631.74,56.3921,-87.4391,343.954,0.204925,2512.52,330.979,0.0516739,12.6707,-197.959,8.09848,133.12
631.75,56.3922,-87.4392,343.954,0.204925,2489.29,330.976,0.0516739,12.6707,-197.959,8.09848,133.12
631.76,56.3923,-87.4392,343.954,0.204925,2466.06,330.974,0.0516739,12.6707,-197.959,8.09848,133.12
631.77,56.3924,-87.4393,343.954,0.204925,2442.84,330.972,0.0516739,12.6707,-197.959,8.09848,133.12
631.78,56.3926,-87.4394,343.954,0.204925,2419.61,330.969,0.0516739,12.6707,-197.959,8.09848,133.12
631.79,56.3927,-87.4394,343.954,0.204925,2396.38,330.967,0.0516739,12.6707,-197.959,8.09848,133.12
631.8,56.3928,-87.4395,343.954,0.204925,2373.15,330.964,0.0516739,12.6707,-197.959,8.09848,133.12
631.81,56.3929,-87.4396,343.954,0.204925,2349.93,330.962,0.0516739,12.6707,-197.959,8.09848,133.12
631.82,56.393,-87.4396,343.954,0.204925,2326.7,330.959,0.0516739,12.6707,-197.959,8.09848,133.12
631.83,56.3932,-87.4397,343.954,0.204925,2303.47,330.957,0.0516739,12.6707,-197.959,8.09848,133.12
631.84,56.3933,-87.4398,343.954,0.204925,2280.25,330.954,0.0516739,12.6707,-197.959,8.09848,133.12
631.85,56.3934,-87.4398,343.954,0.204925,2257.02,330.951,0.0516739,12.6707,-197.959,8.09848,133.12
631.86,56.3935,-87.4399,343.954,0.204925,2233.79,330.948,0.0516739,12.6707,-197.959,8.09848,133.12
631.87,56.3937,-87.4399,343.954,0.204925,2210.57,330.946,0.0516739,12.6707,-197.959,8.09848,133.12
631.88,56.3938,-87.44,343.954,0.204925,2187.34,330.943,0.0516739,12.6707,-197.959,8.09848,133.12
631.89,56.3939,-87.4401,343.954,0.204925,2164.11,330.94,0.0516739,12.6707,-197.959,8.09848,133.12
631.9,56.394,-87.4401,343.954,0.204925,2140.89,330.937,0.0516739,12.6707,-197.959,8.09848,133.12
631.91,56.3941,-87.4402,343.954,0.204925,2117.66,330.934,0.0516739,12.6707,-197.959,8.09848,133.12
631.92,56.3943,-87.4403,343.954,0.204925,2094.43,330.93,0.0516739,12.6707,-197.959,8.09848,133.12
631.93,56.3944,-87.4403,343.954,0.204925,2071.21,330.927,0.0516739,12.6707,-197.959,8.09848,133.12
631.94,56.3945,-87.4404,343.954,0.204925,2047.98,330.924,0.0516739,12.6707,-197.959,8.09848,133.12
631.95,56.3946,-87.4404,343.954,0.204925,2024.75,330.92,0.0516739,12.6707,-197.959,8.09848,133.12
631.96,56.3947,-87.4405,343.954,0.204925,2001.53,330.917,0.0516739,12.6707,-197.959,8.09848,133.12
631.97,56.3949,-87.4406,343.954,0.204925,1978.3,330.913,0.0516739,12.6707,-197.959,8.09848,133.12
631.98,56.395,-87.4406,343.954,0.204925,1955.07,330.91,0.0516739,12.6707,-197.959,8.09848,133.12
631.99,56.3951,-87.4407,343.954,0.204925,1931.85,330.906,0.0516739,12.6707,-197.959,8.09848,133.12
632,56.3952,-87.4408,343.954,-0.727665,1908.62,330.902,-0.176267,13.0519,-197.77,12.2799,133.132
632.01,56.3953,-87.4408,343.227,-0.727665,1885.48,330.902,-0.176267,13.0519,-197.77,12.2799,133.132
632.02,56.3955,-87.4409,343.227,-0.727665,1862.33,330.902,-0.176267,13.0519,-197.77,12.2799,133.132
632.03,56.3956,-87.441,343.227,-0.727665,1839.19,330.901,-0.176267,13.0519,-197.77,12.2799,133.132
632.04,56.3957,-87.441,343.227,-0.727665,1816.04,330.901,-0.176267,13.0519,-197.77,12.2799,133.132
632.05,56.3958,-87.4411,343.227,-0.727665,1792.9,330.901,-0.176267,13.0519,-197.77,12.2799,133.132
632.06,56.3959,-87.4411,343.227,-0.727665,1769.76,330.9,-0.176267,13.0519,-197.77,12.2799,133.132
632.07,56.3961,-87.4412,343.227,-0.727665,1746.61,330.9,-0.176267,13.0519,-197.77,12.2799,133.132
632.08,56.3962,-87.4413,343.227,-0.727665,1723.47,330.9,-0.176267,13.0519,-197.77,12.2799,133.132
632.09,56.3963,-87.4413,343.227,-0.727665,1700.32,330.899,-0.176267,13.0519,-197.77,12.2799,133.132
632.1,56.3964,-87.4414,343.227,-0.727665,1677.18,330.899,-0.176267,13.0519,-197.77,12.2799,133.132
632.11,56.3966,-87.4415,343.227,-0.727665,1654.04,330.899,-0.176267,13.0519,-197.77,12.2799,133.132
632.12,56.3967,-87.4415,343.227,-0.727665,1630.89,330.898,-0.176267,13.0519,-197.77,12.2799,133.132
632.13,56.3968,-87.4416,343.227,-0.727665,1607.75,330.898,-0.176267,13.0519,-197.77,12.2799,133.132
632.14,56.3969,-87.4417,343.227,-0.727665,1584.61,330.897,-0.176267,13.0519,-197.77,12.2799,133.132
632.15,56.397,-87.4417,343.227,-0.727665,1561.46,330.897,-0.176267,13.0519,-197.77,12.2799,133.132
632.16,56.3972,-87.4418,343.227,-0.727665,1538.32,330.896,-0.176267,13.0519,-197.77,12.2799,133.132
632.17,56.3973,-87.4419,343.227,-0.727665,1515.17,330.896,-0.176267,13.0519,-197.77,12.2799,133.132
632.18,56.3974,-87.4419,343.227,-0.727665,1492.03,330.896,-0.176267,13.0519,-197.77,12.2799,133.132
632.19,56.3975,-87.442,343.227,-0.727665,1468.89,330.895,-0.176267,13.0519,-197.77,12.2799,133.132
632.2,56.3976,-87.442,343.227,-0.727665,1445.74,330.895,-0.176267,13.0519,-197.77,12.2799,133.132
632.21,56.3978,-87.4421,343.227,-0.727665,1422.6,330.894,-0.176267,13.0519,-197.77,12.2799,133.132
632.22,56.3979,-87.4422,343.227,-0.727665,1399.45,330.894,-0.176267,13.0519,-197.77,12.2799,133.132
632.23,56.398,-87.4422,343.227,-0.727665,1376.31,330.893,-0.176267,13.0519,-197.77,12.2799,133.132
632.24,56.3981,-87.4423,343.227,-0.727665,1353.17,330.893,-0.176267,13.0519,-197.77,12.2799,133.132
632.25,56.3982,-87.4424,343.227,-0.727665,1330.02,330.892,-0.176267,13.0519,-197.77,12.2799,133.132
632.26,56.3984,-87.4424,343.227,-0.727665,1306.88,330.891,-0.176267,13.0519,-197.77,12.2799,133.132
632.27,56.3985,-87.4425,343.227,-0.727665,1283.73,330.891,-0.176267,13.0519,-197.77,12.2799,133.132
632.28,56.3986,-87.4426,343.227,-0.727665,1260.59,330.89,-0.176267,13.0519,-197.77,12.2799,133.132
632.29,56.3987,-87.4426,343.227,-0.727665,1237.45,330.89,-0.176267,13.0519,-197.77,12.2799,133.132
632.3,56.3988,-87.4427,343.227,-0.727665,1214.3,330.889,-0.176267,13.0519,-197.77,12.2799,133.132
632.31,56.399,-87.4428,343.227,-0.727665,1191.16,330.888,-0.176267,13.0519,-197.77,12.2799,133.132
632.32,56.3991,-87.4428,343.227,-0.727665,1168.02,330.887,-0.176267,13.0519,-197.77,12.2799,133.132
632.33,56.3992,-87.4429,343.227,-0.727665,1144.87,330.887,-0.176267,13.0519,-197.77,12.2799,133.132
632.34,56.3993,-87.4429,343.227,-0.727665,1121.73,330.886,-0.176267,13.0519,-197.77,12.2799,133.132
632.35,56.3994,-87.443,343.227,-0.727665,1098.58,330.885,-0.176267,13.0519,-197.77,12.2799,133.132
632.36,56.3996,-87.4431,343.227,-0.727665,1075.44,330.884,-0.176267,13.0519,-197.77,12.2799,133.132
632.37,56.3997,-87.4431,343.227,-0.727665,1052.3,330.883,-0.176267,13.0519,-197.77,12.2799,133.132
632.38,56.3998,-87.4432,343.227,-0.727665,1029.15,330.883,-0.176267,13.0519,-197.77,12.2799,133.132
632.39,56.3999,-87.4433,343.227,-0.727665,1006.01,330.882,-0.176267,13.0519,-197.77,12.2799,133.132
632.4,56.4,-87.4433,343.227,-0.727665,982.866,330.881,-0.176267,13.0519,-197.77,12.2799,133.132
632.41,56.4002,-87.4434,343.227,-0.727665,959.722,330.88,-0.176267,13.0519,-197.77,12.2799,133.132
632.42,56.4003,-87.4435,343.227,-0.727665,936.579,330.879,-0.176267,13.0519,-197.77,12.2799,133.132
632.43,56.4004,-87.4435,343.227,-0.727665,913.435,330.877,-0.176267,13.0519,-197.77,12.2799,133.132
632.44,56.4005,-87.4436,343.227,-0.727665,890.291,330.876,-0.176267,13.0519,-197.77,12.2799,133.132
632.45,56.4007,-87.4437,343.227,-0.727665,867.148,330.875,-0.176267,13.0519,-197.77,12.2799,133.132
632.46,56.4008,-87.4437,343.227,-0.727665,844.004,330.874,-0.176267,13.0519,-197.77,12.2799,133.132
632.47,56.4009,-87.4438,343.227,-0.727665,820.86,330.872,-0.176267,13.0519,-197.77,12.2799,133.132
632.48,56.401,-87.4438,343.227,-0.727665,797.717,330.871,-0.176267,13.0519,-197.77,12.2799,133.132
632.49,56.4011,-87.4439,343.227,-0.727665,774.573,330.869,-0.176267,13.0519,-197.77,12.2799,133.132
632.5,56.4013,-87.444,343.227,-0.727665,751.43,330.868,-0.176267,13.0519,-197.77,12.2799,133.132
632.51,56.4014,-87.444,343.227,-0.727665,728.286,330.866,-0.176267,13.0519,-197.77,12.2799,133.132
632.52,56.4015,-87.4441,343.227,-0.727665,705.142,330.864,-0.176267,13.0519,-197.77,12.2799,133.132
632.53,56.4016,-87.4442,343.227,-0.727665,681.999,330.862,-0.176267,13.0519,-197.77,12.2799,133.132
632.54,56.4017,-87.4442,343.227,-0.727665,658.855,330.86,-0.176267,13.0519,-197.77,12.2799,133.132
632.55,56.4019,-87.4443,343.227,-0.727665,635.712,330.858,-0.176267,13.0519,-197.77,12.2799,133.132
632.56,56.402,-87.4444,343.227,-0.727665,612.568,330.856,-0.176267,13.0519,-197.77,12.2799,133.132
632.57,56.4021,-87.4444,343.227,-0.727665,589.425,330.853,-0.176267,13.0519,-197.77,12.2799,133.132
632.58,56.4022,-87.4445,343.227,-0.727665,566.281,330.85,-0.176267,13.0519,-197.77,12.2799,133.132
632.59,56.4023,-87.4446,343.227,-0.727665,543.138,330.847,-0.176267,13.0519,-197.77,12.2799,133.132
632.6,56.4025,-87.4446,343.227,-0.727665,519.994,330.844,-0.176267,13.0519,-197.77,12.2799,133.132
632.61,56.4026,-87.4447,343.227,-0.727665,496.85,330.84,-0.176267,13.0519,-197.77,12.2799,133.132
632.62,56.4027,-87.4447,343.227,-0.727665,473.707,330.836,-0.176267,13.0519,-197.77,12.2799,133.132
632.63,56.4028,-87.4448,343.227,-0.727665,450.563,330.832,-0.176267,13.0519,-197.77,12.2799,133.132
632.64,56.4029,-87.4449,343.227,-0.727665,427.42,330.827,-0.176267,13.0519,-197.77,12.2799,133.132
632.65,56.4031,-87.4449,343.227,-0.727665,404.277,330.822,-0.176267,13.0519,-197.77,12.2799,133.132
632.66,56.4032,-87.445,343.227,-0.727665,381.133,330.816,-0.176267,13.0519,-197.77,12.2799,133.132
632.67,56.4033,-87.4451,343.227,-0.727665,357.99,330.809,-0.176267,13.0519,-197.77,12.2799,133.132
632.68,56.4034,-87.4451,343.227,-0.727665,334.846,330.802,-0.176267,13.0519,-197.77,12.2799,133.132
632.69,56.4035,-87.4452,343.227,-0.727665,311.703,330.793,-0.176267,13.0519,-197.77,12.2799,133.132
632.7,56.4037,-87.4453,343.227,-0.727665,288.559,330.783,-0.176267,13.0519,-197.77,12.2799,133.132
632.71,56.4038,-87.4453,343.227,-0.727665,265.416,330.771,-0.176267,13.0519,-197.77,12.2799,133.132
632.72,56.4039,-87.4454,343.227,-0.727665,242.273,330.756,-0.176267,13.0519,-197.77,12.2799,133.132
632.73,56.404,-87.4455,343.227,-0.727665,219.129,330.739,-0.176267,13.0519,-197.77,12.2799,133.132
632.74,56.4042,-87.4455,343.227,-0.727665,195.986,330.718,-0.176267,13.0519,-197.77,12.2799,133.132
632.75,56.4043,-87.4456,343.227,-0.727665,172.843,330.691,-0.176267,13.0519,-197.77,12.2799,133.132
632.76,56.4044,-87.4456,343.227,-0.727665,149.7,330.656,-0.176267,13.0519,-197.77,12.2799,133.132
632.77,56.4045,-87.4457,343.227,-0.727665,126.557,330.608,-0.176267,13.0519,-197.77,12.2799,133.132
632.78,56.4046,-87.4458,343.227,-0.727665,103.414,330.538,-0.176267,13.0519,-197.77,12.2799,133.132
632.79,56.4048,-87.4458,343.227,-0.727665,80.2708,330.428,-0.176267,13.0519,-197.77,12.2799,133.132
