Time,F_1_Latitude,F_1_Longitude,F_2_Latitude,F_2_Longitude
3,50.0898,-79.8603,49.91,-80.1392,50.8903,-78.579,49.0928,-81.369
4,50.036,-79.9576,49.928,-80.1246,50.6118,-79.0327,49.5331,-80.7069
5,50.0252,-79.9968,49.9604,-80.0968,50.4367,-79.3309,49.7891,-80.3337
6,50.0287,-80.0167,49.9898,-80.0765,50.3208,-79.5382,49.932,-80.1374
7,50.0371,-80.0302,50.0136,-80.0658,50.243,-79.6866,50.0094,-80.0435
8,50.047,-80.0415,50.0329,-80.0626,50.191,-79.7946,50.0505,-80.0061
9,50.0574,-80.0522,50.0489,-80.0646,50.1572,-79.8744,50.0726,-79.9986
10,50.068,-80.0626,50.0628,-80.0697,50.1363,-79.934,50.0852,-80.0059
11,50.0787,-80.073,50.0755,-80.077,50.1246,-79.9793,50.0936,-80.0199
12,50.0894,-80.0833,50.0874,-80.0854,50.1194,-80.0145,50.1005,-80.0361
13,50.1,-80.0937,50.0988,-80.0947,50.1188,-80.0423,50.1072,-80.0527
14,50.1107,-80.104,50.1099,-80.1043,50.1215,-80.0651,50.1142,-80.0687
15,50.1214,-80.1144,50.1208,-80.1143,50.1266,-80.0842,50.1219,-80.0838
16,50.132,-80.1248,50.1317,-80.1245,50.1333,-80.1008,50.1302,-80.0979
17,50.1427,-80.1352,50.1424,-80.1347,50.1412,-80.1155,50.139,-80.1111
18,50.1534,-80.1456,50.1531,-80.1451,50.1499,-80.129,50.1483,-80.1237
19,50.164,-80.1561,50.1638,-80.1555,50.1592,-80.1416,50.1579,-80.1358
20,50.1746,-80.1665,50.1745,-80.1659,50.1689,-80.1535,50.1678,-80.1474
21,50.1853,-80.177,50.1851,-80.1763,50.1788,-80.1651,50.1779,-80.1588
22,50.1959,-80.1875,50.1958,-80.1868,50.189,-80.1763,50.1881,-80.1699
23,50.2065,-80.198,50.2064,-80.1973,50.1993,-80.1873,50.1984,-80.1809
24,50.2172,-80.2085,50.217,-80.2079,50.2096,-80.1982,50.2088,-80.1917
25,50.2278,-80.2191,50.2276,-80.2184,50.2201,-80.209,50.2193,-80.2025
26,50.2384,-80.2296,50.2382,-80.2289,50.2306,-80.2197,50.2298,-80.2132
27,50.249,-80.2402,50.2488,-80.2395,50.2411,-80.2304,50.2403,-80.2239
28,50.2596,-80.2508,50.2594,-80.2501,50.2517,-80.2411,50.2509,-80.2346
29,50.2702,-80.2614,50.27,-80.2607,50.2622,-80.2518,50.2614,-80.2452
30,50.2808,-80.272,50.2806,-80.2713,50.2728,-80.2624,50.272,-80.2559
31,50.2913,-80.2827,50.2912,-80.282,50.2833,-80.2731,50.2826,-80.2665
32,50.3019,-80.2933,50.3018,-80.2926,50.2939,-80.2838,50.2931,-80.2772
33,50.3125,-80.304,50.3123,-80.3033,50.3045,-80.2944,50.3037,-80.2879
34,50.3231,-80.3147,50.3229,-80.3139,50.315,-80.3051,50.3142,-80.2986
35,50.3336,-80.3253,50.3335,-80.3246,50.3256,-80.3158,50.3248,-80.3093
36,50.3442,-80.3361,50.344,-80.3354,50.3361,-80.3266,50.3353,-80.32
37,50.3547,-80.3468,50.3546,-80.3461,50.3467,-80.3373,50.3459,-80.3307
38,50.3653,-80.3575,50.3651,-80.3568,50.3572,-80.348,50.3564,-80.3415
39,50.3758,-80.3683,50.3757,-80.3676,50.3677,-80.3588,50.367,-80.3522
40,50.3863,-80.3791,50.3862,-80.3784,50.3783,-80.3696,50.3775,-80.363
41,50.3969,-80.3899,50.3967,-80.3892,50.3888,-80.3803,50.388,-80.3738
42,50.4074,-80.4007,50.4072,-80.4,50.3993,-80.3912,50.3986,-80.3846
43,50.4179,-80.4115,50.4178,-80.4108,50.4098,-80.402,50.4091,-80.3954
44,50.4284,-80.4223,50.4283,-80.4216,50.4204,-80.4128,50.4196,-80.4062
45,50.4389,-80.4332,50.4388,-80.4325,50.4309,-80.4237,50.4301,-80.4171
46,50.4494,-80.444,50.4493,-80.4433,50.4414,-80.4345,50.4406,-80.428
47,50.4599,-80.4549,50.4598,-80.4542,50.4519,-80.4454,50.4511,-80.4388
48,50.4704,-80.4658,50.4703,-80.4651,50.4623,-80.4563,50.4616,-80.4497
49,50.4809,-80.4767,50.4807,-80.476,50.4728,-80.4672,50.4721,-80.4606
50,50.4914,-80.4877,50.4912,-80.487,50.4833,-80.4781,50.4825,-80.4716
51,50.5018,-80.4986,50.5017,-80.4979,50.4938,-80.4891,50.493,-80.4825
52,50.5123,-80.5096,50.5122,-80.5089,50.5042,-80.5,50.5035,-80.4935
53,50.5228,-80.5205,50.5226,-80.5198,50.5147,-80.511,50.5139,-80.5044
54,50.5332,-80.5315,50.5331,-80.5308,50.5252,-80.522,50.5244,-80.5154
55,50.5437,-80.5425,50.5435,-80.5418,50.5356,-80.533,50.5348,-80.5264
56,50.5541,-80.5535,50.554,-80.5528,50.5461,-80.544,50.5453,-80.5374
57,50.5646,-80.5646,50.5644,-80.5639,50.5565,-80.555,50.5557,-80.5485
58,50.575,-80.5756,50.5748,-80.5749,50.5669,-80.5661,50.5662,-80.5595
59,50.5854,-80.5867,50.5853,-80.586,50.5774,-80.5772,50.5766,-80.5706
60,50.5958,-80.5978,50.5957,-80.5971,50.5878,-80.5882,50.587,-80.5817
61,50.6063,-80.6089,50.6061,-80.6082,50.5982,-80.5993,50.5974,-80.5928
62,50.6167,-80.62,50.6165,-80.6193,50.6086,-80.6104,50.6079,-80.6039
63,50.6271,-80.6311,50.6269,-80.6304,50.619,-80.6216,50.6183,-80.615
64,50.6375,-80.6422,50.6373,-80.6415,50.6294,-80.6327,50.6287,-80.6261
65,50.6479,-80.6534,50.6477,-80.6527,50.6398,-80.6438,50.6391,-80.6373
66,50.6583,-80.6646,50.6581,-80.6639,50.6502,-80.655,50.6495,-80.6484
67,50.6687,-80.6757,50.6685,-80.675,50.6606,-80.6662,50.6598,-80.6596
68,50.6791,-80.6869,50.6789,-80.6862,50.671,-80.6774,50.6702,-80.6708
69,50.6894,-80.6982,50.6893,-80.6975,50.6814,-80.6886,50.6806,-80.682
70,50.6998,-80.7094,50.6997,-80.7087,50.6917,-80.6998,50.691,-80.6933
71,50.7102,-80.7206,50.71,-80.7199,50.7021,-80.7111,50.7013,-80.7045
72,50.7205,-80.7319,50.7204,-80.7312,50.7125,-80.7223,50.7117,-80.7157
73,50.7309,-80.7432,50.7307,-80.7424,50.7228,-80.7336,50.7221,-80.727
74,50.7412,-80.7544,50.7411,-80.7537,50.7332,-80.7449,50.7324,-80.7383
75,50.7516,-80.7657,50.7514,-80.765,50.7435,-80.7562,50.7427,-80.7496
76,50.7619,-80.7771,50.7618,-80.7764,50.7539,-80.7675,50.7531,-80.7609
77,50.7722,-80.7884,50.7721,-80.7877,50.7642,-80.7788,50.7634,-80.7722
78,50.7826,-80.7997,50.7824,-80.799,50.7745,-80.7902,50.7738,-80.7836
79,50.7929,-80.8111,50.7928,-80.8104,50.7848,-80.8015,50.7841,-80.7949
80,50.8032,-80.8225,50.8031,-80.8218,50.7952,-80.8129,50.7944,-80.8063
81,50.8135,-80.8338,50.8134,-80.8331,50.8055,-80.8243,50.8047,-80.8177
82,50.8238,-80.8452,50.8237,-80.8445,50.8158,-80.8357,50.815,-80.8291
83,50.8341,-80.8567,50.834,-80.856,50.8261,-80.8471,50.8253,-80.8405
84,50.8444,-80.8681,50.8443,-80.8674,50.8364,-80.8585,50.8356,-80.8519
85,50.8547,-80.8795,50.8546,-80.8788,50.8467,-80.87,50.8459,-80.8634
86,50.865,-80.891,50.8649,-80.8903,50.857,-80.8814,50.8562,-80.8748
87,50.8753,-80.9025,50.8752,-80.9018,50.8673,-80.8929,50.8665,-80.8863
88,50.8856,-80.914,50.8854,-80.9133,50.8775,-80.9044,50.8768,-80.8978
89,50.8959,-80.9255,50.8957,-80.9248,50.8878,-80.9159,50.887,-80.9093
90,50.9061,-80.937,50.906,-80.9363,50.8981,-80.9274,50.8973,-80.9208
91,50.9164,-80.9485,50.9162,-80.9478,50.9083,-80.9389,50.9076,-80.9323
92,50.9266,-80.9601,50.9265,-80.9593,50.9186,-80.9504,50.9178,-80.9439
93,50.9369,-80.9716,50.9367,-80.9709,50.9288,-80.962,50.9281,-80.9554
94,50.9471,-80.9832,50.947,-80.9825,50.9391,-80.9736,50.9383,-80.967
95,50.9574,-80.9948,50.9572,-80.9941,50.9493,-80.9852,50.9486,-80.9786
96,50.9676,-81.0064,50.9675,-81.0057,50.9596,-80.9968,50.9588,-80.9902
97,50.9778,-81.018,50.9777,-81.0173,50.9698,-81.0084,50.969,-81.0018
98,50.9881,-81.0296,50.9879,-81.0289,50.98,-81.02,50.9792,-81.0134
99,50.9983,-81.0413,50.9981,-81.0405,50.9902,-81.0316,50.9895,-81.0251
100,51.0085,-81.0529,51.0084,-81.0522,51.0005,-81.0433,50.9997,-81.0367
101,51.0187,-81.0646,51.0186,-81.0639,51.0107,-81.055,51.0099,-81.0484
102,51.0289,-81.0763,51.0288,-81.0756,51.0209,-81.0666,51.0201,-81.0601
103,51.0391,-81.088,51.039,-81.0873,51.0311,-81.0783,51.0303,-81.0718
104,51.0493,-81.0997,51.0492,-81.099,51.0413,-81.09,51.0405,-81.0835
105,51.0595,-81.1114,51.0594,-81.1107,51.0515,-81.1018,51.0507,-81.0952
106,51.0697,-81.1231,51.0695,-81.1224,51.0616,-81.1135,51.0609,-81.1069
107,51.0799,-81.1349,51.0797,-81.1342,51.0718,-81.1252,51.071,-81.1187
108,51.09,-81.1466,51.0899,-81.1459,51.082,-81.137,51.0812,-81.1304
109,51.1002,-81.1584,51.1001,-81.1577,51.0922,-81.1488,51.0914,-81.1422
110,51.1104,-81.1702,51.1102,-81.1695,51.1023,-81.1606,51.1016,-81.154
111,51.1205,-81.182,51.1204,-81.1813,51.1125,-81.1724,51.1117,-81.1658
112,51.1307,-81.1938,51.1306,-81.1931,51.1226,-81.1842,51.1219,-81.1776
113,51.1408,-81.2057,51.1407,-81.205,51.1328,-81.196,51.132,-81.1895
114,51.151,-81.2175,51.1508,-81.2168,51.1429,-81.2079,51.1422,-81.2013
115,51.1611,-81.2294,51.161,-81.2287,51.1531,-81.2197,51.1523,-81.2132
116,51.1713,-81.2413,51.1711,-81.2405,51.1632,-81.2316,51.1624,-81.225
117,51.1814,-81.2531,51.1813,-81.2524,51.1733,-81.2435,51.1726,-81.2369
118,51.1915,-81.265,51.1914,-81.2643,51.1835,-81.2554,51.1827,-81.2488
119,51.2016,-81.2769,51.2015,-81.2762,51.1936,-81.2673,51.1928,-81.2607
120,51.2118,-81.2889,51.2116,-81.2882,51.2037,-81.2792,51.2029,-81.2726
121,51.2219,-81.3008,51.2217,-81.3001,51.2138,-81.2911,51.213,-81.2846
122,51.232,-81.3128,51.2318,-81.3121,51.2239,-81.3031,51.2232,-81.2965
123,51.2421,-81.3247,51.2419,-81.324,51.234,-81.3151,51.2333,-81.3085
124,51.2522,-81.3367,51.252,-81.336,51.2441,-81.327,51.2433,-81.3205
125,51.2623,-81.3487,51.2621,-81.348,51.2542,-81.339,51.2534,-81.3324
126,51.2724,-81.3607,51.2722,-81.36,51.2643,-81.351,51.2635,-81.3444
127,51.2824,-81.3727,51.2823,-81.372,51.2744,-81.363,51.2736,-81.3565
128,51.2925,-81.3847,51.2924,-81.384,51.2845,-81.3751,51.2837,-81.3685
129,51.3026,-81.3968,51.3024,-81.3961,51.2945,-81.3871,51.2938,-81.3805
130,51.3127,-81.4088,51.3125,-81.4081,51.3046,-81.3992,51.3038,-81.3926
131,51.3227,-81.4209,51.3226,-81.4202,51.3147,-81.4112,51.3139,-81.4046
132,51.3328,-81.433,51.3326,-81.4323,51.3247,-81.4233,51.324,-81.4167
133,51.3428,-81.4451,51.3427,-81.4444,51.3348,-81.4354,51.334,-81.4288
134,51.3529,-81.4572,51.3527,-81.4565,51.3448,-81.4475,51.3441,-81.4409
135,51.3629,-81.4693,51.3628,-81.4686,51.3549,-81.4596,51.3541,-81.453
136,51.373,-81.4814,51.3728,-81.4807,51.3649,-81.4717,51.3641,-81.4652
137,51.383,-81.4936,51.3829,-81.4929,51.3749,-81.4839,51.3742,-81.4773
138,51.393,-81.5057,51.3929,-81.505,51.385,-81.496,51.3842,-81.4894
139,51.4031,-81.5179,51.4029,-81.5172,51.395,-81.5082,51.3942,-81.5016
140,51.4131,-81.5301,51.4129,-81.5294,51.405,-81.5204,51.4043,-81.5138
141,51.4231,-81.5423,51.423,-81.5416,51.415,-81.5326,51.4143,-81.526
142,51.4331,-81.5545,51.433,-81.5538,51.4251,-81.5448,51.4243,-81.5382
143,51.4431,-81.5667,51.443,-81.566,51.4351,-81.557,51.4343,-81.5504
144,51.4531,-81.5789,51.453,-81.5782,51.4451,-81.5692,51.4443,-81.5626
145,51.4631,-81.5912,51.463,-81.5904,51.4551,-81.5814,51.4543,-81.5749
146,51.4731,-81.6034,51.473,-81.6027,51.4651,-81.5937,51.4643,-81.5871
147,51.4831,-81.6157,51.483,-81.615,51.4751,-81.606,51.4743,-81.5994
148,51.4931,-81.6279,51.493,-81.6272,51.485,-81.6182,51.4843,-81.6116
149,51.5031,-81.6402,51.5029,-81.6395,51.495,-81.6305,51.4943,-81.6239
150,51.5131,-81.6525,51.5129,-81.6518,51.505,-81.6428,51.5042,-81.6362
151,51.523,-81.6648,51.5229,-81.6641,51.515,-81.6551,51.5142,-81.6485
152,51.533,-81.6772,51.5329,-81.6765,51.5249,-81.6674,51.5242,-81.6608
153,51.543,-81.6895,51.5428,-81.6888,51.5349,-81.6798,51.5341,-81.6732
154,51.5529,-81.7018,51.5528,-81.7011,51.5449,-81.6921,51.5441,-81.6855
155,51.5629,-81.7142,51.5627,-81.7135,51.5548,-81.7045,51.5541,-81.6979
156,51.5728,-81.7266,51.5727,-81.7259,51.5648,-81.7168,51.564,-81.7102
157,51.5828,-81.7389,51.5826,-81.7382,51.5747,-81.7292,51.574,-81.7226
158,51.5927,-81.7513,51.5926,-81.7506,51.5847,-81.7416,51.5839,-81.735
159,51.6027,-81.7637,51.6025,-81.763,51.5946,-81.754,51.5939,-81.7474
160,51.6126,-81.7761,51.6125,-81.7754,51.6046,-81.7664,51.6038,-81.7598
161,51.6226,-81.7885,51.6224,-81.7878,51.6145,-81.7788,51.6137,-81.7722
162,51.6325,-81.801,51.6323,-81.8003,51.6244,-81.7912,51.6236,-81.7847
163,51.6423,-81.8137,51.6421,-81.813,51.6342,-81.8039,51.6334,-81.7974
164,51.6519,-81.8267,51.6517,-81.826,51.6438,-81.817,51.643,-81.8104
165,51.6613,-81.8402,51.6611,-81.8395,51.6532,-81.8304,51.6524,-81.8238
166,51.6705,-81.854,51.6703,-81.8533,51.6624,-81.8442,51.6616,-81.8376
167,51.6794,-81.8682,51.6793,-81.8675,51.6714,-81.8584,51.6706,-81.8518
168,51.6883,-81.8826,51.6881,-81.8819,51.6802,-81.8729,51.6794,-81.8663
169,51.697,-81.8972,51.6969,-81.8964,51.689,-81.8874,51.6882,-81.8808
170,51.7058,-81.9117,51.7056,-81.911,51.6977,-81.902,51.697,-81.8954
171,51.7145,-81.9263,51.7144,-81.9256,51.7065,-81.9166,51.7057,-81.91
172,51.7232,-81.9409,51.7231,-81.9402,51.7152,-81.9312,51.7144,-81.9246
173,51.732,-81.9556,51.7318,-81.9549,51.7239,-81.9458,51.7231,-81.9392
174,51.7407,-81.9702,51.7405,-81.9695,51.7326,-81.9604,51.7319,-81.9538
175,51.7494,-81.9849,51.7492,-81.9842,51.7413,-81.9751,51.7406,-81.9685
176,51.7581,-81.9995,51.758,-81.9988,51.75,-81.9897,51.7493,-81.9832
177,51.7668,-82.0142,51.7667,-82.0135,51.7587,-82.0044,51.758,-81.9978
178,51.7755,-82.0289,51.7753,-82.0282,51.7674,-82.0191,51.7667,-82.0125
179,51.7842,-82.0436,51.784,-82.0429,51.7761,-82.0338,51.7753,-82.0272
180,51.7929,-82.0583,51.7927,-82.0576,51.7848,-82.0485,51.784,-82.0419
181,51.8015,-82.073,51.8014,-82.0723,51.7935,-82.0632,51.7927,-82.0566
182,51.8102,-82.0878,51.8101,-82.0871,51.8021,-82.078,51.8014,-82.0714
183,51.8189,-82.1025,51.8187,-82.1018,51.8108,-82.0927,51.81,-82.0861
184,51.8275,-82.1173,51.8274,-82.1166,51.8195,-82.1075,51.8187,-82.1009
185,51.8362,-82.132,51.836,-82.1313,51.8281,-82.1222,51.8274,-82.1156
186,51.8448,-82.1468,51.8447,-82.1461,51.8368,-82.137,51.836,-82.1304
187,51.8535,-82.1616,51.8533,-82.1609,51.8454,-82.1518,51.8446,-82.1452
188,51.8621,-82.1764,51.862,-82.1757,51.8541,-82.1666,51.8533,-82.16
189,51.8707,-82.1912,51.8706,-82.1905,51.8627,-82.1814,51.8619,-82.1748
190,51.8794,-82.206,51.8792,-82.2053,51.8713,-82.1962,51.8705,-82.1896
191,51.888,-82.2209,51.8878,-82.2202,51.8799,-82.211,51.8792,-82.2044
192,51.8966,-82.2357,51.8965,-82.235,51.8886,-82.2259,51.8878,-82.2193
193,51.9052,-82.2506,51.9051,-82.2499,51.8972,-82.2407,51.8964,-82.2341
194,51.9138,-82.2654,51.9137,-82.2647,51.9058,-82.2556,51.905,-82.249
195,51.9224,-82.2803,51.9223,-82.2796,51.9144,-82.2705,51.9136,-82.2639
196,51.931,-82.2952,51.9309,-82.2945,51.923,-82.2854,51.9222,-82.2788
197,51.9396,-82.3101,51.9395,-82.3094,51.9316,-82.3003,51.9308,-82.2937
198,51.9482,-82.325,51.948,-82.3243,51.9401,-82.3152,51.9394,-82.3086
199,51.9568,-82.3399,51.9566,-82.3392,51.9487,-82.3301,51.9479,-82.3235
200,51.9653,-82.3549,51.9652,-82.3542,51.9573,-82.345,51.9565,-82.3384
201,51.9739,-82.3698,51.9738,-82.3691,51.9659,-82.36,51.9651,-82.3534
202,51.9825,-82.3848,51.9823,-82.3841,51.9744,-82.3749,51.9736,-82.3683
203,51.991,-82.3997,51.9909,-82.399,51.983,-82.3899,51.9822,-82.3833
204,51.9996,-82.4147,51.9994,-82.414,51.9915,-82.4048,51.9908,-82.3982
205,52.0081,-82.4297,52.008,-82.429,52.0001,-82.4198,51.9993,-82.4132
206,52.0167,-82.4447,52.0165,-82.444,52.0086,-82.4348,52.0079,-82.4282
207,52.0252,-82.4597,52.0251,-82.459,52.0172,-82.4498,52.0164,-82.4432
208,52.0338,-82.4747,52.0336,-82.474,52.0257,-82.4648,52.0249,-82.4582
209,52.0423,-82.4897,52.0421,-82.489,52.0342,-82.4799,52.0335,-82.4733
210,52.0508,-82.5048,52.0507,-82.5041,52.0427,-82.4949,52.042,-82.4883
211,52.0593,-82.5198,52.0592,-82.5191,52.0513,-82.5099,52.0505,-82.5033
212,52.0678,-82.5349,52.0677,-82.5342,52.0598,-82.525,52.059,-82.5184
213,52.0763,-82.5499,52.0762,-82.5492,52.0683,-82.5401,52.0675,-82.5335
214,52.0849,-82.565,52.0847,-82.5643,52.0768,-82.5551,52.076,-82.5485
215,52.0934,-82.5801,52.0932,-82.5794,52.0853,-82.5702,52.0845,-82.5636
216,52.1018,-82.5952,52.1017,-82.5945,52.0938,-82.5853,52.093,-82.5787
217,52.1103,-82.6103,52.1102,-82.6096,52.1023,-82.6004,52.1015,-82.5938
218,52.1188,-82.6254,52.1187,-82.6247,52.1108,-82.6155,52.11,-82.6089
219,52.1273,-82.6405,52.1272,-82.6398,52.1192,-82.6306,52.1185,-82.624
220,52.1358,-82.6557,52.1356,-82.655,52.1277,-82.6458,52.127,-82.6392
221,52.1442,-82.6708,52.1441,-82.6701,52.1362,-82.6609,52.1354,-82.6543
222,52.1527,-82.686,52.1526,-82.6853,52.1447,-82.6761,52.1439,-82.6695
223,52.1612,-82.7011,52.161,-82.7004,52.1531,-82.6912,52.1524,-82.6846
224,52.1696,-82.7163,52.1695,-82.7156,52.1616,-82.7064,52.1608,-82.6998
225,52.1781,-82.7315,52.1779,-82.7308,52.17,-82.7216,52.1693,-82.715
226,52.1865,-82.7467,52.1864,-82.746,52.1785,-82.7368,52.1777,-82.7302
227,52.195,-82.7619,52.1948,-82.7612,52.1869,-82.752,52.1862,-82.7454
228,52.2034,-82.7771,52.2033,-82.7764,52.1954,-82.7672,52.1946,-82.7606
229,52.2119,-82.7923,52.2117,-82.7916,52.2038,-82.7824,52.203,-82.7758
230,52.2203,-82.8076,52.2201,-82.8069,52.2122,-82.7976,52.2115,-82.791
231,52.2287,-82.8228,52.2286,-82.8221,52.2207,-82.8129,52.2199,-82.8063
232,52.2371,-82.8381,52.237,-82.8373,52.2291,-82.8281,52.2283,-82.8215
233,52.2456,-82.8533,52.2454,-82.8526,52.2375,-82.8434,52.2367,-82.8368
234,52.254,-82.8686,52.2538,-82.8679,52.2459,-82.8586,52.2451,-82.852
235,52.2624,-82.8839,52.2622,-82.8831,52.2543,-82.8739,52.2536,-82.8673
236,52.2708,-82.8991,52.2706,-82.8984,52.2627,-82.8892,52.262,-82.8826
237,52.2792,-82.9144,52.2791,-82.9137,52.2711,-82.9045,52.2704,-82.8979
238,52.2876,-82.9297,52.2874,-82.929,52.2795,-82.9198,52.2788,-82.9132
239,52.296,-82.9451,52.2958,-82.9443,52.2879,-82.9351,52.2872,-82.9285
240,52.3044,-82.9604,52.3042,-82.9597,52.2963,-82.9504,52.2955,-82.9438
241,52.3128,-82.9757,52.3126,-82.975,52.3047,-82.9657,52.3039,-82.9591
242,52.3211,-82.991,52.321,-82.9903,52.3131,-82.9811,52.3123,-82.9745
243,52.3295,-83.0064,52.3294,-83.0057,52.3215,-82.9964,52.3207,-82.9898
244,52.3379,-83.0217,52.3378,-83.021,52.3298,-83.0118,52.3291,-83.0052
245,52.3463,-83.0371,52.3461,-83.0364,52.3382,-83.0271,52.3374,-83.0205
246,52.3546,-83.0525,52.3545,-83.0518,52.3466,-83.0425,52.3458,-83.0359
247,52.363,-83.0679,52.3629,-83.0672,52.3549,-83.0579,52.3542,-83.0513
248,52.3714,-83.0833,52.3712,-83.0825,52.3633,-83.0733,52.3625,-83.0667
249,52.3797,-83.0987,52.3796,-83.0979,52.3717,-83.0887,52.3709,-83.0821
250,52.3881,-83.1141,52.3879,-83.1134,52.38,-83.1041,52.3792,-83.0975
251,52.3964,-83.1295,52.3963,-83.1288,52.3884,-83.1195,52.3876,-83.1129
252,52.4047,-83.1449,52.4046,-83.1442,52.3967,-83.1349,52.3959,-83.1283
253,52.4131,-83.1603,52.4129,-83.1596,52.405,-83.1503,52.4043,-83.1437
254,52.4214,-83.1758,52.4213,-83.1751,52.4134,-83.1658,52.4126,-83.1592
255,52.4298,-83.1912,52.4296,-83.1905,52.4217,-83.1812,52.4209,-83.1746
256,52.4381,-83.2067,52.4379,-83.206,52.43,-83.1967,52.4293,-83.1901
257,52.4464,-83.2221,52.4463,-83.2214,52.4384,-83.2121,52.4376,-83.2055
258,52.4547,-83.2376,52.4546,-83.2369,52.4467,-83.2276,52.4459,-83.221
259,52.4631,-83.2531,52.4629,-83.2524,52.455,-83.2431,52.4542,-83.2365
260,52.4714,-83.2686,52.4712,-83.2679,52.4633,-83.2586,52.4625,-83.2519
261,52.4797,-83.2841,52.4795,-83.2834,52.4716,-83.274,52.4709,-83.2674
262,52.488,-83.2996,52.4879,-83.2989,52.4799,-83.2895,52.4792,-83.2829
263,52.4963,-83.3151,52.4962,-83.3144,52.4883,-83.3051,52.4875,-83.2984
264,52.5046,-83.3306,52.5045,-83.3299,52.4966,-83.3206,52.4958,-83.314
265,52.5129,-83.3461,52.5128,-83.3454,52.5049,-83.3361,52.5041,-83.3295
266,52.5212,-83.3616,52.5211,-83.3609,52.5132,-83.3516,52.5124,-83.345
267,52.5295,-83.3772,52.5294,-83.3765,52.5214,-83.3672,52.5207,-83.3605
268,52.5378,-83.3927,52.5376,-83.392,52.5297,-83.3827,52.529,-83.3761
269,52.5461,-83.4083,52.5459,-83.4076,52.538,-83.3982,52.5372,-83.3916
270,52.5544,-83.4239,52.5542,-83.4231,52.5463,-83.4138,52.5455,-83.4072
271,52.5626,-83.4394,52.5625,-83.4387,52.5546,-83.4294,52.5538,-83.4228
272,52.5709,-83.455,52.5708,-83.4543,52.5629,-83.4449,52.5621,-83.4383
273,52.5792,-83.4706,52.5791,-83.4699,52.5711,-83.4605,52.5704,-83.4539
274,52.5875,-83.4862,52.5873,-83.4855,52.5794,-83.4761,52.5786,-83.4695
275,52.5957,-83.5018,52.5956,-83.5011,52.5877,-83.4917,52.5869,-83.4851
276,52.604,-83.5174,52.6039,-83.5167,52.596,-83.5073,52.5952,-83.5007
277,52.6123,-83.533,52.6121,-83.5323,52.6042,-83.5229,52.6034,-83.5163
278,52.6205,-83.5486,52.6204,-83.5479,52.6125,-83.5385,52.6117,-83.5319
279,52.6288,-83.5642,52.6286,-83.5635,52.6207,-83.5542,52.62,-83.5475
280,52.637,-83.5799,52.6369,-83.5791,52.629,-83.5698,52.6282,-83.5632
281,52.6453,-83.5955,52.6452,-83.5948,52.6372,-83.5854,52.6365,-83.5788
282,52.6536,-83.6111,52.6534,-83.6104,52.6455,-83.6011,52.6447,-83.5944
283,52.6618,-83.6268,52.6617,-83.6261,52.6537,-83.6167,52.653,-83.6101
284,52.67,-83.6425,52.6699,-83.6417,52.662,-83.6324,52.6612,-83.6257
285,52.6783,-83.6581,52.6781,-83.6574,52.6702,-83.648,52.6695,-83.6414
286,52.6865,-83.6738,52.6864,-83.6731,52.6785,-83.6637,52.6777,-83.6571
287,52.6948,-83.6895,52.6946,-83.6888,52.6867,-83.6794,52.6859,-83.6728
288,52.703,-83.7051,52.7029,-83.7044,52.695,-83.6951,52.6942,-83.6884
289,52.7112,-83.7208,52.7111,-83.7201,52.7032,-83.7107,52.7024,-83.7041
290,52.7195,-83.7365,52.7193,-83.7358,52.7114,-83.7264,52.7106,-83.7198
291,52.7277,-83.7522,52.7276,-83.7515,52.7196,-83.7421,52.7189,-83.7355
292,52.7359,-83.7679,52.7358,-83.7672,52.7279,-83.7578,52.7271,-83.7512
293,52.7442,-83.7837,52.744,-83.7829,52.7361,-83.7735,52.7353,-83.7669
294,52.7524,-83.7994,52.7522,-83.7987,52.7443,-83.7893,52.7436,-83.7826
295,52.7606,-83.8151,52.7605,-83.8144,52.7525,-83.805,52.7518,-83.7984
296,52.7688,-83.8308,52.7687,-83.8301,52.7608,-83.8207,52.76,-83.8141
297,52.777,-83.8466,52.7769,-83.8459,52.769,-83.8365,52.7682,-83.8298
298,52.7853,-83.8623,52.7851,-83.8616,52.7772,-83.8522,52.7764,-83.8456
299,52.7935,-83.8781,52.7933,-83.8774,52.7854,-83.8679,52.7846,-83.8613
300,52.8017,-83.8938,52.8015,-83.8931,52.7936,-83.8837,52.7928,-83.8771
301,52.8099,-83.9096,52.8097,-83.9089,52.8018,-83.8994,52.8011,-83.8928
302,52.8181,-83.9253,52.8179,-83.9246,52.81,-83.9152,52.8093,-83.9086
303,52.8263,-83.9411,52.8262,-83.9404,52.8182,-83.931,52.8175,-83.9244
304,52.8345,-83.9569,52.8344,-83.9562,52.8265,-83.9468,52.8257,-83.9401
305,52.8427,-83.9727,52.8426,-83.972,52.8347,-83.9625,52.8339,-83.9559
306,52.8509,-83.9885,52.8508,-83.9877,52.8429,-83.9783,52.8421,-83.9717
307,52.8591,-84.0043,52.859,-84.0035,52.8511,-83.9941,52.8503,-83.9875
308,52.8673,-84.0201,52.8672,-84.0193,52.8593,-84.0099,52.8585,-84.0033
309,52.8755,-84.0359,52.8754,-84.0351,52.8675,-84.0257,52.8667,-84.0191
310,52.8837,-84.0517,52.8836,-84.0509,52.8756,-84.0415,52.8749,-84.0349
311,52.8919,-84.0675,52.8918,-84.0668,52.8838,-84.0573,52.8831,-84.0507
312,52.9001,-84.0833,52.8999,-84.0826,52.892,-84.0731,52.8913,-84.0665
313,52.9083,-84.0991,52.9081,-84.0984,52.9002,-84.0889,52.8995,-84.0823
314,52.9165,-84.1149,52.9163,-84.1142,52.9084,-84.1048,52.9076,-84.0981
315,52.9247,-84.1308,52.9245,-84.1301,52.9166,-84.1206,52.9158,-84.114
316,52.9328,-84.1466,52.9327,-84.1459,52.9248,-84.1364,52.924,-84.1298
317,52.941,-84.1624,52.9409,-84.1617,52.933,-84.1523,52.9322,-84.1456
318,52.9492,-84.1783,52.9491,-84.1776,52.9412,-84.1681,52.9404,-84.1615
319,52.9574,-84.1941,52.9573,-84.1934,52.9494,-84.1839,52.9486,-84.1773
320,52.9656,-84.21,52.9654,-84.2093,52.9575,-84.1998,52.9568,-84.1932
321,52.9738,-84.2258,52.9736,-84.2251,52.9657,-84.2157,52.9649,-84.209
322,52.982,-84.2417,52.9818,-84.241,52.9739,-84.2315,52.9731,-84.2249
323,52.9901,-84.2576,52.99,-84.2569,52.9821,-84.2474,52.9813,-84.2407
324,52.9983,-84.2734,52.9982,-84.2727,52.9903,-84.2632,52.9895,-84.2566
325,53.0065,-84.2893,53.0064,-84.2886,52.9984,-84.2791,52.9977,-84.2725
326,53.0147,-84.3052,53.0145,-84.3045,53.0066,-84.295,53.0059,-84.2884
327,53.0229,-84.3211,53.0227,-84.3204,53.0148,-84.3109,53.014,-84.3042
328,53.031,-84.337,53.0309,-84.3362,53.023,-84.3267,53.0222,-84.3201
329,53.0392,-84.3528,53.0391,-84.3521,53.0312,-84.3426,53.0304,-84.336
330,53.0474,-84.3687,53.0473,-84.368,53.0393,-84.3585,53.0386,-84.3519
331,53.0556,-84.3846,53.0554,-84.3839,53.0475,-84.3744,53.0468,-84.3678
332,53.0638,-84.4005,53.0636,-84.3998,53.0557,-84.3903,53.0549,-84.3837
333,53.0719,-84.4164,53.0718,-84.4157,53.0639,-84.4062,53.0631,-84.3996
334,53.0801,-84.4323,53.08,-84.4316,53.0721,-84.4221,53.0713,-84.4155
335,53.0883,-84.4482,53.0881,-84.4475,53.0802,-84.438,53.0795,-84.4314
336,53.0965,-84.4641,53.0963,-84.4634,53.0884,-84.4539,53.0876,-84.4473
337,53.1047,-84.4801,53.1045,-84.4793,53.0966,-84.4698,53.0958,-84.4632
338,53.1128,-84.496,53.1127,-84.4952,53.1048,-84.4857,53.104,-84.4791
339,53.121,-84.5119,53.1209,-84.5112,53.113,-84.5016,53.1122,-84.495
340,53.1292,-84.5278,53.1291,-84.5271,53.1211,-84.5175,53.1204,-84.5109
341,53.1374,-84.5437,53.1373,-84.543,53.1294,-84.5334,53.1286,-84.5268
342,53.1457,-84.5594,53.1456,-84.5586,53.1377,-84.5491,53.1369,-84.5425
343,53.1543,-84.5747,53.1541,-84.574,53.1462,-84.5645,53.1455,-84.5578
344,53.1631,-84.5897,53.1629,-84.589,53.155,-84.5795,53.1542,-84.5729
345,53.1721,-84.6044,53.1719,-84.6037,53.164,-84.5941,53.1632,-84.5875
346,53.1813,-84.6187,53.1811,-84.618,53.1732,-84.6084,53.1724,-84.6018
347,53.1907,-84.6326,53.1906,-84.6318,53.1827,-84.6223,53.1819,-84.6157
348,53.2004,-84.646,53.2002,-84.6453,53.1923,-84.6358,53.1915,-84.6291
349,53.2102,-84.6591,53.2101,-84.6584,53.2022,-84.6489,53.2014,-84.6422
350,53.2203,-84.6718,53.2201,-84.6711,53.2122,-84.6615,53.2114,-84.6549
351,53.2305,-84.6841,53.2304,-84.6833,53.2225,-84.6738,53.2217,-84.6671
352,53.2409,-84.6959,53.2408,-84.6952,53.2329,-84.6856,53.2321,-84.679
353,53.2515,-84.7074,53.2513,-84.7067,53.2434,-84.6971,53.2427,-84.6905
354,53.2621,-84.7187,53.2619,-84.718,53.254,-84.7085,53.2532,-84.7018
355,53.2727,-84.73,53.2725,-84.7293,53.2646,-84.7197,53.2639,-84.7131
356,53.2833,-84.7413,53.2832,-84.7406,53.2753,-84.731,53.2745,-84.7244
357,53.2939,-84.7525,53.2938,-84.7518,53.2859,-84.7422,53.2851,-84.7356
358,53.3046,-84.7638,53.3044,-84.7631,53.2965,-84.7535,53.2957,-84.7468
359,53.3152,-84.775,53.3151,-84.7743,53.3072,-84.7647,53.3064,-84.7581
360,53.3258,-84.7863,53.3257,-84.7856,53.3178,-84.776,53.317,-84.7693
361,53.3365,-84.7975,53.3363,-84.7968,53.3284,-84.7872,53.3276,-84.7806
362,53.3471,-84.8087,53.347,-84.808,53.3391,-84.7984,53.3383,-84.7918
363,53.3578,-84.82,53.3576,-84.8193,53.3497,-84.8097,53.3489,-84.803
364,53.3684,-84.8312,53.3682,-84.8305,53.3603,-84.8209,53.3596,-84.8143
365,53.379,-84.8424,53.3789,-84.8417,53.371,-84.8321,53.3702,-84.8255
366,53.3897,-84.8537,53.3895,-84.853,53.3816,-84.8434,53.3809,-84.8367
367,53.4003,-84.8649,53.4002,-84.8642,53.3923,-84.8546,53.3915,-84.8479
368,53.411,-84.8761,53.4108,-84.8754,53.4029,-84.8658,53.4022,-84.8592
369,53.4216,-84.8873,53.4215,-84.8866,53.4136,-84.877,53.4128,-84.8704
370,53.4323,-84.8986,53.4321,-84.8978,53.4242,-84.8882,53.4235,-84.8816
371,53.4429,-84.9098,53.4428,-84.9091,53.4349,-84.8995,53.4341,-84.8928
372,53.4536,-84.921,53.4535,-84.9203,53.4455,-84.9107,53.4448,-84.904
373,53.4643,-84.9322,53.4641,-84.9315,53.4562,-84.9219,53.4554,-84.9152
374,53.4749,-84.9434,53.4748,-84.9427,53.4669,-84.9331,53.4661,-84.9264
375,53.4856,-84.9546,53.4854,-84.9539,53.4775,-84.9443,53.4768,-84.9376
376,53.4963,-84.9658,53.4961,-84.9651,53.4882,-84.9555,53.4874,-84.9488
377,53.5069,-84.977,53.5068,-84.9763,53.4989,-84.9667,53.4981,-84.96
378,53.5176,-84.9882,53.5174,-84.9875,53.5095,-84.9779,53.5088,-84.9712
379,53.5283,-84.9994,53.5281,-84.9987,53.5202,-84.989,53.5194,-84.9824
380,53.5389,-85.0106,53.5388,-85.0099,53.5309,-85.0002,53.5301,-84.9936
381,53.5496,-85.0218,53.5495,-85.021,53.5416,-85.0114,53.5408,-85.0048
382,53.5603,-85.0329,53.5602,-85.0322,53.5522,-85.0226,53.5515,-85.0159
383,53.571,-85.0441,53.5708,-85.0434,53.5629,-85.0338,53.5622,-85.0271
384,53.5817,-85.0553,53.5815,-85.0546,53.5736,-85.0449,53.5728,-85.0383
385,53.5924,-85.0664,53.5922,-85.0657,53.5843,-85.0561,53.5835,-85.0494
386,53.6031,-85.0776,53.6029,-85.0769,53.595,-85.0673,53.5942,-85.0606
387,53.6137,-85.0888,53.6136,-85.088,53.6057,-85.0784,53.6049,-85.0718
388,53.6244,-85.0999,53.6243,-85.0992,53.6164,-85.0896,53.6156,-85.0829
389,53.6351,-85.1111,53.635,-85.1103,53.6271,-85.1007,53.6263,-85.0941
390,53.6458,-85.1222,53.6457,-85.1215,53.6378,-85.1118,53.637,-85.1052
391,53.6565,-85.1334,53.6564,-85.1326,53.6485,-85.123,53.6477,-85.1163
392,53.6673,-85.1445,53.6671,-85.1438,53.6592,-85.1341,53.6584,-85.1275
393,53.678,-85.1556,53.6778,-85.1549,53.6699,-85.1453,53.6691,-85.1386
394,53.6887,-85.1667,53.6885,-85.166,53.6806,-85.1564,53.6798,-85.1497
395,53.6994,-85.1779,53.6992,-85.1772,53.6913,-85.1675,53.6906,-85.1608
396,53.7101,-85.189,53.71,-85.1883,53.7021,-85.1786,53.7013,-85.172
397,53.7208,-85.2001,53.7207,-85.1994,53.7128,-85.1897,53.712,-85.1831
398,53.7316,-85.2112,53.7314,-85.2105,53.7235,-85.2008,53.7227,-85.1942
399,53.7423,-85.2223,53.7421,-85.2216,53.7342,-85.2119,53.7335,-85.2053
400,53.753,-85.2334,53.7529,-85.2327,53.745,-85.223,53.7442,-85.2164
401,53.7637,-85.2445,53.7636,-85.2438,53.7557,-85.2341,53.7549,-85.2275
402,53.7745,-85.2556,53.7743,-85.2549,53.7664,-85.2452,53.7657,-85.2385
403,53.7852,-85.2667,53.7851,-85.2659,53.7772,-85.2563,53.7764,-85.2496
404,53.796,-85.2777,53.7958,-85.277,53.7879,-85.2673,53.7871,-85.2607
405,53.8067,-85.2888,53.8066,-85.2881,53.7986,-85.2784,53.7979,-85.2718
406,53.8174,-85.2999,53.8173,-85.2992,53.8094,-85.2895,53.8086,-85.2828
407,53.8282,-85.3109,53.8281,-85.3102,53.8201,-85.3005,53.8194,-85.2939
408,53.839,-85.322,53.8388,-85.3213,53.8309,-85.3116,53.8301,-85.3049
409,53.8497,-85.333,53.8496,-85.3323,53.8417,-85.3226,53.8409,-85.316
410,53.8605,-85.3441,53.8603,-85.3434,53.8524,-85.3337,53.8516,-85.327
411,53.8712,-85.3551,53.8711,-85.3544,53.8632,-85.3447,53.8624,-85.338
412,53.882,-85.3661,53.8819,-85.3654,53.8739,-85.3557,53.8732,-85.3491
413,53.8928,-85.3772,53.8926,-85.3764,53.8847,-85.3667,53.8839,-85.3601
414,53.9035,-85.3882,53.9034,-85.3875,53.8955,-85.3778,53.8947,-85.3711
415,53.9143,-85.3992,53.9142,-85.3985,53.9063,-85.3888,53.9055,-85.3821
416,53.9251,-85.4102,53.925,-85.4095,53.917,-85.3998,53.9163,-85.3931
417,53.9359,-85.4212,53.9357,-85.4205,53.9278,-85.4108,53.9271,-85.4041
418,53.9467,-85.4322,53.9465,-85.4314,53.9386,-85.4217,53.9378,-85.4151
419,53.9575,-85.4431,53.9573,-85.4424,53.9494,-85.4327,53.9486,-85.4261
420,53.9683,-85.4541,53.9681,-85.4534,53.9602,-85.4437,53.9594,-85.437
421,53.9791,-85.4651,53.9789,-85.4644,53.971,-85.4547,53.9702,-85.448
422,53.9899,-85.476,53.9897,-85.4753,53.9818,-85.4656,53.981,-85.459
423,54.0007,-85.487,54.0005,-85.4863,53.9926,-85.4766,53.9918,-85.4699
424,54.0115,-85.4979,54.0113,-85.4972,54.0034,-85.4875,54.0026,-85.4809
425,54.0223,-85.5089,54.0221,-85.5082,54.0142,-85.4985,54.0134,-85.4918
426,54.0331,-85.5198,54.0329,-85.5191,54.025,-85.5094,54.0243,-85.5027
427,54.0439,-85.5307,54.0438,-85.53,54.0359,-85.5203,54.0351,-85.5136
428,54.0547,-85.5417,54.0546,-85.5409,54.0467,-85.5312,54.0459,-85.5246
429,54.0656,-85.5526,54.0654,-85.5518,54.0575,-85.5421,54.0567,-85.5355
430,54.0764,-85.5635,54.0762,-85.5627,54.0683,-85.553,54.0676,-85.5464
431,54.0872,-85.5744,54.0871,-85.5736,54.0792,-85.5639,54.0784,-85.5573
432,54.0981,-85.5852,54.0979,-85.5845,54.09,-85.5748,54.0892,-85.5681
433,54.1089,-85.5961,54.1088,-85.5954,54.1008,-85.5857,54.1001,-85.579
434,54.1197,-85.607,54.1196,-85.6063,54.1117,-85.5965,54.1109,-85.5899
435,54.1306,-85.6178,54.1304,-85.6171,54.1225,-85.6074,54.1218,-85.6007
436,54.1414,-85.6287,54.1413,-85.628,54.1334,-85.6182,54.1326,-85.6116
437,54.1523,-85.6395,54.1522,-85.6388,54.1442,-85.6291,54.1435,-85.6224
438,54.1632,-85.6504,54.163,-85.6496,54.1551,-85.6399,54.1543,-85.6332
439,54.174,-85.6612,54.1739,-85.6605,54.166,-85.6507,54.1652,-85.6441
440,54.1849,-85.672,54.1848,-85.6713,54.1768,-85.6615,54.1761,-85.6549
441,54.1958,-85.6828,54.1956,-85.6821,54.1877,-85.6723,54.1869,-85.6657
442,54.2066,-85.6936,54.2065,-85.6929,54.1986,-85.6831,54.1978,-85.6765
443,54.2175,-85.7044,54.2174,-85.7037,54.2095,-85.6939,54.2087,-85.6873
444,54.2284,-85.7152,54.2283,-85.7145,54.2204,-85.7047,54.2196,-85.698
445,54.2393,-85.7259,54.2392,-85.7252,54.2312,-85.7155,54.2305,-85.7088
446,54.2502,-85.7367,54.2501,-85.736,54.2421,-85.7262,54.2414,-85.7196
447,54.2611,-85.7475,54.2609,-85.7467,54.253,-85.737,54.2523,-85.7303
448,54.272,-85.7582,54.2719,-85.7575,54.2639,-85.7477,54.2632,-85.7411
449,54.2829,-85.7689,54.2828,-85.7682,54.2748,-85.7584,54.2741,-85.7518
450,54.2938,-85.7796,54.2937,-85.7789,54.2858,-85.7692,54.285,-85.7625
451,54.3047,-85.7904,54.3046,-85.7896,54.2967,-85.7799,54.2959,-85.7732
452,54.3156,-85.8011,54.3155,-85.8003,54.3076,-85.7906,54.3068,-85.7839
453,54.3266,-85.8117,54.3264,-85.811,54.3185,-85.8012,54.3177,-85.7946
454,54.3375,-85.8224,54.3374,-85.8217,54.3294,-85.8119,54.3287,-85.8053
455,54.3484,-85.8331,54.3483,-85.8324,54.3404,-85.8226,54.3396,-85.8159
456,54.3594,-85.8438,54.3592,-85.843,54.3513,-85.8333,54.3505,-85.8266
457,54.3703,-85.8544,54.3702,-85.8537,54.3623,-85.8439,54.3615,-85.8372
458,54.3813,-85.865,54.3811,-85.8643,54.3732,-85.8545,54.3724,-85.8479
459,54.3922,-85.8757,54.3921,-85.8749,54.3841,-85.8652,54.3834,-85.8585
460,54.4032,-85.8863,54.403,-85.8856,54.3951,-85.8758,54.3943,-85.8691
461,54.4141,-85.8969,54.414,-85.8962,54.4061,-85.8864,54.4053,-85.8797
462,54.4251,-85.9075,54.4249,-85.9068,54.417,-85.897,54.4163,-85.8903
463,54.4361,-85.9181,54.4359,-85.9173,54.428,-85.9075,54.4272,-85.9009
464,54.447,-85.9286,54.4469,-85.9279,54.439,-85.9181,54.4382,-85.9114
465,54.458,-85.9392,54.4579,-85.9385,54.4499,-85.9287,54.4492,-85.922
466,54.469,-85.9497,54.4688,-85.949,54.4609,-85.9392,54.4602,-85.9325
467,54.48,-85.9603,54.4798,-85.9595,54.4719,-85.9497,54.4711,-85.9431
468,54.491,-85.9708,54.4908,-85.9701,54.4829,-85.9603,54.4821,-85.9536
469,54.502,-85.9813,54.5018,-85.9806,54.4939,-85.9708,54.4931,-85.9641
470,54.513,-85.9918,54.5128,-85.9911,54.5049,-85.9813,54.5041,-85.9746
471,54.524,-86.0023,54.5238,-86.0016,54.5159,-85.9917,54.5151,-85.9851
472,54.535,-86.0127,54.5348,-86.012,54.5269,-86.0022,54.5262,-85.9956
473,54.546,-86.0232,54.5459,-86.0225,54.5379,-86.0127,54.5372,-86.006
474,54.557,-86.0337,54.5569,-86.0329,54.549,-86.0231,54.5482,-86.0165
475,54.5681,-86.0441,54.5679,-86.0434,54.56,-86.0336,54.5592,-86.0269
476,54.5791,-86.0545,54.5789,-86.0538,54.571,-86.044,54.5703,-86.0373
477,54.5901,-86.0649,54.59,-86.0642,54.5821,-86.0544,54.5813,-86.0477
478,54.6012,-86.0753,54.601,-86.0746,54.5931,-86.0648,54.5923,-86.0581
479,54.6122,-86.0857,54.6121,-86.085,54.6042,-86.0752,54.6034,-86.0685
480,54.6233,-86.0961,54.6231,-86.0954,54.6152,-86.0855,54.6144,-86.0789
481,54.6343,-86.1064,54.6342,-86.1057,54.6263,-86.0959,54.6255,-86.0892
482,54.6454,-86.1168,54.6452,-86.116,54.6373,-86.1062,54.6366,-86.0996
483,54.6565,-86.1271,54.6563,-86.1264,54.6484,-86.1165,54.6476,-86.1099
484,54.6675,-86.1374,54.6674,-86.1367,54.6595,-86.1269,54.6587,-86.1202
485,54.6786,-86.1477,54.6785,-86.147,54.6705,-86.1372,54.6698,-86.1305
486,54.6897,-86.158,54.6895,-86.1573,54.6816,-86.1474,54.6809,-86.1408
487,54.7008,-86.1683,54.7006,-86.1676,54.6927,-86.1577,54.6919,-86.151
488,54.7119,-86.1785,54.7117,-86.1778,54.7038,-86.168,54.703,-86.1613
489,54.723,-86.1888,54.7228,-86.1881,54.7149,-86.1782,54.7141,-86.1715
490,54.7341,-86.199,54.7339,-86.1983,54.726,-86.1884,54.7252,-86.1818
491,54.7452,-86.2092,54.745,-86.2085,54.7371,-86.1986,54.7364,-86.192
492,54.7563,-86.2194,54.7562,-86.2187,54.7482,-86.2088,54.7475,-86.2022
493,54.7674,-86.2296,54.7673,-86.2289,54.7594,-86.219,54.7586,-86.2124
494,54.7785,-86.2398,54.7784,-86.239,54.7705,-86.2292,54.7697,-86.2225
495,54.7897,-86.2499,54.7895,-86.2492,54.7816,-86.2393,54.7809,-86.2327
496,54.8008,-86.2601,54.8007,-86.2593,54.7928,-86.2495,54.792,-86.2428
497,54.812,-86.2702,54.8118,-86.2695,54.8039,-86.2596,54.8031,-86.2529
498,54.8231,-86.2803,54.823,-86.2796,54.8151,-86.2697,54.8143,-86.263
499,54.8343,-86.2904,54.8341,-86.2897,54.8262,-86.2798,54.8254,-86.2731
500,54.8454,-86.3004,54.8453,-86.2997,54.8374,-86.2899,54.8366,-86.2832
501,54.8566,-86.3105,54.8564,-86.3098,54.8485,-86.2999,54.8478,-86.2932
502,54.8678,-86.3206,54.8676,-86.3198,54.8597,-86.31,54.8589,-86.3033
503,54.8789,-86.3306,54.8788,-86.3299,54.8709,-86.32,54.8701,-86.3133
504,54.8901,-86.3406,54.89,-86.3399,54.8821,-86.33,54.8813,-86.3233
505,54.9013,-86.3506,54.9012,-86.3499,54.8933,-86.34,54.8925,-86.3333
506,54.9125,-86.3606,54.9124,-86.3598,54.9045,-86.3499,54.9037,-86.3433
507,54.9237,-86.3705,54.9236,-86.3698,54.9157,-86.3599,54.9149,-86.3532
508,54.9349,-86.3805,54.9348,-86.3797,54.9269,-86.3698,54.9261,-86.3632
509,54.9461,-86.3904,54.946,-86.3897,54.9381,-86.3798,54.9373,-86.3731
510,54.9573,-86.4003,54.9572,-86.3996,54.9493,-86.3897,54.9485,-86.383
511,54.9686,-86.4102,54.9684,-86.4094,54.9605,-86.3996,54.9597,-86.3929
512,54.9798,-86.42,54.9797,-86.4193,54.9717,-86.4094,54.971,-86.4028
513,54.991,-86.4299,54.9909,-86.4292,54.983,-86.4193,54.9822,-86.4126
514,55.0023,-86.4397,55.0021,-86.439,54.9942,-86.4291,54.9935,-86.4224
515,55.0135,-86.4496,55.0134,-86.4488,55.0055,-86.4389,55.0047,-86.4323
516,55.0248,-86.4593,55.0246,-86.4586,55.0167,-86.4487,55.016,-86.4421
517,55.036,-86.4691,55.0359,-86.4684,55.028,-86.4585,55.0272,-86.4518
518,55.0473,-86.4789,55.0472,-86.4782,55.0393,-86.4683,55.0385,-86.4616
519,55.0586,-86.4886,55.0584,-86.4879,55.0505,-86.478,55.0498,-86.4713
520,55.0699,-86.4984,55.0697,-86.4976,55.0618,-86.4877,55.061,-86.4811
521,55.0811,-86.5081,55.081,-86.5073,55.0731,-86.4974,55.0723,-86.4908
522,55.0924,-86.5178,55.0923,-86.517,55.0844,-86.5071,55.0836,-86.5004
523,55.1037,-86.5274,55.1036,-86.5267,55.0957,-86.5168,55.0949,-86.5101
524,55.115,-86.5371,55.1149,-86.5363,55.107,-86.5264,55.1062,-86.5198
525,55.1263,-86.5467,55.1262,-86.546,55.1183,-86.5361,55.1175,-86.5294
526,55.1377,-86.5563,55.1375,-86.5556,55.1296,-86.5457,55.1288,-86.539
527,55.149,-86.5659,55.1488,-86.5652,55.1409,-86.5552,55.1402,-86.5486
528,55.1603,-86.5755,55.1602,-86.5747,55.1523,-86.5648,55.1515,-86.5581
529,55.1716,-86.585,55.1715,-86.5843,55.1636,-86.5744,55.1628,-86.5677
530,55.183,-86.5945,55.1828,-86.5938,55.1749,-86.5839,55.1742,-86.5772
531,55.1943,-86.604,55.1942,-86.6033,55.1863,-86.5934,55.1855,-86.5867
532,55.2057,-86.6135,55.2055,-86.6128,55.1976,-86.6029,55.1969,-86.5962
533,55.2171,-86.623,55.2169,-86.6223,55.209,-86.6123,55.2082,-86.6057
534,55.2284,-86.6324,55.2283,-86.6317,55.2204,-86.6218,55.2196,-86.6151
535,55.2398,-86.6419,55.2396,-86.6411,55.2317,-86.6312,55.231,-86.6245
536,55.2512,-86.6513,55.251,-86.6505,55.2431,-86.6406,55.2423,-86.6339
537,55.2626,-86.6606,55.2624,-86.6599,55.2545,-86.65,55.2537,-86.6433
538,55.274,-86.67,55.2738,-86.6693,55.2659,-86.6593,55.2651,-86.6527
539,55.2854,-86.6793,55.2852,-86.6786,55.2773,-86.6687,55.2765,-86.662
540,55.2968,-86.6887,55.2966,-86.6879,55.2887,-86.678,55.2879,-86.6713
541,55.3082,-86.6979,55.308,-86.6972,55.3001,-86.6873,55.2993,-86.6806
542,55.3196,-86.7072,55.3194,-86.7065,55.3115,-86.6965,55.3108,-86.6899
543,55.331,-86.7165,55.3309,-86.7157,55.323,-86.7058,55.3222,-86.6991
544,55.3424,-86.7257,55.3423,-86.725,55.3344,-86.715,55.3336,-86.7083
545,55.3539,-86.7349,55.3537,-86.7342,55.3458,-86.7242,55.3451,-86.7175
546,55.3653,-86.7441,55.3652,-86.7433,55.3573,-86.7334,55.3565,-86.7267
547,55.3768,-86.7532,55.3766,-86.7525,55.3687,-86.7425,55.368,-86.7359
548,55.3882,-86.7624,55.3881,-86.7616,55.3802,-86.7517,55.3794,-86.745
549,55.3997,-86.7715,55.3996,-86.7707,55.3917,-86.7608,55.3909,-86.7541
550,55.4112,-86.7806,55.411,-86.7798,55.4031,-86.7699,55.4024,-86.7632
551,55.4227,-86.7896,55.4225,-86.7889,55.4146,-86.7789,55.4138,-86.7722
552,55.4342,-86.7986,55.434,-86.7979,55.4261,-86.788,55.4253,-86.7813
553,55.4456,-86.8077,55.4455,-86.8069,55.4376,-86.797,55.4368,-86.7903
554,55.4571,-86.8166,55.457,-86.8159,55.4491,-86.806,55.4483,-86.7993
555,55.4687,-86.8256,55.4685,-86.8249,55.4606,-86.8149,55.4598,-86.8082
556,55.4802,-86.8346,55.48,-86.8338,55.4721,-86.8239,55.4713,-86.8172
557,55.4917,-86.8435,55.4915,-86.8427,55.4836,-86.8328,55.4829,-86.8261
558,55.5032,-86.8524,55.5031,-86.8516,55.4952,-86.8417,55.4944,-86.835
559,55.5148,-86.8612,55.5146,-86.8605,55.5067,-86.8505,55.5059,-86.8438
560,55.5263,-86.8701,55.5261,-86.8693,55.5182,-86.8594,55.5175,-86.8527
561,55.5378,-86.8789,55.5377,-86.8781,55.5298,-86.8682,55.529,-86.8615
562,55.5494,-86.8877,55.5493,-86.8869,55.5413,-86.8769,55.5406,-86.8703
563,55.561,-86.8964,55.5608,-86.8957,55.5529,-86.8857,55.5521,-86.879
564,55.5725,-86.9052,55.5724,-86.9044,55.5645,-86.8944,55.5637,-86.8878
565,55.5841,-86.9139,55.584,-86.9131,55.5761,-86.9031,55.5753,-86.8965
566,55.5957,-86.9225,55.5955,-86.9218,55.5876,-86.9118,55.5869,-86.9051
567,55.6073,-86.9312,55.6071,-86.9305,55.5992,-86.9205,55.5985,-86.9138
568,55.6189,-86.9398,55.6187,-86.9391,55.6108,-86.9291,55.6101,-86.9224
569,55.6305,-86.9484,55.6303,-86.9477,55.6224,-86.9377,55.6217,-86.931
570,55.6421,-86.957,55.642,-86.9563,55.634,-86.9463,55.6333,-86.9396
571,55.6537,-86.9655,55.6536,-86.9648,55.6457,-86.9548,55.6449,-86.9481
572,55.6653,-86.974,55.6652,-86.9733,55.6573,-86.9633,55.6565,-86.9566
573,55.677,-86.9825,55.6768,-86.9818,55.6689,-86.9718,55.6681,-86.9651
574,55.6886,-86.991,55.6885,-86.9903,55.6806,-86.9803,55.6798,-86.9736
575,55.7003,-86.9994,55.7001,-86.9987,55.6922,-86.9887,55.6914,-86.982
576,55.7119,-87.0078,55.7118,-87.0071,55.7039,-86.9971,55.7031,-86.9904
577,55.7236,-87.0162,55.7234,-87.0155,55.7155,-87.0055,55.7148,-86.9988
578,55.7352,-87.0246,55.7351,-87.0238,55.7272,-87.0138,55.7264,-87.0071
579,55.7469,-87.0329,55.7468,-87.0321,55.7389,-87.0221,55.7381,-87.0154
580,55.7586,-87.0412,55.7585,-87.0404,55.7506,-87.0304,55.7498,-87.0237
581,55.7703,-87.0494,55.7702,-87.0487,55.7622,-87.0387,55.7615,-87.032
582,55.782,-87.0576,55.7819,-87.0569,55.7739,-87.0469,55.7732,-87.0402
583,55.7937,-87.0658,55.7936,-87.0651,55.7856,-87.0551,55.7849,-87.0484
584,55.8054,-87.074,55.8053,-87.0733,55.7974,-87.0633,55.7966,-87.0566
585,55.8171,-87.0821,55.817,-87.0814,55.8091,-87.0714,55.8083,-87.0647
586,55.8289,-87.0902,55.8287,-87.0895,55.8208,-87.0795,55.82,-87.0728
587,55.8406,-87.0983,55.8405,-87.0976,55.8325,-87.0876,55.8318,-87.0809
588,55.8523,-87.1064,55.8522,-87.1056,55.8443,-87.0956,55.8435,-87.0889
589,55.8641,-87.1144,55.8639,-87.1137,55.856,-87.1036,55.8553,-87.0969
590,55.8758,-87.1224,55.8757,-87.1216,55.8678,-87.1116,55.867,-87.1049
591,55.8876,-87.1303,55.8875,-87.1296,55.8796,-87.1195,55.8788,-87.1129
592,55.8994,-87.1382,55.8992,-87.1375,55.8913,-87.1275,55.8906,-87.1208
593,55.9112,-87.1461,55.911,-87.1454,55.9031,-87.1353,55.9023,-87.1287
594,55.9229,-87.154,55.9228,-87.1532,55.9149,-87.1432,55.9141,-87.1365
595,55.9347,-87.1618,55.9346,-87.1611,55.9267,-87.151,55.9259,-87.1443
596,55.9465,-87.1696,55.9464,-87.1688,55.9385,-87.1588,55.9377,-87.1521
597,55.9583,-87.1773,55.9582,-87.1766,55.9503,-87.1666,55.9495,-87.1599
598,55.9702,-87.185,55.97,-87.1843,55.9621,-87.1743,55.9613,-87.1676
599,55.982,-87.1927,55.9818,-87.192,55.9739,-87.182,55.9732,-87.1753
600,55.9938,-87.2004,55.9937,-87.1997,55.9858,-87.1896,55.985,-87.1829
601,56.0056,-87.208,56.0055,-87.2073,55.9976,-87.1972,55.9968,-87.1905
602,56.0175,-87.2156,56.0173,-87.2149,56.0094,-87.2048,56.0087,-87.1981
603,56.0293,-87.2231,56.0292,-87.2224,56.0213,-87.2124,56.0205,-87.2057
604,56.0412,-87.2307,56.0411,-87.2299,56.0331,-87.2199,56.0324,-87.2132
605,56.0531,-87.2381,56.0529,-87.2374,56.045,-87.2274,56.0442,-87.2207
606,56.0649,-87.2456,56.0648,-87.2449,56.0569,-87.2348,56.0561,-87.2281
607,56.0768,-87.253,56.0767,-87.2523,56.0688,-87.2422,56.068,-87.2355
608,56.0887,-87.2604,56.0886,-87.2597,56.0807,-87.2496,56.0799,-87.2429
609,56.1006,-87.2677,56.1005,-87.267,56.0926,-87.2569,56.0918,-87.2503
610,56.1125,-87.275,56.1124,-87.2743,56.1045,-87.2642,56.1037,-87.2576
611,56.1244,-87.2823,56.1243,-87.2816,56.1164,-87.2715,56.1156,-87.2648
612,56.1363,-87.2895,56.1362,-87.2888,56.1283,-87.2787,56.1275,-87.2721
613,56.1483,-87.2967,56.1481,-87.296,56.1402,-87.2859,56.1394,-87.2793
614,56.1602,-87.3039,56.1601,-87.3032,56.1521,-87.2931,56.1514,-87.2864
615,56.1721,-87.311,56.172,-87.3103,56.1641,-87.3002,56.1633,-87.2935
616,56.1841,-87.3181,56.1839,-87.3174,56.176,-87.3073,56.1753,-87.3006
617,56.196,-87.3252,56.1959,-87.3244,56.188,-87.3144,56.1872,-87.3077
618,56.208,-87.3322,56.2079,-87.3314,56.1999,-87.3214,56.1992,-87.3147
619,56.22,-87.3391,56.2198,-87.3384,56.2119,-87.3283,56.2111,-87.3216
620,56.2319,-87.3461,56.2318,-87.3453,56.2239,-87.3353,56.2231,-87.3286
621,56.2439,-87.353,56.2438,-87.3522,56.2359,-87.3422,56.2351,-87.3355
622,56.2559,-87.3598,56.2558,-87.3591,56.2479,-87.349,56.2471,-87.3423
623,56.2679,-87.3666,56.2678,-87.3659,56.2599,-87.3558,56.2591,-87.3492
624,56.2799,-87.3734,56.2798,-87.3727,56.2719,-87.3626,56.2711,-87.3559
625,56.2919,-87.3802,56.2918,-87.3795,56.2839,-87.3694,56.2831,-87.3627
626,56.3039,-87.3869,56.3038,-87.3862,56.2959,-87.3761,56.2951,-87.3694
627,56.316,-87.3936,56.3158,-87.3928,56.3079,-87.3827,56.3071,-87.376
628,56.328,-87.4002,56.3279,-87.3994,56.32,-87.3894,56.3192,-87.3827
629,56.3401,-87.4067,56.3399,-87.406,56.332,-87.3959,56.3312,-87.3892
630,56.3521,-87.4133,56.3519,-87.4126,56.344,-87.4025,56.3433,-87.3958
631,56.3641,-87.4198,56.364,-87.4191,56.3561,-87.409,56.3553,-87.4023
632,56.3762,-87.4263,56.3761,-87.4255,56.3682,-87.4154,56.3674,-87.4088
