Time,Heading_Angle,Flight_Path_Angle,Radial_Distance,Longitude,Latitude,Lift,Bank_Angle,LOS_Distance_Lateral,Altitude_Error,Delta_V_Lateral,LOS_Angle_Lateral,LOS_Angle_Longitudnal,Reaction_Jet_Lateral,Reaction_Jet_Longitudnal
1,0,0,6.371e+06,-80,50,0,0,1.48941e+06,-10000,0,328.548,0.384683,0,0
2,328.548,0.384683,6.3818e+06,-80,50,0,0,1.48841e+06,800,-65.8569,328.546,-0.0307957,0,0
3,328.546,-0.0307957,6.3818e+06,-80,50,0,0,1.48742e+06,800,-65.6218,328.543,-0.0308163,0,0
4,328.543,-0.0308163,6.3818e+06,-80,50,0,0,1.48642e+06,800,-61.369,328.541,-0.0308369,0,0
5,328.541,-0.0308369,6.3818e+06,-80,50,0,0,1.48542e+06,800,-65.1472,328.538,-0.0308576,0,0
6,328.538,-0.0308576,6.3818e+06,-80,50,0,0,1.48442e+06,800,-72.6091,328.535,-0.0308784,0,0
7,328.535,-0.0308784,6.3818e+06,-80,50,0,0,1.48342e+06,800,-60.6582,328.533,-0.0308992,0,0
8,328.533,-0.0308992,6.3818e+06,-80,50,0,0,1.48243e+06,800,-64.4399,328.531,-0.0309199,0,0
9,328.531,-0.0309199,6.3818e+06,-80,50,0,0,1.48143e+06,800,-64.204,328.528,-0.0309407,0,0
10,328.528,-0.0309407,6.3818e+06,-80,50,0,0,1.48044e+06,800,-63.9681,328.526,-0.0309615,0,0
11,328.526,-0.0309615,6.3818e+06,-80,50,0,0,1.47944e+06,800,-63.732,328.523,-0.0309823,0,0
12,328.523,-0.0309823,6.3818e+06,-80,50,0,0,1.47845e+06,800,-63.4958,328.521,-0.0310032,0,0
13,328.521,-0.0310032,6.3818e+06,-80,50,0,0,1.47745e+06,800,-70.9485,328.518,-0.0310242,0,0
14,328.518,-0.0310242,6.3818e+06,-80,50,0,0,1.47645e+06,800,-63.0266,328.515,-0.0310451,0,0
15,328.515,-0.0310451,6.3818e+06,-80,50,0,0,1.47546e+06,800,-62.79,328.513,-0.0310661,0,0
16,328.513,-0.0310661,6.3818e+06,-80,50,0,0,1.47446e+06,800,-66.5868,328.51,-0.031087,0,0
17,328.51,-0.031087,6.3818e+06,-80,50,0,0,1.47347e+06,800,-62.3207,328.508,-0.031108,0,0
18,328.508,-0.031108,6.3818e+06,-80,50,0,0,1.47246e+06,800,-69.7667,328.505,-0.0311292,0,0
19,328.505,-0.0311292,6.3818e+06,-80,50,0,0,1.47147e+06,800,-61.8502,328.503,-0.0311502,0,0
20,328.503,-0.0311502,6.3818e+06,-80,50,0,0,1.47048e+06,800,-65.6517,328.5,-0.0311713,0,0
21,328.5,-0.0311713,6.3818e+06,-80,50,0,0,1.46948e+06,800,-61.3799,328.498,-0.0311924,0,0
22,328.498,-0.0311924,6.3818e+06,-80,50,0,0,1.46848e+06,800,-72.862,328.495,-0.0312136,0,0
23,328.495,-0.0312136,6.3818e+06,-80,50,0,0,1.46748e+06,800,-60.9126,328.493,-0.0312348,0,0
24,328.493,-0.0312348,6.3818e+06,-80,50,0,0,1.46649e+06,800,-64.7189,328.49,-0.031256,0,0
25,328.49,-0.031256,6.3818e+06,-80,50,0,0,1.46549e+06,800,-72.1613,328.487,-0.0312773,0,0
26,328.487,-0.0312773,6.3818e+06,-80,50,0,0,1.46449e+06,800,-60.2112,328.485,-0.0312986,0,0
27,328.485,-0.0312986,6.3818e+06,-80,50,0,0,1.4635e+06,800,-64.021,328.482,-0.0313198,0,0
28,328.482,-0.0313198,6.3818e+06,-80,50,0,0,1.4625e+06,800,-71.4595,328.48,-0.0313413,0,0
29,328.48,-0.0313413,6.3818e+06,-80,50,0,0,1.46151e+06,800,-63.5591,328.477,-0.0313625,0,0
30,328.477,-0.0313625,6.3818e+06,-80,50,0,0,1.46052e+06,800,-63.3262,328.475,-0.0313839,0,0
31,328.475,-0.0313839,6.3818e+06,-80,50,0,0,1.45951e+06,800,-70.7608,328.472,-0.0314054,0,0
32,328.472,-0.0314054,6.3818e+06,-80,50,0,0,1.45852e+06,800,-62.8635,328.469,-0.0314268,0,0
33,328.469,-0.0314268,6.3818e+06,-80,50,0,0,1.45753e+06,800,-62.6302,328.467,-0.0314482,0,0
34,328.467,-0.0314482,6.3818e+06,-80,50,0,0,1.45653e+06,800,-70.0609,328.464,-0.0314698,0,0
35,328.464,-0.0314698,6.3818e+06,-80,50,0,0,1.45553e+06,800,-62.1669,328.462,-0.0314913,0,0
36,328.462,-0.0314913,6.3818e+06,-80,50,0,0,1.45453e+06,800,-69.595,328.459,-0.031513,0,0
37,328.459,-0.031513,6.3818e+06,-80,50,0,0,1.45354e+06,800,-61.703,328.457,-0.0315346,0,0
38,328.457,-0.0315346,6.3818e+06,-80,50,0,0,1.45255e+06,800,-65.5314,328.454,-0.0315561,0,0
39,328.454,-0.0315561,6.3818e+06,-80,50,0,0,1.45154e+06,800,-68.8976,328.451,-0.0315778,0,0
40,328.451,-0.0315778,6.3818e+06,-80,50,0,0,1.45055e+06,800,-61.0087,328.449,-0.0315995,0,0
41,328.449,-0.0315995,6.3818e+06,-80,50,0,0,1.44955e+06,800,-72.4967,328.446,-0.0316212,0,0
42,328.446,-0.0316212,6.3818e+06,-80,50,0,0,1.44856e+06,800,-60.5479,328.444,-0.031643,0,0
43,328.444,-0.031643,6.3818e+06,-80,50,0,0,1.44756e+06,800,-72.0359,328.441,-0.0316648,0,0
44,328.441,-0.0316648,6.3818e+06,-80,50,0,0,1.44656e+06,800,-60.0866,328.438,-0.0316866,0,0
45,328.438,-0.0316866,6.3818e+06,-80,50,0,0,1.44556e+06,800,-71.5746,328.436,-0.0317085,0,0
46,328.436,-0.0317085,6.3818e+06,-80,50,0,0,1.44457e+06,800,-63.6976,328.433,-0.0317302,0,0
47,328.433,-0.0317302,6.3818e+06,-80,50,0,0,1.44357e+06,800,-67.043,328.43,-0.0317522,0,0
48,328.43,-0.0317522,6.3818e+06,-80,50,0,0,1.44258e+06,800,-63.2379,328.428,-0.0317741,0,0
49,328.428,-0.0317741,6.3818e+06,-80,50,0,0,1.44158e+06,800,-70.6549,328.425,-0.0317961,0,0
50,328.425,-0.0317961,6.3818e+06,-80,50,0,0,1.44059e+06,800,-62.782,328.423,-0.031818,0,0
51,328.423,-0.031818,6.3818e+06,-80,50,0,0,1.43959e+06,800,-70.1964,328.42,-0.0318401,0,0
52,328.42,-0.0318401,6.3818e+06,-80,50,0,0,1.4386e+06,800,-62.3256,328.417,-0.031862,0,0
53,328.417,-0.031862,6.3818e+06,-80,50,0,0,1.4376e+06,800,-69.7375,328.415,-0.0318842,0,0
54,328.415,-0.0318842,6.3818e+06,-80,50,0,0,1.43661e+06,800,-61.8687,328.412,-0.0319062,0,0
55,328.412,-0.0319062,6.3818e+06,-80,50,0,0,1.43561e+06,800,-69.278,328.409,-0.0319284,0,0
56,328.409,-0.0319284,6.3818e+06,-80,50,0,0,1.43461e+06,800,-69.05,328.407,-0.0319507,0,0
57,328.407,-0.0319507,6.3818e+06,-80,50,0,0,1.43361e+06,800,-61.1844,328.404,-0.0319728,0,0
58,328.404,-0.0319728,6.3818e+06,-80,50,0,0,1.43261e+06,800,-68.5898,328.401,-0.0319951,0,0
59,328.401,-0.0319951,6.3818e+06,-80,50,0,0,1.43163e+06,800,-64.8161,328.399,-0.0320172,0,0
60,328.399,-0.0320172,6.3818e+06,-80,50,0,0,1.43062e+06,800,-68.1335,328.396,-0.0320396,0,0
61,328.396,-0.0320396,6.3818e+06,-80,50,0,0,1.42962e+06,800,-67.9049,328.393,-0.032062,0,0
62,328.393,-0.032062,6.3818e+06,-80,50,0,0,1.42864e+06,800,-64.1381,328.391,-0.0320842,0,0
63,328.391,-0.0320842,6.3818e+06,-80,50,0,0,1.42763e+06,800,-67.4478,328.388,-0.0321067,0,0
64,328.388,-0.0321067,6.3818e+06,-80,50,0,0,1.42664e+06,800,-71.3151,328.385,-0.0321291,0,0
65,328.385,-0.0321291,6.3818e+06,-80,50,0,0,1.42564e+06,800,-59.3657,328.383,-0.0321515,0,0
66,328.383,-0.0321515,6.3818e+06,-80,50,0,0,1.42465e+06,800,-70.8599,328.38,-0.032174,0,0
67,328.38,-0.032174,6.3818e+06,-80,50,0,0,1.42365e+06,800,-66.536,328.377,-0.0321966,0,0
68,328.377,-0.0321966,6.3818e+06,-80,50,0,0,1.42266e+06,800,-62.7831,328.375,-0.032219,0,0
69,328.375,-0.032219,6.3818e+06,-80,50,0,0,1.42166e+06,800,-70.1803,328.372,-0.0322416,0,0
70,328.372,-0.0322416,6.3818e+06,-80,50,0,0,1.42066e+06,800,-69.9562,328.369,-0.0322643,0,0
71,328.369,-0.0322643,6.3818e+06,-80,50,0,0,1.41966e+06,800,-69.7321,328.366,-0.0322869,0,0
72,328.366,-0.0322869,6.3818e+06,-80,50,0,0,1.41867e+06,800,-57.7806,328.364,-0.0323096,0,0
73,328.364,-0.0323096,6.3818e+06,-80,50,0,0,1.41767e+06,800,-69.2751,328.361,-0.0323323,0,0
74,328.361,-0.0323323,6.3818e+06,-80,50,0,0,1.41667e+06,800,-69.0506,328.358,-0.0323551,0,0
75,328.358,-0.0323551,6.3818e+06,-80,50,0,0,1.41568e+06,800,-68.8259,328.356,-0.0323779,0,0
76,328.356,-0.0323779,6.3818e+06,-80,50,0,0,1.41469e+06,800,-65.0972,328.353,-0.0324005,0,0
77,328.353,-0.0324005,6.3818e+06,-80,50,0,0,1.41369e+06,800,-68.3768,328.35,-0.0324234,0,0
78,328.35,-0.0324234,6.3818e+06,-80,50,0,0,1.41269e+06,800,-68.1518,328.347,-0.0324463,0,0
79,328.347,-0.0324463,6.3818e+06,-80,50,0,0,1.41169e+06,800,-67.9266,328.345,-0.0324692,0,0
80,328.345,-0.0324692,6.3818e+06,-80,50,0,0,1.4107e+06,800,-67.7014,328.342,-0.0324922,0,0
81,328.342,-0.0324922,6.3818e+06,-80,50,0,0,1.4097e+06,800,-71.5944,328.339,-0.0325151,0,0
82,328.339,-0.0325151,6.3818e+06,-80,50,0,0,1.40871e+06,800,-59.6457,328.337,-0.032538,0,0
83,328.337,-0.032538,6.3818e+06,-80,50,0,0,1.40771e+06,800,-67.0254,328.334,-0.0325611,0,0
84,328.334,-0.0325611,6.3818e+06,-80,50,0,0,1.40672e+06,800,-70.922,328.331,-0.0325841,0,0
85,328.331,-0.0325841,6.3818e+06,-80,50,0,0,1.40572e+06,800,-66.5782,328.328,-0.0326073,0,0
86,328.328,-0.0326073,6.3818e+06,-80,50,0,0,1.40472e+06,800,-70.4771,328.325,-0.0326304,0,0
87,328.325,-0.0326304,6.3818e+06,-80,50,0,0,1.40372e+06,800,-66.1305,328.323,-0.0326536,0,0
88,328.323,-0.0326536,6.3818e+06,-80,50,0,0,1.40273e+06,800,-70.0318,328.32,-0.0326768,0,0
89,328.32,-0.0326768,6.3818e+06,-80,50,0,0,1.40174e+06,800,-62.2098,328.317,-0.0326998,0,0
90,328.317,-0.0326998,6.3818e+06,-80,50,0,0,1.40074e+06,800,-69.5865,328.314,-0.0327231,0,0
91,328.314,-0.0327231,6.3818e+06,-80,50,18.981,-60.0037,1.39974e+06,800,-65.2343,328.312,-0.0327465,0,0
92,327.634,-0.0328634,6.3818e+06,-80.0104,50.0107,19.0007,-60.0379,1.39735e+06,799.199,-253.166,328.301,-0.0327697,0,0
93,326.952,-0.0330038,6.3818e+06,-80.0209,50.0212,19.0204,-60.0721,1.39495e+06,798.394,-240.205,328.291,-0.032793,0,0
94,326.269,-0.0331443,6.3818e+06,-80.0317,50.0317,19.0401,-60.1063,1.39256e+06,797.586,-227.162,328.282,-0.0328161,0,0
95,325.585,-0.033285,6.3818e+06,-80.0427,50.0421,19.0599,-60.1405,1.39016e+06,796.774,-214.04,328.273,-0.0328392,0,0
96,324.9,-0.0334257,6.3818e+06,-80.0538,50.0525,19.0797,-60.1747,1.38777e+06,795.959,-200.839,328.265,-0.0328622,0,0
97,324.214,-0.0335665,6.3818e+06,-80.0652,50.0627,19.0996,-60.2089,1.38538e+06,795.141,-187.562,328.257,-0.0328851,0,0
98,323.527,-0.0337074,6.38179e+06,-80.0767,50.0729,19.1195,-60.2431,1.38298e+06,794.319,-174.209,328.25,-0.0329079,0,0
99,322.838,-0.0338484,6.38179e+06,-80.0885,50.0829,19.1395,-60.2772,1.38059e+06,793.494,-160.782,328.243,-0.0329306,0,0
100,322.149,-0.0339895,6.38179e+06,-80.1004,50.0929,19.1595,-60.3114,1.3782e+06,792.665,-147.284,328.237,-0.0329533,0,0
101,321.459,-0.0341307,6.38179e+06,-80.1125,50.1028,19.1795,-60.3454,1.37582e+06,791.832,-137.861,328.231,-0.0329757,0,0
102,320.767,-0.034272,6.38179e+06,-80.1248,50.1126,19.1995,-60.3795,1.37343e+06,790.997,-120.087,328.226,-0.0329981,0,0
103,320.074,-0.0344134,6.38179e+06,-80.1373,50.1222,19.2196,-60.4136,1.37105e+06,790.158,-106.383,328.222,-0.0330204,0,0
104,319.381,-0.0345549,6.38179e+06,-80.15,50.1318,19.2397,-60.4475,1.36867e+06,789.315,-96.7653,328.218,-0.0330425,0,0
105,318.686,-0.0346965,6.38179e+06,-80.1628,50.1413,19.2598,-60.4815,1.36629e+06,788.469,-78.7914,328.215,-0.0330646,0,0
106,317.99,-0.0348382,6.38179e+06,-80.1759,50.1507,19.28,-60.5155,1.36392e+06,787.619,-64.8983,328.212,-0.0330865,0,0
107,317.293,-0.0349799,6.38179e+06,-80.1891,50.16,19.3002,-60.5493,1.36155e+06,786.766,-55.103,328.21,-0.0331082,0,0
108,316.595,-0.0351218,6.38179e+06,-80.2025,50.1692,19.3204,-60.5832,1.35918e+06,785.91,-36.946,328.208,-0.0331298,0,0
109,315.896,-0.0352638,6.38179e+06,-80.2161,50.1783,19.3406,-60.6169,1.35682e+06,785.05,-27.0424,328.207,-0.0331512,0,0
110,315.195,-0.0354058,6.38178e+06,-80.2298,50.1872,19.3608,-60.6506,1.35446e+06,784.187,-12.9364,328.206,-0.0331724,0,0
111,314.494,-0.035548,6.38178e+06,-80.2437,50.1961,19.3811,-60.6843,1.3521e+06,783.32,5.38548,328.207,-0.0331936,0,0
112,313.791,-0.0356902,6.38178e+06,-80.2578,50.2048,19.4015,-60.7181,1.34974e+06,782.449,7.88372,328.207,-0.0332147,0,0
113,313.088,-0.0358325,6.38178e+06,-80.2721,50.2135,19.4217,-60.7516,1.34739e+06,781.576,29.6773,328.208,-0.0332354,0,0
114,312.383,-0.0359749,6.38178e+06,-80.2865,50.222,19.442,-60.7851,1.34504e+06,780.698,43.9734,328.21,-0.033256,0,0
115,311.678,-0.0361174,6.38178e+06,-80.3011,50.2304,19.4623,60.8186,1.3427e+06,779.818,62.4852,328.213,-0.0332764,0,0
116,312.362,-0.03626,6.38178e+06,-80.3157,50.2389,19.4827,60.852,1.34036e+06,778.933,59.4968,328.215,-0.0332967,0,0
117,313.047,-0.0364027,6.38178e+06,-80.3301,50.2474,19.5031,60.8855,1.33802e+06,778.046,47.4515,328.217,-0.033317,0,0
118,313.734,-0.0365454,6.38178e+06,-80.3444,50.256,19.5236,60.919,1.33567e+06,777.154,35.3373,328.219,-0.0333373,0,0
119,314.421,-0.0366883,6.38178e+06,-80.3585,50.2648,19.5443,60.9527,1.33331e+06,776.26,15.6281,328.22,-0.0333579,0,0
120,315.109,-0.0368312,6.38178e+06,-80.3725,50.2736,19.565,60.9864,1.33095e+06,775.361,10.896,328.22,-0.0333783,0,0
121,315.799,-0.0369742,6.38177e+06,-80.3863,50.2826,19.5858,61.0201,1.3286e+06,774.46,-5.60617,328.22,-0.0333986,0,0
122,316.49,-0.0371173,6.38177e+06,-80.3999,50.2916,19.6066,61.0538,1.32623e+06,773.555,-13.8073,328.219,-0.033419,0,0
123,317.182,-0.0372605,6.38177e+06,-80.4134,50.3008,19.6276,61.0876,1.32386e+06,772.646,-26.2495,328.218,-0.0334395,0,0
124,317.875,-0.0374038,6.38177e+06,-80.4267,50.3101,19.6486,61.1215,1.32149e+06,771.734,-38.7536,328.216,-0.0334599,0,0
125,318.569,-0.0375472,6.38177e+06,-80.4398,50.3194,19.6698,-61.1555,1.31911e+06,770.818,-63.0223,328.214,-0.0334805,0,0
126,317.853,-0.0376907,6.38177e+06,-80.4529,50.3288,19.6909,-61.1894,1.31674e+06,769.899,-50.4243,328.211,-0.0335009,0,0
127,317.137,-0.0378342,6.38177e+06,-80.4662,50.3381,19.7121,-61.2233,1.31437e+06,768.976,-35.966,328.21,-0.0335211,0,0
128,316.42,-0.0379778,6.38177e+06,-80.4797,50.3472,19.7333,-61.2571,1.31201e+06,768.05,-25.6507,328.209,-0.033541,0,0
129,315.701,-0.0381216,6.38177e+06,-80.4934,50.3563,19.7546,-61.291,1.30963e+06,767.12,-14.3825,328.208,-0.0335611,0,0
130,314.981,-0.0382654,6.38177e+06,-80.5072,50.3652,19.7758,-61.3246,1.30728e+06,766.187,3.52583,328.208,-0.0335807,0,0
131,314.26,-0.0384093,6.38177e+06,-80.5213,50.3741,19.7971,-61.3583,1.30492e+06,765.25,22.401,328.209,-0.0336003,0,0
132,313.538,-0.0385532,6.38176e+06,-80.5355,50.3828,19.8184,-61.3919,1.30257e+06,764.31,32.9194,328.211,-0.0336195,0,0
133,312.815,-0.0386973,6.38176e+06,-80.5498,50.3914,19.8397,-61.4255,1.30021e+06,763.366,44.4112,328.213,-0.0336388,0,0
134,312.091,-0.0388414,6.38176e+06,-80.5644,50.3999,19.861,61.459,1.29787e+06,762.419,62.4898,328.215,-0.0336577,0,0
135,312.794,-0.0389856,6.38176e+06,-80.5789,50.4083,19.8823,61.4924,1.29553e+06,761.468,63.675,328.218,-0.0336764,0,0
136,313.498,-0.0391299,6.38176e+06,-80.5933,50.4169,19.9038,61.5259,1.29319e+06,760.513,51.1749,328.22,-0.0336952,0,0
137,314.203,-0.0392743,6.38176e+06,-80.6075,50.4256,19.9254,61.5596,1.29083e+06,759.556,35.3545,328.222,-0.0337143,0,0
138,314.909,-0.0394188,6.38176e+06,-80.6216,50.4345,19.947,61.5933,1.28847e+06,758.594,25.9571,328.223,-0.0337332,0,0
139,315.616,-0.0395633,6.38176e+06,-80.6355,50.4434,19.9687,61.6269,1.28611e+06,757.629,13.2423,328.224,-0.033752,0,0
140,316.325,-0.0397079,6.38176e+06,-80.6492,50.4524,19.9906,61.6608,1.28375e+06,756.661,-7.00065,328.223,-0.0337711,0,0
141,317.034,-0.0398526,6.38176e+06,-80.6628,50.4616,20.0124,61.6946,1.28138e+06,755.689,-12.4035,328.223,-0.03379,0,0
142,317.745,-0.0399974,6.38175e+06,-80.6761,50.4708,20.0344,61.7284,1.27901e+06,754.713,-25.3213,328.222,-0.0338088,0,0
143,318.457,-0.0401423,6.38175e+06,-80.6893,50.4802,20.0565,61.7624,1.27663e+06,753.734,-45.7541,328.22,-0.0338279,0,0
144,319.17,-0.0402872,6.38175e+06,-80.7023,50.4896,20.0787,-61.7963,1.27426e+06,752.751,-51.361,328.217,-0.0338468,0,0
145,318.436,-0.0404323,6.38175e+06,-80.7153,50.4991,20.1009,-61.8303,1.27188e+06,751.765,-50.4551,328.215,-0.0338656,0,0
146,317.701,-0.0405774,6.38175e+06,-80.7285,50.5084,20.1232,-61.8643,1.2695e+06,750.776,-42.9697,328.213,-0.0338844,0,0
147,316.964,-0.0407226,6.38175e+06,-80.7419,50.5177,20.1454,-61.8981,1.26714e+06,749.782,-24.7912,328.212,-0.0339027,0,0
148,316.226,-0.0408678,6.38175e+06,-80.7555,50.5268,20.1677,-61.932,1.26476e+06,748.785,-12.9449,328.211,-0.0339212,0,0
149,315.487,-0.0410132,6.38175e+06,-80.7693,50.5358,20.19,-61.9657,1.2624e+06,747.785,9.58789,328.212,-0.0339393,0,0
150,314.747,-0.0411586,6.38175e+06,-80.7833,50.5447,20.2123,-61.9993,1.26005e+06,746.781,20.5021,328.213,-0.033957,0,0
151,314.006,-0.0413041,6.38175e+06,-80.7974,50.5535,20.2347,-62.0331,1.25768e+06,745.774,32.5296,328.214,-0.0339749,0,0
152,313.263,-0.0414497,6.38174e+06,-80.8117,50.5622,20.2571,62.0667,1.25533e+06,744.763,55.2102,328.217,-0.0339924,0,0
153,313.985,-0.0415953,6.38174e+06,-80.826,50.5709,20.2795,62.1002,1.25299e+06,743.748,52.1219,328.219,-0.0340096,0,0
154,314.707,-0.041741,6.38174e+06,-80.8402,50.5797,20.302,62.1339,1.25063e+06,742.73,35.9537,328.221,-0.0340272,0,0
155,315.431,-0.0418868,6.38174e+06,-80.8542,50.5886,20.3246,62.1676,1.24827e+06,741.708,26.0258,328.222,-0.0340445,0,0
156,316.156,-0.0420327,6.38174e+06,-80.868,50.5976,20.3474,62.2014,1.2459e+06,740.683,9.72045,328.223,-0.0340621,0,0
157,316.882,-0.0421787,6.38174e+06,-80.8816,50.6067,20.3701,62.2352,1.24354e+06,739.654,-0.364391,328.223,-0.0340794,0,0
158,317.609,-0.0423247,6.38174e+06,-80.8951,50.6159,20.393,62.269,1.24117e+06,738.622,-9.3995,328.222,-0.0340968,0,0
159,318.338,-0.0424708,6.38174e+06,-80.9083,50.6253,20.4161,62.303,1.23879e+06,737.586,-34.4253,328.22,-0.0341143,0,0
160,319.068,-0.042617,6.38174e+06,-80.9214,50.6347,20.4391,62.3369,1.23641e+06,736.546,-36.2048,328.219,-0.0341317,0,0
161,319.798,-0.0427632,6.38174e+06,-80.9343,50.6443,20.4623,-62.3709,1.23403e+06,735.503,-81.5731,328.215,-0.0341492,0,0
162,319.047,-0.0429095,6.38173e+06,-80.9472,50.6538,20.4855,-62.4049,1.23166e+06,734.456,-121.163,328.209,-0.0341663,0,0
163,318.293,-0.0430559,6.38173e+06,-80.9603,50.6632,20.5086,-62.4387,1.22929e+06,733.406,-130.44,328.203,-0.0341831,0,0
164,317.539,-0.0432024,6.38173e+06,-80.9736,50.6726,20.5317,-62.4724,1.22694e+06,732.352,-155.654,328.196,-0.0341996,0,0
165,316.784,-0.0433489,6.38173e+06,-80.987,50.6818,20.5549,-62.506,1.22458e+06,731.295,-176.622,328.188,-0.0342158,0,0
166,316.027,-0.0434955,6.38173e+06,-81.0007,50.6909,20.5779,-62.5394,1.22224e+06,730.234,-190.229,328.179,-0.0342316,0,0
167,315.269,-0.0436422,6.38173e+06,-81.0146,50.6999,20.601,-62.5727,1.21991e+06,729.169,-163.395,328.171,-0.0342469,0,0
168,314.509,-0.043789,6.38173e+06,-81.0287,50.7087,20.6241,-62.606,1.21758e+06,728.101,-155.53,328.164,-0.0342623,0,0
169,313.749,-0.0439358,6.38173e+06,-81.0429,50.7175,20.6472,-62.6392,1.21526e+06,727.029,-132.863,328.158,-0.0342773,0,0
170,312.987,-0.0440826,6.38173e+06,-81.0573,50.7261,20.6703,-62.6724,1.21293e+06,725.954,-124.892,328.152,-0.0342922,0,0
171,312.225,-0.0442296,6.38172e+06,-81.072,50.7346,20.6935,-62.7056,1.21061e+06,724.875,-109.507,328.147,-0.0343069,0,0
172,311.461,-0.0443766,6.38172e+06,-81.0868,50.743,20.7166,-62.7385,1.2083e+06,723.793,-86.7061,328.142,-0.0343211,0,0
173,310.695,-0.0445236,6.38172e+06,-81.1017,50.7513,20.7398,-62.7715,1.20599e+06,722.706,-82.8905,328.138,-0.0343352,0,0
174,309.929,-0.0446707,6.38172e+06,-81.1169,50.7594,20.763,-62.8045,1.20369e+06,721.617,-63.1011,328.135,-0.0343491,0,0
175,309.161,-0.0448179,6.38172e+06,-81.1322,50.7674,20.7861,-62.8372,1.2014e+06,720.523,-40.1943,328.134,-0.0343625,0,0
176,308.392,-0.0449651,6.38172e+06,-81.1477,50.7753,20.8093,-62.87,1.1991e+06,719.427,-31.9747,328.132,-0.0343758,0,0
177,307.622,-0.0451124,6.38172e+06,-81.1634,50.783,20.8324,-62.9026,1.19682e+06,718.326,-20.6737,328.131,-0.0343887,0,0
178,306.851,-0.0452598,6.38172e+06,-81.1792,50.7906,20.8555,-62.9351,1.19454e+06,717.222,6.59989,328.131,-0.0344012,0,0
179,306.078,-0.0454072,6.38172e+06,-81.1952,50.7981,20.8787,-62.9675,1.19227e+06,716.114,10.5981,328.132,-0.0344135,0,0
180,305.305,-0.0455546,6.38172e+06,-81.2113,50.8054,20.9018,-62.9999,1.19001e+06,715.003,30.56,328.133,-0.0344256,0,0
181,304.53,-0.0457021,6.38171e+06,-81.2276,50.8126,20.9249,63.032,1.18776e+06,713.888,49.2791,328.136,-0.034437,0,0
182,305.281,-0.0458497,6.38171e+06,-81.244,50.8198,20.9481,63.0643,1.1855e+06,712.769,47.4519,328.138,-0.0344486,0,0
183,306.032,-0.0459973,6.38171e+06,-81.2601,50.8271,20.9714,63.0967,1.18323e+06,711.647,29.8105,328.139,-0.0344602,0,0
184,306.785,-0.0461449,6.38171e+06,-81.2761,50.8346,20.9949,63.1292,1.18096e+06,710.522,20.6822,328.14,-0.034472,0,0
185,307.539,-0.0462927,6.38171e+06,-81.292,50.8422,21.0183,63.1616,1.17869e+06,709.392,10.1596,328.141,-0.0344835,0,0
186,308.295,-0.0464404,6.38171e+06,-81.3077,50.8499,21.042,63.1943,1.1764e+06,708.259,-10.8143,328.14,-0.0344953,0,0
187,309.051,-0.0465882,6.38171e+06,-81.3232,50.8578,21.0659,63.2271,1.17411e+06,707.123,-20.2444,328.139,-0.0345072,0,0
188,309.809,-0.0467361,6.38171e+06,-81.3386,50.8658,21.0897,63.2598,1.17182e+06,705.983,-31.0872,328.138,-0.0345189,0,0
189,310.568,-0.046884,6.3817e+06,-81.3538,50.8739,21.1138,-63.2927,1.16951e+06,704.839,-52.3524,328.135,-0.0345308,0,0
190,309.784,-0.0470319,6.3817e+06,-81.3691,50.882,21.1379,-63.3256,1.16721e+06,703.691,-51.3753,328.133,-0.0345427,0,0
191,309,-0.0471799,6.3817e+06,-81.3845,50.89,21.1621,-63.3584,1.16491e+06,702.54,-35.3977,328.131,-0.0345542,0,0
192,308.213,-0.047328,6.3817e+06,-81.4,50.8978,21.1862,-63.3911,1.16263e+06,701.386,-7.74222,328.131,-0.0345653,0,0
193,307.426,-0.0474761,6.3817e+06,-81.4158,50.9055,21.2103,-63.4237,1.16034e+06,700.228,-3.33082,328.131,-0.0345761,0,0
194,306.637,-0.0476242,6.3817e+06,-81.4317,50.9131,21.2344,-63.4563,1.15806e+06,699.066,12.7294,328.131,-0.0345867,0,0
195,305.847,-0.0477724,6.3817e+06,-81.4478,50.9205,21.2585,-63.4887,1.15579e+06,697.9,28.8103,328.133,-0.0345969,0,0
196,305.056,-0.0479207,6.3817e+06,-81.464,50.9278,21.2825,63.5209,1.15353e+06,696.731,52.2083,328.135,-0.0346065,0,0
197,305.823,-0.0480689,6.3817e+06,-81.4803,50.9351,21.3066,63.5532,1.15127e+06,695.558,41.7794,328.137,-0.0346161,0,0
198,306.591,-0.0482172,6.38169e+06,-81.4964,50.9425,21.3309,63.5857,1.149e+06,694.382,32.3605,328.139,-0.0346259,0,0
199,307.361,-0.0483656,6.38169e+06,-81.5123,50.9501,21.3553,63.6183,1.14672e+06,693.202,18.4975,328.14,-0.0346357,0,0
200,308.132,-0.048514,6.38169e+06,-81.5281,50.9578,21.3799,63.6509,1.14444e+06,692.018,4.52587,328.14,-0.0346456,0,0
201,308.904,-0.0486625,6.38169e+06,-81.5437,50.9656,21.4045,63.6835,1.14215e+06,690.831,-2.26917,328.14,-0.0346553,0,0
202,309.677,-0.0488109,6.38169e+06,-81.5591,50.9736,21.4293,63.7164,1.13985e+06,689.64,-23.7257,328.139,-0.0346654,0,0
203,310.451,-0.0489595,6.38169e+06,-81.5744,50.9816,21.4543,63.7492,1.13755e+06,688.446,-42.3728,328.137,-0.0346753,0,0
204,311.227,-0.049108,6.38169e+06,-81.5895,50.9899,21.4794,-63.7822,1.13524e+06,687.248,-52.4165,328.134,-0.0346854,0,0
205,310.427,-0.0492567,6.38169e+06,-81.6046,50.9981,21.5045,-63.8152,1.13294e+06,686.046,-55.8068,328.131,-0.0346953,0,0
206,309.625,-0.0494053,6.38168e+06,-81.6199,51.0062,21.5296,-63.848,1.13064e+06,684.841,-27.775,328.13,-0.0347047,0,0
207,308.822,-0.049554,6.38168e+06,-81.6354,51.0141,21.5547,-63.8808,1.12834e+06,683.631,-18.5888,328.129,-0.034714,0,0
208,308.018,-0.0497028,6.38168e+06,-81.6511,51.0219,21.5798,-63.9135,1.12605e+06,682.419,-6.48286,328.128,-0.0347228,0,0
209,307.212,-0.0498515,6.38168e+06,-81.6669,51.0296,21.605,-63.9462,1.12377e+06,681.203,14.3765,328.129,-0.0347315,0,0
210,306.405,-0.0500003,6.38168e+06,-81.6829,51.0371,21.6301,-63.9787,1.12149e+06,679.983,26.5276,328.131,-0.0347396,0,0
211,305.597,-0.0501492,6.38168e+06,-81.6991,51.0445,21.6551,64.011,1.11923e+06,678.759,50.3122,328.133,-0.0347471,0,0
212,306.381,-0.0502981,6.38168e+06,-81.7152,51.0519,21.6803,64.0434,1.11696e+06,677.532,48.6477,328.136,-0.0347548,0,0
213,307.167,-0.050447,6.38168e+06,-81.7313,51.0594,21.7056,64.0759,1.11468e+06,676.301,30.0815,328.137,-0.0347625,0,0
214,307.953,-0.0505959,6.38168e+06,-81.7471,51.0671,21.731,64.1086,1.1124e+06,675.067,15.7677,328.138,-0.0347702,0,0
215,308.741,-0.0507449,6.38167e+06,-81.7628,51.0749,21.7566,64.1413,1.11011e+06,673.828,5.72581,328.138,-0.0347782,0,0
216,309.53,-0.0508939,6.38167e+06,-81.7783,51.0828,21.7824,64.1741,1.10781e+06,672.587,-13.1864,328.138,-0.034786,0,0
217,310.321,-0.051043,6.38167e+06,-81.7937,51.0909,21.8082,64.207,1.10551e+06,671.341,-27.8348,328.136,-0.0347939,0,0
218,311.113,-0.051192,6.38167e+06,-81.8088,51.0991,21.8341,64.2398,1.10321e+06,670.092,-35.3595,328.134,-0.0348015,0,0
219,311.906,-0.0513411,6.38167e+06,-81.8238,51.1074,21.8603,-64.2729,1.1009e+06,668.84,-57.443,328.131,-0.0348095,0,0
220,311.088,-0.0514903,6.38167e+06,-81.8388,51.1157,21.8865,-64.306,1.09858e+06,667.583,-56.4907,328.128,-0.0348173,0,0
221,310.269,-0.0516395,6.38167e+06,-81.854,51.1239,21.9127,-64.339,1.09627e+06,666.323,-35.2468,328.127,-0.0348249,0,0
222,309.449,-0.0517887,6.38167e+06,-81.8694,51.132,21.9389,-64.3719,1.09397e+06,665.06,-22.7489,328.125,-0.034832,0,0
223,308.627,-0.0519379,6.38166e+06,-81.8849,51.1399,21.9652,-64.4047,1.09167e+06,663.792,-5.83136,328.125,-0.0348387,0,0
224,307.804,-0.0520872,6.38166e+06,-81.9007,51.1477,21.9913,-64.4373,1.08939e+06,662.522,6.71202,328.125,-0.034845,0,0
225,306.98,-0.0522365,6.38166e+06,-81.9166,51.1553,22.0175,-64.4699,1.0871e+06,661.247,28.0771,328.127,-0.034851,0,0
226,306.154,-0.0523858,6.38166e+06,-81.9327,51.1628,22.0437,64.5024,1.08483e+06,659.969,45.0712,328.129,-0.0348566,0,0
227,306.956,-0.0525352,6.38166e+06,-81.9488,51.1703,22.07,64.5349,1.08255e+06,658.687,46.2789,328.132,-0.034862,0,0
228,307.759,-0.0526845,6.38166e+06,-81.9647,51.1779,22.0963,64.5674,1.08028e+06,657.401,38.8284,328.134,-0.0348672,0,0
229,308.563,-0.0528339,6.38166e+06,-81.9805,51.1857,22.1228,64.6001,1.07799e+06,656.112,16.8663,328.135,-0.0348727,0,0
230,309.369,-0.0529833,6.38165e+06,-81.9961,51.1936,22.1495,64.6329,1.0757e+06,654.819,-2.4412,328.134,-0.0348782,0,0
231,310.176,-0.0531328,6.38165e+06,-82.0115,51.2016,22.1764,64.6658,1.07339e+06,653.523,-13.0412,328.134,-0.0348838,0,0
232,310.985,-0.0532822,6.38165e+06,-82.0267,51.2098,22.2034,64.6988,1.07108e+06,652.223,-28.1618,328.132,-0.0348895,0,0
233,311.794,-0.0534317,6.38165e+06,-82.0418,51.2181,22.2305,-64.7318,1.06877e+06,650.919,-47.8192,328.13,-0.0348951,0,0
234,310.96,-0.0535812,6.38165e+06,-82.0569,51.2264,22.2577,-64.7649,1.06646e+06,649.612,-42.4195,328.127,-0.0349006,0,0
235,310.124,-0.0537308,6.38165e+06,-82.0721,51.2346,22.2849,-64.7978,1.06415e+06,648.301,-29.5581,328.126,-0.0349056,0,0
236,309.287,-0.0538803,6.38165e+06,-82.0876,51.2426,22.3121,-64.8307,1.06185e+06,646.986,-7.81507,328.125,-0.0349104,0,0
237,308.448,-0.0540299,6.38165e+06,-82.1032,51.2505,22.3393,-64.8635,1.05956e+06,645.668,5.1124,328.126,-0.0349146,0,0
238,307.608,-0.0541795,6.38164e+06,-82.119,51.2583,22.3665,-64.8962,1.05727e+06,644.346,26.9215,328.127,-0.0349186,0,0
239,306.767,-0.0543291,6.38164e+06,-82.135,51.2659,22.3937,-64.9287,1.05499e+06,643.02,39.8977,328.129,-0.034922,0,0
240,305.924,-0.0544787,6.38164e+06,-82.1512,51.2733,22.4209,64.9613,1.05271e+06,641.691,61.7558,328.133,-0.0349252,0,0
241,306.743,-0.0546284,6.38164e+06,-82.1674,51.2808,22.4481,64.9937,1.05044e+06,640.358,58.5691,328.136,-0.034928,0,0
242,307.563,-0.054778,6.38164e+06,-82.1834,51.2883,22.4755,65.0263,1.04816e+06,639.021,43.5553,328.138,-0.0349309,0,0
243,308.384,-0.0549277,6.38164e+06,-82.1992,51.2961,22.503,65.0589,1.04587e+06,637.681,28.4151,328.14,-0.0349338,0,0
244,309.207,-0.0550774,6.38164e+06,-82.2149,51.304,22.5308,65.0918,1.04358e+06,636.337,17.5991,328.141,-0.0349369,0,0
245,310.031,-0.055227,6.38163e+06,-82.2304,51.312,22.5586,65.1246,1.04128e+06,634.989,-2.22532,328.141,-0.03494,0,0
246,310.857,-0.0553767,6.38163e+06,-82.2457,51.3201,22.5867,65.1576,1.03897e+06,633.638,-17.7341,328.14,-0.034943,0,0
247,311.684,-0.0555265,6.38163e+06,-82.2608,51.3284,22.6148,65.1906,1.03666e+06,632.283,-33.3621,328.138,-0.0349461,0,0
248,312.513,-0.0556762,6.38163e+06,-82.2757,51.3368,22.6431,-65.2237,1.03434e+06,630.924,-49.1073,328.135,-0.0349491,0,0
249,311.659,-0.0558259,6.38163e+06,-82.2907,51.3453,22.6715,-65.2568,1.03202e+06,629.562,-48.1424,328.132,-0.034952,0,0
250,310.805,-0.0559757,6.38163e+06,-82.3058,51.3535,22.6999,-65.2899,1.02971e+06,628.196,-30.3814,328.131,-0.0349545,0,0
251,309.949,-0.0561254,6.38163e+06,-82.3212,51.3617,22.7284,-65.3228,1.0274e+06,626.826,-12.5792,328.13,-0.0349566,0,0
252,309.092,-0.0562752,6.38163e+06,-82.3367,51.3697,22.7568,-65.3557,1.0251e+06,625.453,5.25968,328.13,-0.0349583,0,0
253,308.233,-0.056425,6.38162e+06,-82.3524,51.3775,22.7852,-65.3884,1.02281e+06,624.076,23.1308,328.132,-0.0349596,0,0
254,307.373,-0.0565748,6.38162e+06,-82.3683,51.3852,22.8136,65.4211,1.02052e+06,622.696,41.0295,328.134,-0.0349604,0,0
255,308.209,-0.0567246,6.38162e+06,-82.3842,51.3929,22.842,65.4538,1.01824e+06,621.312,42.2278,328.136,-0.034961,0,0
256,309.047,-0.0568744,6.38162e+06,-82.4,51.4008,22.8707,65.4865,1.01594e+06,619.924,26.6438,328.138,-0.0349617,0,0
257,309.887,-0.0570241,6.38162e+06,-82.4155,51.4088,22.8995,65.5194,1.01364e+06,618.532,10.9307,328.138,-0.0349624,0,0
258,310.728,-0.0571739,6.38162e+06,-82.4309,51.4169,22.9284,65.5523,1.01134e+06,617.137,-9.38868,328.138,-0.0349629,0,0
259,311.57,-0.0573237,6.38162e+06,-82.4461,51.4252,22.9575,65.5854,1.00902e+06,615.738,-20.8873,328.137,-0.0349637,0,0
260,312.414,-0.0574735,6.38161e+06,-82.4611,51.4336,22.9868,65.6185,1.00671e+06,614.336,-36.9759,328.135,-0.0349644,0,0
261,313.259,-0.0576233,6.38161e+06,-82.4758,51.4421,23.0162,-65.6517,1.00438e+06,612.929,-57.671,328.131,-0.034965,0,0
262,312.39,-0.0577732,6.38161e+06,-82.4906,51.4507,23.0458,-65.6849,1.00206e+06,611.52,-52.2498,328.128,-0.0349655,0,0
263,311.518,-0.057923,6.38161e+06,-82.5056,51.4591,23.0752,-65.718,999743,610.106,-38.5426,328.126,-0.0349655,0,0
264,310.646,-0.0580728,6.38161e+06,-82.5208,51.4673,23.1048,-65.751,997429,608.689,-15.8236,328.125,-0.0349652,0,0
265,309.771,-0.0582226,6.38161e+06,-82.5363,51.4755,23.1345,-65.7841,995113,607.268,-4.63112,328.125,-0.0349648,0,0
266,308.896,-0.0583724,6.38161e+06,-82.5519,51.4834,23.164,-65.8169,992816,605.844,16.2702,328.126,-0.0349635,0,0
267,308.018,-0.0585222,6.3816e+06,-82.5677,51.4912,23.1935,-65.8496,990526,604.416,34.6064,328.128,-0.0349617,0,0
268,307.14,-0.058672,6.3816e+06,-82.5837,51.4989,23.223,65.8823,988239,602.984,57.4691,328.131,-0.0349596,0,0
269,307.995,-0.0588218,6.3816e+06,-82.5997,51.5066,23.2526,65.9149,985956,601.548,54.2144,328.134,-0.0349571,0,0
270,308.851,-0.0589715,6.3816e+06,-82.6155,51.5144,23.2824,65.9477,983662,600.109,42.738,328.137,-0.0349548,0,0
271,309.709,-0.0591213,6.3816e+06,-82.6311,51.5223,23.3123,65.9805,981365,598.666,22.1273,328.138,-0.0349524,0,0
272,310.568,-0.059271,6.3816e+06,-82.6466,51.5304,23.3424,66.0134,979061,597.22,5.87436,328.139,-0.03495,0,0
273,311.429,-0.0594208,6.3816e+06,-82.6618,51.5387,23.3726,66.0464,976750,595.77,-10.5113,328.138,-0.0349476,0,0
274,312.292,-0.0595705,6.38159e+06,-82.6769,51.5471,23.4032,66.0796,974425,594.316,-34.0887,328.136,-0.0349455,0,0
275,313.156,-0.0597202,6.38159e+06,-82.6917,51.5556,23.4338,-66.1129,972099,592.859,-39.1697,328.134,-0.0349433,0,0
276,312.267,-0.05987,6.38159e+06,-82.7066,51.5641,23.4645,-66.1461,969776,591.398,-42.7014,328.131,-0.0349406,0,0
277,311.377,-0.0600197,6.38159e+06,-82.7217,51.5725,23.4952,-66.1792,967459,589.933,-24.02,328.13,-0.0349376,0,0
278,310.485,-0.0601693,6.38159e+06,-82.7369,51.5808,23.5259,-66.2122,965148,588.465,-5.29289,328.129,-0.034934,0,0
279,309.592,-0.060319,6.38159e+06,-82.7524,51.5888,23.5566,-66.2451,962844,586.992,13.4749,328.13,-0.03493,0,0
280,308.697,-0.0604687,6.38159e+06,-82.7681,51.5968,23.5873,-66.2779,960546,585.517,32.2781,328.132,-0.0349256,0,0
281,307.801,-0.0606183,6.38158e+06,-82.784,51.6046,23.618,66.3106,958256,584.037,51.1116,328.135,-0.0349206,0,0
282,308.674,-0.0607679,6.38158e+06,-82.7999,51.6123,23.6489,66.3435,955957,582.554,45.3046,328.138,-0.0349157,0,0
283,309.548,-0.0609175,6.38158e+06,-82.8156,51.6203,23.6799,66.3763,953659,581.068,35.866,328.14,-0.0349105,0,0
284,310.424,-0.0610671,6.38158e+06,-82.8311,51.6283,23.7111,66.4092,951355,579.577,19.2619,328.141,-0.0349053,0,0
285,311.301,-0.0612166,6.38158e+06,-82.8464,51.6366,23.7424,66.4422,949047,578.083,-2.01997,328.141,-0.0349,0,0
286,312.18,-0.0613662,6.38158e+06,-82.8616,51.6449,23.7739,66.4753,946730,576.586,-14.376,328.14,-0.0348948,0,0
287,313.06,-0.0615157,6.38158e+06,-82.8765,51.6534,23.8055,66.5085,944406,575.085,-31.3919,328.138,-0.0348896,0,0
288,313.942,-0.0616651,6.38157e+06,-82.8912,51.6621,23.8375,-66.5419,942068,573.58,-55.5593,328.135,-0.0348846,0,0
289,313.036,-0.0618146,6.38157e+06,-82.9059,51.6707,23.8694,-66.5751,939743,572.071,-52.1494,328.132,-0.034879,0,0
290,312.128,-0.061964,6.38157e+06,-82.9208,51.6793,23.9014,-66.6083,937419,570.559,-28.4657,328.13,-0.034873,0,0
291,311.218,-0.0621134,6.38157e+06,-82.9359,51.6876,23.9334,-66.6414,935101,569.043,-9.26396,328.129,-0.0348665,0,0
292,310.307,-0.0622628,6.38157e+06,-82.9513,51.6958,23.9653,-66.6744,932793,567.523,5.43103,328.13,-0.0348595,0,0
293,309.394,-0.0624122,6.38157e+06,-82.9669,51.7039,23.9974,-66.7074,930480,566,22.2524,328.131,-0.0348524,0,0
294,308.48,-0.0625615,6.38156e+06,-82.9826,51.7118,24.0293,66.7402,928186,564.473,44.0091,328.134,-0.0348442,0,0
295,309.371,-0.0627108,6.38156e+06,-82.9984,51.7197,24.0614,66.773,925888,562.943,49.7786,328.137,-0.034836,0,0
296,310.263,-0.06286,6.38156e+06,-83.014,51.7277,24.0936,66.8059,923587,561.409,28.2513,328.139,-0.0348276,0,0
297,311.158,-0.0630093,6.38156e+06,-83.0294,51.7359,24.1261,66.8389,921275,559.871,15.687,328.14,-0.0348194,0,0
298,312.054,-0.0631584,6.38156e+06,-83.0446,51.7443,24.1588,66.8721,918952,558.329,-13.1248,328.139,-0.0348113,0,0
299,312.951,-0.0633076,6.38156e+06,-83.0595,51.7528,24.1917,66.9053,916627,556.784,-18.9974,328.138,-0.034803,0,0
300,313.85,-0.0634567,6.38156e+06,-83.0743,51.7614,24.2246,-66.9386,914301,555.236,-41.1065,328.135,-0.0347945,0,0
301,312.926,-0.0636058,6.38155e+06,-83.089,51.77,24.2577,-66.9718,911974,553.683,-40.1362,328.133,-0.0347858,0,0
302,312.001,-0.0637548,6.38155e+06,-83.104,51.7785,24.2909,-67.0051,909641,552.127,-22.9418,328.131,-0.034777,0,0
303,311.074,-0.0639038,6.38155e+06,-83.1192,51.7868,24.324,-67.0382,907326,550.568,-0.889916,328.131,-0.0347672,0,0
304,310.145,-0.0640527,6.38155e+06,-83.1347,51.795,24.3571,-67.0712,905018,549.004,18.805,328.132,-0.0347569,0,0
305,309.215,-0.0642016,6.38155e+06,-83.1503,51.8031,24.3902,67.1041,902716,547.437,38.5396,328.135,-0.0347461,0,0
306,310.122,-0.0643505,6.38155e+06,-83.166,51.8111,24.4235,67.1371,900406,545.867,32.7694,328.137,-0.0347353,0,0
307,311.031,-0.0644993,6.38154e+06,-83.1814,51.8193,24.4569,67.17,898098,544.293,22.2761,328.138,-0.0347241,0,0
308,311.941,-0.0646481,6.38154e+06,-83.1966,51.8276,24.4905,67.2032,895779,542.715,9.26888,328.139,-0.0347131,0,0
309,312.854,-0.0647968,6.38154e+06,-83.2117,51.8361,24.5243,67.2363,893458,541.133,-13.0483,328.138,-0.0347019,0,0
310,313.767,-0.0649455,6.38154e+06,-83.2265,51.8447,24.5584,-67.2697,891122,539.548,-37.8904,328.135,-0.0346909,0,0
311,312.829,-0.0650941,6.38154e+06,-83.2413,51.8533,24.5925,-67.3029,888794,537.96,-29.9519,328.134,-0.0346793,0,0
312,311.888,-0.0652427,6.38154e+06,-83.2563,51.8618,24.6266,-67.3361,886473,536.367,-9.95515,328.133,-0.0346672,0,0
313,310.946,-0.0653912,6.38153e+06,-83.2716,51.8701,24.6607,-67.3692,884158,534.771,10.093,328.134,-0.0346546,0,0
314,310.003,-0.0655397,6.38153e+06,-83.2871,51.8782,24.6949,-67.4022,881844,533.172,18.6443,328.135,-0.0346416,0,0
315,309.057,-0.0656881,6.38153e+06,-83.3028,51.8862,24.729,67.4351,879542,531.568,50.2901,328.138,-0.0346278,0,0
316,309.98,-0.0658365,6.38153e+06,-83.3185,51.8942,24.7632,67.468,877241,529.961,51.5249,328.141,-0.0346137,0,0
317,310.903,-0.0659848,6.38153e+06,-83.334,51.9024,24.7977,67.5011,874923,528.351,26.8276,328.143,-0.0345999,0,0
318,311.829,-0.066133,6.38153e+06,-83.3493,51.9107,24.8323,67.5342,872608,526.737,15.8197,328.144,-0.0345857,0,0
319,312.756,-0.0662812,6.38153e+06,-83.3643,51.9192,24.8672,67.5673,870286,525.119,-2.25935,328.144,-0.0345715,0,0
320,313.685,-0.0664293,6.38152e+06,-83.3792,51.9278,24.9023,67.6007,867953,523.498,-32.0269,328.142,-0.0345574,0,0
321,314.616,-0.0665773,6.38152e+06,-83.3938,51.9365,24.9375,-67.634,865619,521.873,-38.9017,328.139,-0.034543,0,0
322,313.661,-0.0667253,6.38152e+06,-83.4085,51.9453,24.9728,-67.6674,863285,520.244,-37.9312,328.137,-0.0345283,0,0
323,312.704,-0.0668733,6.38152e+06,-83.4233,51.9539,25.0081,-67.7006,860960,518.612,-22.1178,328.135,-0.0345129,0,0
324,311.745,-0.0670211,6.38152e+06,-83.4384,51.9623,25.0436,-67.7339,858629,516.976,-3.93245,328.135,-0.0344975,0,0
325,310.784,-0.0671689,6.38152e+06,-83.4538,51.9706,25.0789,-67.7669,856317,515.337,18.8822,328.136,-0.0344809,0,0
326,309.822,-0.0673166,6.38151e+06,-83.4693,51.9787,25.1143,67.7999,854008,513.694,44.0802,328.139,-0.0344639,0,0
327,310.761,-0.0674643,6.38151e+06,-83.4849,51.9869,25.1499,67.833,851691,512.047,38.3958,328.142,-0.0344469,0,0
328,311.702,-0.0676119,6.38151e+06,-83.5002,51.9952,25.1856,67.866,849378,510.397,22.3889,328.143,-0.0344294,0,0
329,312.645,-0.0677594,6.38151e+06,-83.5154,52.0036,25.2215,67.8992,847056,508.743,8.58128,328.144,-0.0344119,0,0
330,313.59,-0.0679068,6.38151e+06,-83.5303,52.0122,25.2577,67.9325,844722,507.085,-21.53,328.143,-0.0343946,0,0
331,314.536,-0.0680542,6.38151e+06,-83.545,52.0209,25.2939,67.9658,842391,505.424,-33.4106,328.14,-0.0343768,0,0
332,315.484,-0.0682014,6.3815e+06,-83.5594,52.0298,25.3305,-67.9993,840051,503.76,-47.6809,328.137,-0.034359,0,0
333,314.512,-0.0683486,6.3815e+06,-83.5738,52.0387,25.3672,-68.0328,837705,502.091,-58.2711,328.133,-0.0343411,0,0
334,313.537,-0.0684958,6.3815e+06,-83.5885,52.0474,25.4039,-68.0661,835371,500.419,-25.894,328.131,-0.0343224,0,0
335,312.561,-0.0686428,6.3815e+06,-83.6035,52.056,25.4405,-68.0994,833045,498.744,-9.59226,328.131,-0.034303,0,0
336,311.583,-0.0687898,6.3815e+06,-83.6187,52.0644,25.4773,-68.1326,830717,497.065,4.51968,328.131,-0.0342833,0,0
337,310.603,-0.0689367,6.3815e+06,-83.6341,52.0727,25.514,68.1657,828401,495.382,37.0702,328.133,-0.0342628,0,0
338,311.561,-0.0690834,6.38149e+06,-83.6495,52.081,25.5508,68.1987,826089,493.696,33.6145,328.136,-0.0342417,0,0
339,312.519,-0.0692301,6.38149e+06,-83.6647,52.0894,25.588,68.232,823757,492.006,12.606,328.137,-0.0342211,0,0
340,313.48,-0.0693768,6.38149e+06,-83.6796,52.098,25.6253,68.2653,821426,490.313,21.3445,328.138,-0.0342001,0,0
341,314.443,-0.0695233,6.38149e+06,-83.6944,52.1067,25.663,68.2989,819079,488.616,32.4566,328.14,-0.0341794,0,0
342,315.407,-0.0696697,6.38149e+06,-83.7089,52.1156,25.7009,68.3325,816726,486.915,50.3758,328.144,-0.0341585,0,0
343,316.373,-0.069816,6.38149e+06,-83.7231,52.1246,25.7391,68.3663,814359,485.211,61.4065,328.148,-0.0341379,0,0
344,317.342,-0.0699623,6.38148e+06,-83.7371,52.1338,25.7774,68.4001,811995,483.503,86.0962,328.154,-0.0341168,0,0
345,318.312,-0.0701085,6.38148e+06,-83.7509,52.1431,25.8161,68.434,809621,481.792,92.4097,328.161,-0.0340958,0,0
346,319.283,-0.0702545,6.38148e+06,-83.7644,52.1525,25.8549,68.468,807239,480.077,114.856,328.169,-0.0340747,0,0
347,320.257,-0.0704005,6.38148e+06,-83.7776,52.1621,25.8939,68.502,804860,478.359,123.287,328.178,-0.0340531,0,0
348,321.233,-0.0705464,6.38148e+06,-83.7906,52.1719,25.933,68.536,802477,476.637,141.017,328.188,-0.0340312,0,0
349,322.211,-0.0706922,6.38147e+06,-83.8032,52.1817,25.9722,68.5701,800095,474.911,154.061,328.199,-0.034009,0,0
350,323.19,-0.0708379,6.38147e+06,-83.8157,52.1917,26.0115,68.604,797718,473.182,178.587,328.212,-0.0339861,0,0
351,324.172,-0.0709835,6.38147e+06,-83.8278,52.2019,26.0509,68.6379,795345,471.449,170.752,328.224,-0.0339627,0,0
352,325.155,-0.071129,6.38147e+06,-83.8397,52.2121,26.0903,68.6718,792972,469.713,167.521,328.236,-0.0339389,0,0
353,326.141,-0.0712744,6.38147e+06,-83.8513,52.2225,26.13,68.7058,790594,467.973,152.736,328.247,-0.0339149,0,0
354,327.128,-0.0714197,6.38147e+06,-83.8625,52.233,26.1698,68.7397,788219,466.23,128.485,328.257,-0.0338904,0,0
355,328.118,-0.0715649,6.38146e+06,-83.8735,52.2436,26.2096,68.7735,785852,464.483,115.608,328.265,-0.0338651,0,0
356,329.109,-0.07171,6.38146e+06,-83.8842,52.2543,26.2496,68.8075,783477,462.733,89.0619,328.272,-0.0338397,0,0
357,330.103,-0.0718549,6.38146e+06,-83.8946,52.2652,26.2898,68.8414,781101,460.979,69.2081,328.277,-0.033814,0,0
358,331.098,-0.0719998,6.38146e+06,-83.9047,52.2761,26.3301,68.8753,778727,459.221,49.2721,328.28,-0.0337878,0,0
359,332.096,-0.0721446,6.38146e+06,-83.9145,52.2872,26.3705,68.9092,776354,457.46,29.2592,328.282,-0.0337611,0,0
360,333.095,-0.0722892,6.38146e+06,-83.9239,52.2983,26.411,68.9431,773982,455.696,9.17504,328.283,-0.0337339,0,0
361,334.096,-0.0724337,6.38145e+06,-83.9331,52.3096,26.4516,-68.977,771613,453.928,-10.9748,328.282,-0.0337062,0,0
362,333.079,-0.0725781,6.38145e+06,-83.9422,52.3209,26.4922,-69.0108,769247,452.156,-14.8913,328.281,-0.0336779,0,0
363,332.059,-0.0727224,6.38145e+06,-83.9517,52.332,26.5332,69.0446,766875,450.381,11.6809,328.282,-0.0336494,0,0
364,333.066,-0.0728666,6.38145e+06,-83.9612,52.3432,26.5742,69.0785,764503,448.602,12.5286,328.283,-0.0336205,0,0
365,334.074,-0.0730106,6.38145e+06,-83.9703,52.3544,26.6153,-69.1123,762138,446.82,-12.514,328.282,-0.0335909,0,0
366,333.049,-0.0731545,6.38145e+06,-83.9795,52.3657,26.6567,-69.1463,759759,445.034,-13.7714,328.281,-0.0335614,0,0
367,332.022,-0.0732983,6.38144e+06,-83.989,52.3768,26.6982,69.1802,757387,443.245,15.0543,328.282,-0.0335311,0,0
368,333.036,-0.0734419,6.38144e+06,-83.9985,52.388,26.7397,69.214,755019,441.452,11.1946,328.283,-0.0335003,0,0
369,334.052,-0.0735854,6.38144e+06,-84.0077,52.3992,26.7814,69.2479,752649,439.656,-4.60902,328.283,-0.033469,0,0
370,335.07,-0.0737288,6.38144e+06,-84.0165,52.4106,26.8231,-69.2816,750286,437.856,-29.9039,328.28,-0.033437,0,0
371,334.036,-0.0738721,6.38144e+06,-84.0254,52.4219,26.8651,-69.3154,747919,436.053,-24.465,328.278,-0.0334047,0,0
372,333,-0.0740152,6.38143e+06,-84.0346,52.4332,26.9071,-69.3492,745553,434.246,-7.01092,328.278,-0.0333718,0,0
373,331.962,-0.0741581,6.38143e+06,-84.0441,52.4443,26.9494,69.3831,743184,432.436,15.3645,328.279,-0.0333386,0,0
374,332.987,-0.074301,6.38143e+06,-84.0536,52.4555,26.992,69.4171,740803,430.622,14.22,328.28,-0.0333055,0,0
375,334.014,-0.0744437,6.38143e+06,-84.0628,52.4667,27.0345,69.4509,738437,428.805,-4.57526,328.28,-0.0332712,0,0
376,335.043,-0.0745862,6.38143e+06,-84.0717,52.4781,27.0771,-69.4847,736073,426.984,-25.4414,328.278,-0.0332363,0,0
377,333.998,-0.0747286,6.38143e+06,-84.0806,52.4894,27.1198,-69.5184,733710,425.16,-24.7123,328.276,-0.0332009,0,0
378,332.951,-0.0748708,6.38142e+06,-84.0898,52.5007,27.1627,-69.5522,731343,423.332,-2.23609,328.276,-0.0331652,0,0
379,331.901,-0.0750129,6.38142e+06,-84.0994,52.5118,27.206,69.5863,728962,421.501,18.4727,328.277,-0.0331296,0,0
380,332.937,-0.0751548,6.38142e+06,-84.1089,52.523,27.2493,69.6201,726594,419.666,21.3382,328.279,-0.0330929,0,0
381,333.975,-0.0752966,6.38142e+06,-84.1182,52.5342,27.2926,69.6539,724228,417.828,0.258158,328.279,-0.0330556,0,0
382,335.016,-0.0754382,6.38142e+06,-84.1271,52.5455,27.3361,-69.6877,721864,415.986,-20.8903,328.277,-0.0330177,0,0
383,333.959,-0.0755796,6.38141e+06,-84.136,52.5569,27.3799,-69.7216,719491,414.141,-26.8566,328.275,-0.0329796,0,0
384,332.901,-0.0757209,6.38141e+06,-84.1452,52.5681,27.4236,-69.7553,717128,412.293,-2.11633,328.275,-0.0329406,0,0
385,331.84,-0.075862,6.38141e+06,-84.1548,52.5793,27.4676,69.7892,714759,410.441,25.6329,328.277,-0.0329013,0,0
386,332.888,-0.076003,6.38141e+06,-84.1644,52.5904,27.512,69.8231,712382,408.586,19.8343,328.279,-0.0328619,0,0
387,333.937,-0.0761438,6.38141e+06,-84.1737,52.6016,27.5562,69.8569,710015,406.727,5.15399,328.279,-0.0328214,0,0
388,334.989,-0.0762844,6.3814e+06,-84.1826,52.613,27.6006,-69.8907,707651,404.865,-16.2821,328.278,-0.0327803,0,0
389,333.921,-0.0764248,6.3814e+06,-84.1915,52.6243,27.6452,-69.9245,705282,402.999,-26.9717,328.276,-0.0327389,0,0
390,332.851,-0.0765651,6.3814e+06,-84.2008,52.6356,27.6899,-69.9584,702915,401.13,7.56765,328.276,-0.0326967,0,0
391,331.779,-0.0767051,6.3814e+06,-84.2104,52.6467,27.735,69.9923,700541,399.257,19.4654,328.278,-0.0326544,0,0
392,332.838,-0.076845,6.3814e+06,-84.22,52.6578,27.78,70.0261,698173,397.381,31.8073,328.28,-0.0326112,0,0
393,333.899,-0.0769847,6.3814e+06,-84.2293,52.6691,27.8252,70.0599,695806,395.502,10.1526,328.281,-0.0325674,0,0
394,334.962,-0.0771242,6.38139e+06,-84.2383,52.6804,27.8706,-70.0938,693436,393.619,-23.0242,328.279,-0.0325231,0,0
395,333.883,-0.0772636,6.38139e+06,-84.2472,52.6917,27.916,-70.1275,691076,391.733,-15.6015,328.278,-0.0324778,0,0
396,332.801,-0.0774027,6.38139e+06,-84.2565,52.703,27.9619,-70.1614,688700,389.843,5.93289,328.278,-0.0324326,0,0
397,331.717,-0.0775416,6.38139e+06,-84.2662,52.7141,28.0077,70.1952,686335,387.95,31.5028,328.281,-0.0323864,0,0
398,332.787,-0.0776804,6.38139e+06,-84.2759,52.7252,28.0538,70.2291,683961,386.054,25.7665,328.283,-0.03234,0,0
399,333.86,-0.0778189,6.38138e+06,-84.2852,52.7365,28.1,70.2629,681594,384.154,15.2214,328.285,-0.0322926,0,0
400,334.936,-0.0779573,6.38138e+06,-84.2942,52.7478,28.1463,-70.2968,679224,382.251,-18.2473,328.283,-0.0322447,0,0
401,333.844,-0.0780954,6.38138e+06,-84.3031,52.7591,28.1927,-70.3305,676863,380.344,-10.8238,328.282,-0.0321957,0,0
402,332.75,-0.0782333,6.38138e+06,-84.3125,52.7704,28.2394,-70.3644,674491,378.434,6.29895,328.283,-0.0321467,0,0
403,331.654,-0.078371,6.38138e+06,-84.3222,52.7815,28.2862,70.3982,672126,376.521,36.9502,328.286,-0.0320968,0,0
404,332.737,-0.0785085,6.38137e+06,-84.3318,52.7926,28.3333,70.4321,669751,374.604,31.257,328.288,-0.0320466,0,0
405,333.822,-0.0786458,6.38137e+06,-84.3412,52.8038,28.3804,70.4659,667388,372.684,15.6148,328.29,-0.0319952,0,0
406,334.909,-0.0787829,6.38137e+06,-84.3502,52.8151,28.4278,-70.4997,665018,370.761,-13.3814,328.289,-0.0319436,0,0
407,333.806,-0.0789197,6.38137e+06,-84.3592,52.8265,28.4753,-70.5336,662649,368.834,-12.5974,328.288,-0.0318912,0,0
408,332.699,-0.0790563,6.38137e+06,-84.3686,52.8377,28.5229,70.5674,660285,366.904,18.1515,328.289,-0.0318379,0,0
409,333.793,-0.0791927,6.38136e+06,-84.3779,52.8489,28.5708,70.6012,657913,364.971,12.388,328.29,-0.0317843,0,0
410,334.888,-0.0793289,6.38136e+06,-84.3869,52.8603,28.6188,-70.6351,655543,363.034,-10.1891,328.289,-0.0317299,0,0
411,333.776,-0.0794648,6.38136e+06,-84.396,52.8716,28.6669,-70.6688,653182,361.094,-2.76241,328.289,-0.0316744,0,0
412,332.662,-0.0796005,6.38136e+06,-84.4053,52.8828,28.7152,70.7027,650813,359.151,10.1759,328.29,-0.0316187,0,0
413,333.763,-0.079736,6.38136e+06,-84.4147,52.894,28.7639,70.7366,648440,357.204,15.827,328.291,-0.0315623,0,0
414,334.867,-0.0798712,6.38136e+06,-84.4238,52.9054,28.8124,70.7703,646080,355.254,-0.339446,328.291,-0.0315047,0,0
415,335.974,-0.0800061,6.38135e+06,-84.4324,52.9168,28.8612,-70.8041,643716,353.301,-34.61,328.288,-0.0314465,0,0
416,334.851,-0.0801408,6.38135e+06,-84.4411,52.9282,28.9102,-70.8379,641349,351.344,-29.1188,328.286,-0.0313878,0,0
417,333.727,-0.0802753,6.38135e+06,-84.4502,52.9395,28.9593,-70.8716,638988,349.385,1.94553,328.286,-0.0313281,0,0
418,332.599,-0.0804095,6.38135e+06,-84.4596,52.9508,29.0087,70.9054,636619,347.421,15.2521,328.287,-0.031268,0,0
419,333.714,-0.0805434,6.38135e+06,-84.469,52.962,29.0583,70.9393,634250,345.455,16.123,328.289,-0.0312071,0,0
420,334.831,-0.0806771,6.38134e+06,-84.4781,52.9733,29.1081,70.9731,631880,343.485,-2.18912,328.288,-0.0311456,0,0
421,335.95,-0.0808106,6.38134e+06,-84.4868,52.9847,29.1578,-71.0068,629526,341.512,-23.5942,328.286,-0.0310825,0,0
422,334.814,-0.0809437,6.38134e+06,-84.4954,52.9962,29.2079,-71.0406,627159,339.536,-24.6535,328.284,-0.0310192,0,0
423,333.677,-0.0810766,6.38134e+06,-84.5045,53.0075,29.2582,-71.0744,624792,337.557,-4.65852,328.284,-0.0309552,0,0
424,332.536,-0.0812092,6.38134e+06,-84.514,53.0187,29.3087,71.1082,622423,335.574,20.3994,328.285,-0.0308905,0,0
425,333.664,-0.0813415,6.38133e+06,-84.5234,53.0299,29.3594,71.1421,620053,333.588,21.2947,328.287,-0.0308251,0,0
426,334.794,-0.0814736,6.38133e+06,-84.5325,53.0412,29.4101,71.1758,617696,331.599,4.42659,328.288,-0.0307582,0,0
427,335.926,-0.0816053,6.38133e+06,-84.5412,53.0526,29.4611,-71.2096,615329,329.607,-20.8488,328.286,-0.030691,0,0
428,334.777,-0.0817368,6.38133e+06,-84.55,53.0641,29.5122,-71.2434,612965,327.611,-24.9382,328.284,-0.0306228,0,0
429,333.627,-0.081868,6.38133e+06,-84.5591,53.0754,29.5636,-71.2772,610598,325.612,0.22862,328.284,-0.030554,0,0
430,332.473,-0.0819989,6.38132e+06,-84.5685,53.0866,29.6153,71.311,608229,323.61,25.6654,328.286,-0.0304844,0,0
431,333.614,-0.0821294,6.38132e+06,-84.578,53.0978,29.6671,71.3449,605859,321.605,26.5863,328.289,-0.030414,0,0
432,334.757,-0.0822597,6.38132e+06,-84.5872,53.1091,29.7191,71.3787,603493,319.597,2.79913,328.289,-0.0303426,0,0
433,335.902,-0.0823897,6.38132e+06,-84.5959,53.1205,29.7711,-71.4124,601132,317.585,-25.9171,328.286,-0.03027,0,0
434,334.74,-0.0825194,6.38132e+06,-84.6046,53.132,29.8234,-71.4462,598769,315.57,-20.3602,328.284,-0.0301967,0,0
435,333.576,-0.0826487,6.38131e+06,-84.6138,53.1433,29.876,-71.48,596402,313.552,5.18795,328.285,-0.0301227,0,0
436,332.409,-0.0827778,6.38131e+06,-84.6233,53.1545,29.9288,71.5138,594032,311.531,31.0127,328.288,-0.0300479,0,0
437,333.563,-0.0829065,6.38131e+06,-84.6328,53.1657,29.9818,71.5477,591663,309.507,31.9608,328.291,-0.0299722,0,0
438,334.72,-0.0830349,6.38131e+06,-84.642,53.177,30.0349,71.5814,589299,307.48,2.98548,328.291,-0.0298953,0,0
439,335.879,-0.0831629,6.38131e+06,-84.6507,53.1884,30.0882,-71.6152,586935,305.449,-16.4075,328.29,-0.0298175,0,0
440,334.703,-0.0832907,6.3813e+06,-84.6595,53.1998,30.1416,-71.6489,584575,303.416,-20.5008,328.288,-0.0297386,0,0
441,333.525,-0.083418,6.3813e+06,-84.6687,53.2111,30.1953,71.6827,582208,301.379,10.2691,328.289,-0.029659,0,0
442,334.691,-0.0835451,6.3813e+06,-84.6778,53.2224,30.2493,71.7166,579841,299.339,11.1129,328.29,-0.0295786,0,0
443,335.859,-0.0836718,6.3813e+06,-84.6866,53.2339,30.3033,-71.7503,577481,297.296,-18.1985,328.288,-0.0294968,0,0
444,334.675,-0.0837981,6.3813e+06,-84.6954,53.2453,30.3575,-71.784,575120,295.25,-17.4488,328.286,-0.029414,0,0
445,333.487,-0.0839241,6.38129e+06,-84.7046,53.2566,30.4121,71.8178,572753,293.201,13.5932,328.288,-0.0293306,0,0
446,334.662,-0.0840498,6.38129e+06,-84.7138,53.2679,30.4668,71.8516,570389,291.149,9.59055,328.289,-0.029246,0,0
447,335.84,-0.0841751,6.38129e+06,-84.7226,53.2793,30.5216,-71.8853,568029,289.094,-15.1232,328.287,-0.0291602,0,0
448,334.646,-0.0843,6.38129e+06,-84.7314,53.2907,30.5767,-71.9191,565665,287.035,-9.49274,328.286,-0.0290736,0,0
449,333.449,-0.0844245,6.38128e+06,-84.7406,53.302,30.6321,71.9528,563301,284.974,12.1131,328.287,-0.0289859,0,0
450,334.633,-0.0845487,6.38128e+06,-84.7498,53.3133,30.6876,71.9866,560938,282.909,12.9666,328.289,-0.0288972,0,0
451,335.821,-0.0846725,6.38128e+06,-84.7586,53.3247,30.7435,-72.0205,558568,280.842,-18.5015,328.287,-0.0288077,0,0
452,334.617,-0.0847959,6.38128e+06,-84.7674,53.3361,30.7994,-72.0542,556207,278.772,-11.2328,328.286,-0.0287167,0,0
453,333.41,-0.0849189,6.38128e+06,-84.7766,53.3474,30.8556,72.0879,553844,276.698,15.4914,328.287,-0.0286248,0,0
454,334.604,-0.0850415,6.38127e+06,-84.7859,53.3587,30.9121,72.1218,551476,274.622,21.2398,328.289,-0.0285319,0,0
455,335.801,-0.0851637,6.38127e+06,-84.7947,53.3701,30.9685,-72.1554,549119,272.542,-13.6914,328.288,-0.0284374,0,0
456,334.588,-0.0852855,6.38127e+06,-84.8036,53.3816,31.0255,-72.1893,546749,270.46,-14.5407,328.286,-0.0283424,0,0
457,333.371,-0.0854069,6.38127e+06,-84.8128,53.3929,31.0826,72.2231,544385,268.374,18.9371,328.288,-0.028246,0,0
458,334.575,-0.0855279,6.38127e+06,-84.822,53.4041,31.1399,72.2568,542021,266.286,19.8263,328.291,-0.0281485,0,0
459,335.782,-0.0856485,6.38126e+06,-84.8309,53.4156,31.1973,72.2906,539661,264.195,-5.61726,328.29,-0.0280496,0,0
460,336.992,-0.0857686,6.38126e+06,-84.8394,53.4271,31.2551,-72.3244,537295,262.1,-37.6487,328.286,-0.0279497,0,0
461,335.766,-0.0858883,6.38126e+06,-84.8478,53.4386,31.3129,-72.358,534938,260.003,-30.5138,328.283,-0.0278483,0,0
462,334.538,-0.0860076,6.38126e+06,-84.8567,53.45,31.3709,-72.3917,532581,257.903,-8.29668,328.282,-0.0277456,0,0
463,333.306,-0.0861265,6.38126e+06,-84.866,53.4613,31.4293,72.4255,530217,255.8,24.0001,328.284,-0.027642,0,0
464,334.525,-0.0862449,6.38125e+06,-84.8752,53.4726,31.4882,72.4594,527843,253.694,18.4394,328.286,-0.0275377,0,0
465,335.747,-0.0863628,6.38125e+06,-84.8841,53.484,31.5469,72.4931,525486,251.585,-5.82624,328.286,-0.0274313,0,0
466,336.971,-0.0864803,6.38125e+06,-84.8926,53.4955,31.6058,-72.5267,523129,249.474,-26.8775,328.283,-0.0273236,0,0
467,335.731,-0.0865974,6.38125e+06,-84.9011,53.507,31.6651,-72.5605,520766,247.359,-37.5567,328.279,-0.027215,0,0
468,334.487,-0.0867139,6.38125e+06,-84.91,53.5184,31.7246,-72.5942,518406,245.242,1.30028,328.279,-0.0271049,0,0
469,333.241,-0.08683,6.38124e+06,-84.9193,53.5297,31.7845,72.6281,516036,243.122,17.7969,328.281,-0.0269939,0,0
470,334.475,-0.0869457,6.38124e+06,-84.9286,53.541,31.8445,72.6618,513675,240.999,25.1559,328.284,-0.0268812,0,0
471,335.712,-0.0870608,6.38124e+06,-84.9375,53.5524,31.9047,72.6955,511314,238.873,3.83272,328.284,-0.0267671,0,0
472,336.951,-0.0871754,6.38124e+06,-84.946,53.5639,31.9652,-72.7293,508951,236.744,-33.8473,328.28,-0.0266517,0,0
473,335.695,-0.0872896,6.38123e+06,-84.9545,53.5754,32.0257,-72.7629,506598,234.612,-26.7328,328.277,-0.0265345,0,0
474,334.436,-0.0874033,6.38123e+06,-84.9634,53.5868,32.0868,-72.7968,504227,232.478,-0.320857,328.277,-0.0264167,0,0
475,333.174,-0.0875164,6.38123e+06,-84.9728,53.5981,32.148,72.8305,501867,230.341,29.5018,328.28,-0.026297,0,0
476,334.424,-0.087629,6.38123e+06,-84.9821,53.6094,9.56167,5.92758,499496,228.201,24.0094,328.283,-0.0261763,0,0
477,334.457,-0.0869045,6.38123e+06,-84.9913,53.6207,9.54096,4.56716,497137,226.069,17.1616,328.285,-0.0260548,0,0
478,334.481,-0.086175,6.38122e+06,-85.0004,53.632,9.54139,4.60883,494778,223.954,17.2873,328.287,-0.0259342,0,0
479,334.505,-0.0854507,6.38122e+06,-85.0095,53.6434,9.52666,3.35524,492410,221.858,11.0779,328.288,-0.0258149,0,0
480,334.52,-0.0847348,6.38122e+06,-85.0187,53.6547,9.54301,4.7478,490050,219.778,17.8021,328.291,-0.0256961,0,0
481,334.545,-0.0840215,6.38122e+06,-85.0278,53.6661,9.52785,3.50157,487682,217.717,11.682,328.292,-0.0255786,0,0
482,334.562,-0.0833164,6.38122e+06,-85.0369,53.6774,9.52843,3.57014,485314,215.672,11.9561,328.293,-0.0254621,0,0
483,334.579,-0.0826167,6.38121e+06,-85.046,53.6888,9.54615,4.99631,482955,213.645,18.7423,328.296,-0.025346,0,0
484,334.605,-0.0819195,6.38121e+06,-85.0551,53.7001,9.52985,3.72934,480587,211.635,12.6021,328.297,-0.0252312,0,0
485,334.623,-0.0812305,6.38121e+06,-85.0642,53.7115,9.5341,4.10542,478232,209.642,14.3267,328.299,-0.0251167,0,0
486,334.644,-0.0805429,6.38121e+06,-85.0733,53.7229,9.53118,3.87294,475864,207.665,13.1588,328.3,-0.0250037,0,0
487,334.663,-0.0798646,6.38121e+06,-85.0824,53.7342,9.55037,5.31205,473505,205.705,19.8706,328.303,-0.0248911,0,0
488,334.692,-0.0791887,6.3812e+06,-85.0915,53.7456,9.52187,2.95885,471140,203.762,8.76266,328.304,-0.0247797,0,0
489,334.705,-0.07852,6.3812e+06,-85.1006,53.7569,9.53326,4.08608,468773,201.835,13.9587,328.306,-0.0246693,0,0
490,334.725,-0.0778576,6.3812e+06,-85.1097,53.7683,9.55393,5.56118,466414,199.925,20.7355,328.308,-0.0245594,0,0
491,334.756,-0.0771975,6.3812e+06,-85.1188,53.7797,9.52336,3.16889,464050,198.031,9.60136,328.309,-0.0244506,0,0
492,334.77,-0.0765446,6.3812e+06,-85.1278,53.7911,9.53559,4.30856,461682,196.152,14.7727,328.311,-0.0243429,0,0
493,334.792,-0.0758979,6.38119e+06,-85.1369,53.8024,9.54092,4.71661,459327,194.29,16.5623,328.313,-0.0242354,0,0
494,334.817,-0.0752525,6.38119e+06,-85.146,53.8138,9.53739,4.46981,456960,192.443,15.3576,328.315,-0.0241294,0,0
495,334.84,-0.0746163,6.38119e+06,-85.155,53.8252,9.52543,3.43853,454596,190.612,10.6268,328.316,-0.0240241,0,0
496,334.856,-0.0739842,6.38119e+06,-85.1641,53.8366,9.54363,4.9362,452241,188.797,17.2993,328.319,-0.0239192,0,0
497,334.882,-0.0733543,6.38119e+06,-85.1731,53.8479,9.54011,4.70208,449874,186.997,16.1631,328.321,-0.0238158,0,0
498,334.907,-0.0727337,6.38119e+06,-85.1822,53.8593,9.52721,3.6482,447510,185.212,11.3969,328.322,-0.0237131,0,0
499,334.924,-0.072117,6.38118e+06,-85.1912,53.8707,9.52787,3.72091,445147,183.442,11.6586,328.324,-0.0236112,0,0
500,334.942,-0.0715055,6.38118e+06,-85.2002,53.8821,9.54791,5.2585,442792,181.687,18.3648,328.326,-0.0235097,0,0
501,334.971,-0.0708962,6.38118e+06,-85.2093,53.8935,9.5294,3.88241,440428,179.948,12.2445,328.328,-0.0234096,0,0
502,334.99,-0.070295,6.38118e+06,-85.2183,53.9049,9.52998,3.94476,438065,178.223,12.451,328.329,-0.0233103,0,0
503,335.01,-0.0696988,6.38118e+06,-85.2273,53.9163,9.54622,5.17829,435698,176.512,17.7272,328.332,-0.023212,0,0
504,335.038,-0.0691088,6.38117e+06,-85.2363,53.9277,9.55244,5.57653,433344,174.816,19.3539,328.334,-0.0231139,0,0
505,335.068,-0.0685198,6.38117e+06,-85.2453,53.9391,9.53198,4.14606,430981,173.135,13.1178,328.336,-0.0230171,0,0
506,335.089,-0.0679388,6.38117e+06,-85.2543,53.9505,9.53254,4.20188,428617,171.468,13.2849,328.338,-0.0229211,0,0
507,335.111,-0.0673628,6.38117e+06,-85.2633,53.9619,9.5208,3.10597,426258,169.815,8.58063,328.339,-0.0228258,0,0
508,335.124,-0.0667907,6.38117e+06,-85.2723,53.9733,9.53449,4.37781,423895,168.176,13.8809,328.341,-0.0227315,0,0
509,335.147,-0.0662247,6.38117e+06,-85.2813,53.9847,9.53565,4.47747,421532,166.551,14.2226,328.343,-0.0226381,0,0
510,335.17,-0.0656637,6.38116e+06,-85.2903,53.9961,9.53653,4.55373,419169,164.939,14.4623,328.345,-0.0225454,0,0
511,335.194,-0.0651077,6.38116e+06,-85.2993,54.0075,9.56146,6.15287,416815,163.342,21.0242,328.348,-0.0224531,0,0
512,335.228,-0.0645536,6.38116e+06,-85.3082,54.0189,9.52365,3.46774,414455,161.758,9.83821,328.349,-0.0223619,0,0
513,335.245,-0.0640063,6.38116e+06,-85.3172,54.0303,9.53866,4.73798,412093,160.187,14.9791,328.351,-0.0222718,0,0
514,335.27,-0.0634651,6.38116e+06,-85.3261,54.0417,9.53983,4.83064,409730,158.63,15.2728,328.353,-0.0221824,0,0
515,335.295,-0.0629287,6.38116e+06,-85.3351,54.0531,9.52534,3.66521,407371,157.085,10.4725,328.355,-0.0220937,0,0
516,335.313,-0.0623961,6.38116e+06,-85.3441,54.0646,9.54175,4.98179,405008,155.554,15.7087,328.357,-0.022006,0,0
517,335.34,-0.0618695,6.38115e+06,-85.353,54.076,9.5268,3.8213,402649,154.036,10.9776,328.358,-0.0219189,0,0
518,335.359,-0.0613467,6.38115e+06,-85.3619,54.0874,9.54399,5.14959,400287,152.531,16.1973,328.361,-0.0218328,0,0
519,335.386,-0.0608298,6.38115e+06,-85.3709,54.0988,9.52825,3.97038,397928,151.038,11.441,328.362,-0.0217473,0,0
520,335.406,-0.0603165,6.38115e+06,-85.3798,54.1103,9.54621,5.31039,395566,149.558,16.6432,328.365,-0.0216627,0,0
521,335.435,-0.0598092,6.38115e+06,-85.3887,54.1217,9.52968,4.11219,393207,148.09,11.8624,328.366,-0.0215788,0,0
522,335.456,-0.0593056,6.38115e+06,-85.3976,54.1331,9.53034,4.17655,390849,146.635,12.0423,328.368,-0.0214957,0,0
523,335.477,-0.0588067,6.38115e+06,-85.4065,54.1446,9.5313,4.26445,388490,145.192,12.3101,328.37,-0.0214134,0,0
524,335.499,-0.0583126,6.38114e+06,-85.4154,54.156,9.55125,5.65467,386128,143.761,17.5775,328.373,-0.0213321,0,0
525,335.53,-0.0578244,6.38114e+06,-85.4243,54.1674,9.533,4.41713,383770,142.342,12.7468,328.375,-0.0212513,0,0
526,335.553,-0.0573398,6.38114e+06,-85.4332,54.1789,9.53361,4.47323,381411,140.935,12.8827,328.376,-0.0211714,0,0
527,335.576,-0.0568598,6.38114e+06,-85.4421,54.1903,9.53456,4.5543,379053,139.54,13.11,328.378,-0.0210922,0,0
528,335.6,-0.0563846,6.38114e+06,-85.451,54.2018,9.53551,4.63396,376695,138.157,13.3284,328.38,-0.0210138,0,0
529,335.624,-0.055914,6.38114e+06,-85.4599,54.2132,9.53645,4.71169,374337,136.785,13.536,328.383,-0.0209362,0,0
530,335.649,-0.0554481,6.38114e+06,-85.4687,54.2247,9.51785,3.08752,371969,135.424,7.45896,328.384,-0.0208599,0,0
531,335.663,-0.0549899,6.38113e+06,-85.4776,54.2361,9.53868,4.88734,369611,134.075,14.0128,328.386,-0.0207838,0,0
532,335.689,-0.0545333,6.38113e+06,-85.4865,54.2476,9.54011,4.99485,367254,132.737,14.3182,328.388,-0.0207085,0,0
533,335.716,-0.0540812,6.38113e+06,-85.4953,54.259,9.54102,5.06405,364896,131.41,14.4796,328.39,-0.0206339,0,0
534,335.743,-0.0536337,6.38113e+06,-85.5042,54.2705,9.54189,5.13069,362538,130.094,14.6287,328.393,-0.0205601,0,0
535,335.771,-0.0531908,6.38113e+06,-85.513,54.282,9.54276,5.19557,360180,128.789,14.7684,328.395,-0.0204871,0,0
536,335.799,-0.0527525,6.38113e+06,-85.5218,54.2934,9.50964,2.07755,357817,127.494,3.61134,328.396,-0.0204151,0,0
537,335.806,-0.0523206,6.38113e+06,-85.5307,54.3049,9.54521,5.36939,355460,126.211,15.1915,328.398,-0.0203436,0,0
538,335.835,-0.0518914,6.38112e+06,-85.5395,54.3164,9.54714,5.49823,353102,124.937,15.5464,328.401,-0.0202728,0,0
539,335.866,-0.0514666,6.38112e+06,-85.5483,54.3278,9.52764,4.10969,350748,123.675,10.6029,328.402,-0.0202026,0,0
540,335.886,-0.0510451,6.38112e+06,-85.5571,54.3393,9.54906,5.62948,348391,122.422,15.7984,328.405,-0.0201333,0,0
541,335.918,-0.0506292,6.38112e+06,-85.5659,54.3508,9.52487,3.89973,346025,121.18,9.74313,328.407,-0.0200654,0,0
542,335.937,-0.0502211,6.38112e+06,-85.5747,54.3623,9.52985,4.31672,343671,119.948,11.1001,328.408,-0.0199974,0,0
543,335.959,-0.049813,6.38112e+06,-85.5835,54.3737,9.55333,5.90267,341314,118.726,16.4123,328.411,-0.0199303,0,0
544,335.992,-0.0494104,6.38112e+06,-85.5923,54.3852,9.53178,4.48429,338961,117.514,11.5163,328.413,-0.0198638,0,0
545,336.016,-0.0490111,6.38112e+06,-85.6011,54.3967,9.5278,4.18628,336595,116.311,10.4414,328.415,-0.0197987,0,0
546,336.037,-0.0486206,6.38112e+06,-85.6099,54.4082,9.53352,4.63208,334241,115.118,11.8496,328.417,-0.0197336,0,0
547,336.061,-0.0482301,6.38111e+06,-85.6186,54.4197,9.53469,4.72526,331888,113.935,12.0752,328.419,-0.0196693,0,0
548,336.086,-0.0478438,6.38111e+06,-85.6274,54.4312,9.51432,2.9053,329526,112.761,6.04372,328.42,-0.0196062,0,0
549,336.099,-0.0474652,6.38111e+06,-85.6362,54.4427,9.56296,6.47086,327169,111.597,17.5975,328.423,-0.0195435,0,0
550,336.136,-0.0470889,6.38111e+06,-85.6449,54.4542,9.53851,5.01713,324816,110.442,12.7656,328.425,-0.0194813,0,0
551,336.163,-0.0467156,6.38111e+06,-85.6537,54.4657,9.51582,3.11353,322454,109.296,6.5842,328.427,-0.0194204,0,0
552,336.177,-0.0463499,6.38111e+06,-85.6624,54.4772,9.54041,5.15953,320101,108.159,13.036,328.429,-0.0193596,0,0
553,336.205,-0.0459851,6.38111e+06,-85.6711,54.4887,9.51746,3.31116,317739,107.031,7.11218,328.43,-0.0193001,0,0
554,336.22,-0.0456279,6.38111e+06,-85.6799,54.5002,9.54357,5.379,315387,105.911,13.5356,328.433,-0.0192407,0,0
555,336.25,-0.0452716,6.3811e+06,-85.6886,54.5117,9.54524,5.49084,313034,104.801,13.7856,328.435,-0.0191821,0,0
556,336.28,-0.0449195,6.3811e+06,-85.6973,54.5232,9.51947,3.54437,310672,103.699,7.67686,328.437,-0.0191247,0,0
557,336.297,-0.044575,6.3811e+06,-85.706,54.5347,9.54752,5.64399,308320,102.605,14.0514,328.439,-0.0190674,0,0
558,336.328,-0.0442313,6.3811e+06,-85.7147,54.5462,9.52106,3.71533,305958,101.521,8.08189,328.441,-0.0190114,0,0
559,336.347,-0.0438951,6.3811e+06,-85.7234,54.5577,9.55058,5.83841,303606,100.444,14.4282,328.443,-0.0189555,0,0
560,336.379,-0.0435596,6.3811e+06,-85.7321,54.5692,9.52263,3.87593,301245,99.3754,8.44044,328.445,-0.0189009,0,0
561,336.399,-0.0432317,6.3811e+06,-85.7408,54.5807,9.55356,6.02223,298893,98.315,14.7558,328.448,-0.0188463,0,0
562,336.432,-0.0429044,6.3811e+06,-85.7495,54.5923,9.5083,2.29397,296535,97.2627,3.66828,328.449,-0.0187929,0,0
563,336.441,-0.0425834,6.3811e+06,-85.7581,54.6038,9.55704,6.22761,294183,96.2182,15.1286,328.451,-0.0187397,0,0
564,336.476,-0.0422643,6.3811e+06,-85.7668,54.6153,9.52654,4.24145,291822,95.1816,9.24061,328.453,-0.0186878,0,0
565,336.498,-0.0419527,6.38109e+06,-85.7755,54.6268,9.53214,4.67127,289474,94.1527,10.4031,328.455,-0.0186357,0,0
566,336.523,-0.0416403,6.38109e+06,-85.7841,54.6384,9.52832,4.39824,287113,93.1314,9.54105,328.457,-0.0185851,0,0
567,336.546,-0.0413368,6.38109e+06,-85.7928,54.6499,9.5649,6.66572,284762,92.1177,15.8977,328.46,-0.0185346,0,0
568,336.584,-0.0410336,6.38109e+06,-85.8014,54.6614,9.51094,2.73653,282404,91.1113,4.73919,328.461,-0.0184852,0,0
569,336.596,-0.0407368,6.38109e+06,-85.8101,54.673,9.56808,6.83616,280053,90.1123,16.1155,328.465,-0.018436,0,0
570,336.635,-0.0404415,6.38109e+06,-85.8187,54.6845,9.51198,2.88748,277696,89.1206,5.07817,328.466,-0.0183878,0,0
571,336.648,-0.0401526,6.38109e+06,-85.8273,54.696,9.51234,2.94231,275339,88.1359,5.18459,328.467,-0.0183404,0,0
572,336.661,-0.0398675,6.38109e+06,-85.8359,54.7076,9.5763,7.24845,272988,87.1583,16.8399,328.47,-0.0182931,0,0
573,336.703,-0.039584,6.38109e+06,-85.8446,54.7191,9.51437,3.19122,270631,86.1876,5.76635,328.472,-0.0182469,0,0
574,336.718,-0.0393067,6.38109e+06,-85.8532,54.7307,9.54411,5.53461,268284,85.2238,11.9584,328.474,-0.0182007,0,0
575,336.748,-0.0390295,6.38108e+06,-85.8618,54.7422,9.53982,5.27694,265924,84.2667,11.1728,328.477,-0.0181561,0,0
576,336.777,-0.0387614,6.38108e+06,-85.8704,54.7538,9.516,3.39153,263567,83.3163,6.14298,328.478,-0.0181118,0,0
577,336.793,-0.0384956,6.38108e+06,-85.8789,54.7653,9.54906,5.84969,261220,82.3724,12.4682,328.481,-0.0180675,0,0
578,336.826,-0.0382298,6.38108e+06,-85.8875,54.7769,9.51785,3.592,258864,81.4351,6.55022,328.482,-0.0180245,0,0
579,336.844,-0.0379717,6.38108e+06,-85.8961,54.7884,9.51859,3.67117,256507,80.5041,6.69245,328.484,-0.0179821,0,0
580,336.861,-0.0377173,6.38108e+06,-85.9047,54.8,9.55567,6.23966,254161,79.5794,13.1238,328.487,-0.0179397,0,0
581,336.897,-0.0374627,6.38108e+06,-85.9132,54.8116,9.52104,3.91065,251805,78.6609,7.17066,328.488,-0.0178986,0,0
582,336.917,-0.0372158,6.38108e+06,-85.9218,54.8231,9.52169,3.975,249449,77.7485,7.26358,328.49,-0.017858,0,0
583,336.937,-0.0369726,6.38108e+06,-85.9303,54.8347,9.52322,4.11351,247093,76.8421,7.53529,328.492,-0.0178181,0,0
584,336.958,-0.0367331,6.38108e+06,-85.9389,54.8462,9.56506,6.75307,244746,75.9416,13.8987,328.495,-0.0177782,0,0
585,336.997,-0.0364932,6.38108e+06,-85.9474,54.8578,9.52558,4.32043,242390,75.047,7.89328,328.497,-0.0177395,0,0
586,337.019,-0.036261,6.38107e+06,-85.956,54.8694,9.52604,4.36396,240035,74.1581,7.92136,328.499,-0.0177014,0,0
587,337.042,-0.0360324,6.38107e+06,-85.9645,54.881,9.50609,2.3086,237683,73.2749,3.00739,328.499,-0.0176636,0,0
588,337.05,-0.0358059,6.38107e+06,-85.973,54.8925,9.57503,7.25599,235337,72.3972,14.5543,328.503,-0.0176261,0,0
589,337.093,-0.0355803,6.38107e+06,-85.9815,54.9041,9.53142,4.78766,232981,71.5251,8.67278,328.505,-0.0175898,0,0
590,337.119,-0.0353625,6.38107e+06,-85.99,54.9157,9.53162,4.80813,230626,70.6584,8.63338,328.507,-0.0175541,0,0
591,337.144,-0.0351483,6.38107e+06,-85.9985,54.9273,9.50814,2.64313,228274,69.7969,3.6489,328.508,-0.0175187,0,0
592,337.155,-0.0349359,6.38107e+06,-86.007,54.9389,9.53528,5.07443,225919,68.9407,9.05657,328.51,-0.0174842,0,0
593,337.183,-0.0347287,6.38107e+06,-86.0155,54.9504,9.51034,2.93529,223568,68.0896,4.22125,328.511,-0.01745,0,0
594,337.196,-0.0345233,6.38107e+06,-86.024,54.962,9.59467,8.14695,221222,67.2435,15.6686,328.515,-0.0174158,0,0
595,337.245,-0.0343186,6.38107e+06,-86.0325,54.9736,9.51188,3.13019,218871,66.4024,4.55831,328.517,-0.0173828,0,0
596,337.259,-0.0341201,6.38107e+06,-86.041,54.9852,9.54208,5.53655,216516,65.5663,9.68064,328.519,-0.0173505,0,0
597,337.29,-0.0339267,6.38106e+06,-86.0494,54.9968,9.51307,3.27633,214165,64.7349,4.77217,328.521,-0.0173186,0,0
598,337.305,-0.033735,6.38106e+06,-86.0579,55.0084,9.51403,3.3836,211814,63.9083,4.9451,328.522,-0.0172872,0,0
599,337.321,-0.0335467,6.38106e+06,-86.0663,55.02,9.55054,6.05183,209459,63.0863,10.4435,328.525,-0.0172567,0,0
600,337.355,-0.0333634,6.38106e+06,-86.0748,55.0316,9.51708,3.69656,207108,62.2688,5.47968,328.526,-0.0172264,0,0
601,337.373,-0.0331818,6.38106e+06,-86.0832,55.0432,9.5179,3.78003,204758,61.4558,5.58746,328.528,-0.0171967,0,0
602,337.392,-0.0330034,6.38106e+06,-86.0917,55.0548,9.55885,6.51728,202404,60.6472,11.0356,328.531,-0.0171678,0,0
603,337.43,-0.03283,6.38106e+06,-86.1001,55.0664,9.52087,4.05515,200053,59.8429,6.00753,328.533,-0.0171392,0,0
604,337.45,-0.0326581,6.38106e+06,-86.1085,55.078,9.52152,4.116,197702,59.0428,6.05705,328.534,-0.0171111,0,0
605,337.471,-0.0324894,6.38106e+06,-86.1169,55.0896,9.5234,4.27699,195352,58.2469,6.29782,328.536,-0.0170835,0,0
606,337.494,-0.032324,6.38106e+06,-86.1254,55.1013,9.52532,4.43444,193002,57.4551,6.52451,328.538,-0.0170565,0,0
607,337.517,-0.0321617,6.38106e+06,-86.1338,55.1129,9.5272,4.58412,190651,56.6672,6.72934,328.54,-0.01703,0,0
608,337.541,-0.0320027,6.38106e+06,-86.1422,55.1245,9.52905,4.72612,188301,55.8833,6.91298,328.542,-0.017004,0,0
609,337.566,-0.0318467,6.38106e+06,-86.1506,55.1361,9.53085,4.86069,185951,55.1032,7.07642,328.544,-0.0169786,0,0
610,337.592,-0.0316939,6.38105e+06,-86.1589,55.1477,9.5326,4.98808,183601,54.3269,7.22064,328.547,-0.0169536,0,0
611,337.62,-0.0315442,6.38105e+06,-86.1673,55.1593,9.5343,5.10857,181251,53.5543,7.34658,328.549,-0.0169292,0,0
612,337.647,-0.0313975,6.38105e+06,-86.1757,55.171,9.50406,2.30172,178905,52.7854,2.27687,328.55,-0.0169049,0,0
613,337.656,-0.031252,6.38105e+06,-86.1841,55.1826,9.53896,5.42254,176555,52.02,7.70884,328.552,-0.0168815,0,0
614,337.686,-0.0311114,6.38105e+06,-86.1924,55.1942,9.54265,5.6555,174206,51.258,8.01179,328.555,-0.0168586,0,0
615,337.718,-0.0309739,6.38105e+06,-86.2008,55.2059,9.54402,5.74228,171856,50.4995,8.05382,328.558,-0.0168362,0,0
616,337.75,-0.0308394,6.38105e+06,-86.2091,55.2175,9.50692,2.73395,169510,49.7443,2.88585,328.559,-0.0168139,0,0
617,337.762,-0.0307058,6.38105e+06,-86.2175,55.2291,9.50399,2.37168,167152,48.9924,2.24712,328.559,-0.0167935,0,0
618,337.771,-0.0305828,6.38105e+06,-86.2258,55.2408,9.55415,6.3297,164803,48.2436,8.69036,328.562,-0.0167725,0,0
619,337.807,-0.0304571,6.38105e+06,-86.2342,55.2524,9.51206,3.34104,162457,47.4979,3.74324,328.564,-0.0167517,0,0
620,337.823,-0.0303321,6.38105e+06,-86.2425,55.264,9.56099,6.69569,160108,46.7552,9.03043,328.567,-0.0167317,0,0
621,337.862,-0.0302119,6.38105e+06,-86.2508,55.2757,9.51413,3.56107,157763,46.0155,3.98099,328.568,-0.0167118,0,0
622,337.879,-0.0300926,6.38105e+06,-86.2591,55.2873,9.5148,3.63241,155417,45.2788,4.03206,328.57,-0.0166924,0,0
623,337.897,-0.029976,6.38104e+06,-86.2674,55.299,9.51167,3.35068,153059,44.5449,3.54426,328.571,-0.0166748,0,0
624,337.913,-0.0298706,6.38104e+06,-86.2758,55.3106,9.52016,4.12079,150714,43.8137,4.64028,328.573,-0.0166563,0,0
625,337.934,-0.0297597,6.38104e+06,-86.2841,55.3223,9.58588,7.87695,148366,43.0852,10.1288,328.577,-0.0166386,0,0
626,337.981,-0.0296535,6.38104e+06,-86.2923,55.3339,9.5238,4.42432,146021,42.3593,4.93834,328.579,-0.016621,0,0
627,338.004,-0.0295477,6.38104e+06,-86.3006,55.3456,9.52359,4.41267,143676,41.6361,4.8432,328.581,-0.0166039,0,0
628,338.028,-0.0294447,6.38104e+06,-86.3089,55.3572,9.49528,0.327255,141322,40.9153,-0.942962,328.58,-0.0165882,0,0
629,338.023,-0.0293509,6.38104e+06,-86.3172,55.3689,9.53093,4.96076,138977,40.197,5.44108,328.583,-0.016572,0,0
630,338.05,-0.0292532,6.38104e+06,-86.3255,55.3805,9.61836,9.18245,136629,39.481,11.1301,328.587,-0.0165565,0,0
631,338.106,-0.0291604,6.38104e+06,-86.3337,55.3922,9.5367,5.35347,134284,38.7674,5.78533,328.59,-0.0165411,0,0
632,338.135,-0.0290677,6.38104e+06,-86.342,55.4039,9.49552,0.67248,131931,38.056,-0.427173,328.59,-0.0165272,0,0
633,338.133,-0.0289845,6.38104e+06,-86.3502,55.4155,9.53985,5.55891,129587,37.3467,5.84826,328.592,-0.0165126,0,0
634,338.164,-0.0288968,6.38104e+06,-86.3585,55.4272,9.54666,5.96778,127242,36.6396,6.26199,328.595,-0.0164984,0,0
635,338.198,-0.0288115,6.38104e+06,-86.3667,55.4389,9.49696,1.25497,124889,35.9345,0.315129,328.595,-0.0164858,0,0
636,338.2,-0.0287361,6.38104e+06,-86.3749,55.4505,9.55341,6.34958,122545,35.2315,6.49843,328.598,-0.0164724,0,0
637,338.236,-0.0286557,6.38103e+06,-86.3832,55.4622,9.50275,2.3416,120204,34.5303,1.59401,328.599,-0.016459,0,0
638,338.245,-0.0285748,6.38103e+06,-86.3914,55.4739,9.49959,1.87639,117851,33.8311,1.02114,328.599,-0.0164477,0,0
639,338.251,-0.028507,6.38103e+06,-86.3996,55.4856,9.57645,7.49492,115508,33.1337,7.45041,328.603,-0.0164355,0,0
640,338.296,-0.0284337,6.38103e+06,-86.4078,55.4972,9.50371,2.5402,113155,32.438,1.72389,328.604,-0.016425,0,0
641,338.306,-0.0283708,6.38103e+06,-86.416,55.5089,9.58747,7.98479,110811,31.744,7.69439,328.608,-0.0164135,0,0
642,338.354,-0.0283019,6.38103e+06,-86.4242,55.5206,9.51134,3.40481,108471,31.0517,2.58197,328.609,-0.0164019,0,0
643,338.37,-0.028232,6.38103e+06,-86.4324,55.5323,9.50515,2.75005,106118,30.361,1.83882,328.61,-0.0163926,0,0
644,338.382,-0.0281762,6.38103e+06,-86.4406,55.544,9.60885,8.85347,103775,29.6718,8.11645,328.615,-0.0163822,0,0
645,338.436,-0.0281139,6.38103e+06,-86.4488,55.5557,9.4999,-1.9912,101426,28.9841,-2.98657,328.613,-0.0163731,0,0
646,338.416,-0.0280595,6.38103e+06,-86.4569,55.5674,9.62498,9.45368,99083.4,28.2978,8.3518,328.618,-0.0163634,0,0
647,338.474,-0.0280013,6.38103e+06,-86.4651,55.5791,9.49744,-1.52815,96734.4,27.6129,-2.40541,328.616,-0.0163551,0,0
648,338.457,-0.0279512,6.38103e+06,-86.4733,55.5907,9.6524,10.389,94391.7,26.9293,8.85457,328.622,-0.0163461,0,0
649,338.521,-0.0278971,6.38103e+06,-86.4814,55.6024,9.49605,-1.20374,92043,26.247,-1.99296,328.621,-0.0163385,0,0
650,338.506,-0.0278513,6.38103e+06,-86.4896,55.6141,9.53655,5.40471,89703.8,25.5659,3.91811,328.623,-0.0163295,0,0
651,338.536,-0.0277974,6.38102e+06,-86.4977,55.6258,9.53652,5.42803,87351.9,24.886,3.83623,328.626,-0.0163232,0,0
652,338.566,-0.0277597,6.38102e+06,-86.5059,55.6375,9.55274,6.35354,85012.9,24.2073,4.51873,328.629,-0.0163149,0,0
653,338.603,-0.0277095,6.38102e+06,-86.514,55.6492,9.49451,-0.72446,82664.6,23.5296,-1.39747,328.628,-0.0163086,0,0
654,338.591,-0.027672,6.38102e+06,-86.5221,55.6609,9.56565,7.0182,80325.8,22.853,4.80356,328.631,-0.0163009,0,0
655,338.633,-0.0276253,6.38102e+06,-86.5303,55.6726,9.56377,6.94766,77974.3,22.1774,4.60869,328.635,-0.016296,0,0
656,338.673,-0.0275962,6.38102e+06,-86.5384,55.6844,9.58052,7.71055,75635.8,21.5027,5.05022,328.638,-0.0162888,0,0
657,338.719,-0.0275529,6.38102e+06,-86.5465,55.6961,9.49389,-0.477996,73288,20.8289,-1.05833,328.638,-0.0162839,0,0
658,338.709,-0.0275232,6.38102e+06,-86.5546,55.7078,9.5891,8.08331,70949.7,20.1561,5.00366,328.642,-0.0162771,0,0
659,338.758,-0.0274828,6.38102e+06,-86.5627,55.7195,9.49353,0.213692,68602.1,19.484,-0.522091,328.641,-0.0162729,0,0
660,338.752,-0.0274573,6.38102e+06,-86.5708,55.7312,9.4936,0.362074,66254.6,18.8128,-0.407699,328.641,-0.016269,0,0
661,338.748,-0.0274339,6.38102e+06,-86.5789,55.7429,9.66177,10.7019,63916.5,18.1422,6.20413,328.646,-0.016263,0,0
662,338.815,-0.0273977,6.38102e+06,-86.5869,55.7546,9.49775,1.74853,61569.1,17.4723,0.464503,328.647,-0.0162596,0,0
663,338.82,-0.0273775,6.38102e+06,-86.595,55.7664,9.49633,1.45154,59221.9,16.8031,0.273075,328.647,-0.0162566,0,0
664,338.823,-0.0273594,6.38102e+06,-86.6031,55.7781,9.73155,12.6953,56884.2,16.1344,6.68905,328.654,-0.0162511,0,0
665,338.904,-0.0273264,6.38102e+06,-86.6112,55.7898,9.57302,-7.39705,54540.4,15.4662,-4.5291,328.649,-0.0162476,0,0
666,338.847,-0.0273053,6.38101e+06,-86.6192,55.8015,9.50418,2.76082,52193.5,14.7988,0.915488,328.65,-0.0162455,0,0
667,338.859,-0.0272926,6.38101e+06,-86.6273,55.8133,9.50418,2.76082,49855.9,14.1318,7.98887,328.659,-0.0162406,0,0
668,338.871,-0.0272799,6.38101e+06,-86.6353,55.825,9.50418,2.76082,47509,13.465,2.87074,328.663,-0.0162388,0,0
669,338.883,-0.0272672,6.38101e+06,-86.6434,55.8367,9.50418,2.76082,45165.3,12.7986,-1.91489,328.66,-0.016236,0,0
670,338.895,-0.0272545,6.38101e+06,-86.6515,55.8484,9.50418,2.76082,42828,12.1325,9.4693,328.673,-0.016231,0,0
671,338.907,-0.0272418,6.38101e+06,-86.6595,55.8602,9.50418,2.76082,40481.2,11.4667,4.50367,328.679,-0.0162296,0,0
672,338.919,-0.0272291,6.38101e+06,-86.6676,55.8719,9.50418,2.76082,38137.7,10.8012,-0.169082,328.679,-0.0162271,0,0
673,338.931,-0.0272164,6.38101e+06,-86.6757,55.8836,9.50418,2.76082,35791.1,10.136,5.46983,328.688,-0.0162262,0,0
674,338.944,-0.0272037,6.38101e+06,-86.6837,55.8954,9.50418,2.76082,33457.2,9.47117,6.71557,328.699,-0.0162195,0,0
675,338.956,-0.027191,6.38101e+06,-86.6918,55.9071,9.50418,2.76082,31110.7,8.80662,7.01202,328.712,-0.0162189,0,0
676,338.968,-0.0271783,6.38101e+06,-86.6998,55.9188,9.50418,2.76082,28767.5,8.14237,2.5979,328.717,-0.016217,0,0
677,338.98,-0.0271656,6.38101e+06,-86.7079,55.9306,9.50418,2.76082,26424.4,7.47843,3.16435,328.724,-0.0162154,0,0
678,338.992,-0.0271528,6.38101e+06,-86.7159,55.9423,9.50418,2.76082,24087.6,6.81481,14.9136,328.76,-0.01621,0,0
679,339.004,-0.0271401,6.38101e+06,-86.724,55.954,9.50418,2.76082,21744.6,6.1515,5.60421,328.774,-0.0162089,0,0
680,339.016,-0.0271274,6.38101e+06,-86.732,55.9658,9.50418,2.76082,19401.6,5.48849,6.56273,328.794,-0.0162083,0,0
681,339.028,-0.0271147,6.381e+06,-86.74,55.9775,9.50418,2.76082,17058.7,4.8258,7.70984,328.82,-0.0162086,0,0
682,339.04,-0.027102,6.381e+06,-86.7481,55.9892,9.50418,2.76082,14712.7,4.16342,14.4414,328.876,-0.0162136,0,0
683,339.052,-0.0270893,6.381e+06,-86.7561,56.001,9.50418,2.76082,12370,3.50135,11.779,328.931,-0.0162177,0,0
684,339.064,-0.0270766,6.381e+06,-86.7642,56.0127,9.50418,2.76082,10027.3,2.83959,14.3641,329.013,-0.0162253,0,0
685,339.076,-0.0270638,6.381e+06,-86.7722,56.0245,9.50418,2.76082,7694.36,2.17814,23.8154,329.19,-0.0162194,0,0
686,339.088,-0.0270511,6.381e+06,-86.7802,56.0362,9.50418,2.76082,5352,1.517,25.6759,329.465,-0.0162402,0,0
687,339.1,-0.0270384,6.381e+06,-86.7883,56.0479,9.50418,2.76082,3010.02,0.856171,37.2676,330.174,-0.0162972,3,0
687.01,340.316,-0.0270257,6.381e+06,-86.7883,56.0481,9.50418,2.76082,2986.63,0.849566,37.2676,330.184,-0.0162972,3,0
687.02,340.316,-0.0270257,6.381e+06,-86.7884,56.0482,9.50418,2.76082,2963.24,0.842961,37.2676,330.194,-0.0162972,3,0
687.03,340.316,-0.0270257,6.381e+06,-86.7885,56.0483,9.50418,2.76082,2939.85,0.836355,37.2676,330.205,-0.0162972,3,0
687.04,340.316,-0.0270257,6.381e+06,-86.7886,56.0484,9.50418,2.76082,2916.46,0.82975,37.2676,330.215,-0.0162972,3,0
687.05,340.316,-0.0270257,6.381e+06,-86.7887,56.0485,9.50418,2.76082,2893.06,0.823145,37.2676,330.226,-0.0162972,3,0
687.06,340.316,-0.0270257,6.381e+06,-86.7887,56.0487,9.50418,2.76082,2869.67,0.81654,37.2676,330.236,-0.0162972,3,0
687.07,340.316,-0.0270257,6.381e+06,-86.7888,56.0488,9.50418,2.76082,2846.28,0.809935,37.2676,330.247,-0.0162972,3,0
687.08,340.316,-0.0270257,6.381e+06,-86.7889,56.0489,9.50418,2.76082,2822.89,0.80333,37.2676,330.258,-0.0162972,3,0
687.09,340.316,-0.0270257,6.381e+06,-86.789,56.049,9.50418,2.76082,2799.5,0.796724,37.2676,330.27,-0.0162972,3,0
687.1,340.316,-0.0270257,6.381e+06,-86.789,56.0491,9.50418,2.76082,2776.11,0.790119,37.2676,330.281,-0.0162972,3,0
687.11,340.316,-0.0270257,6.381e+06,-86.7891,56.0492,9.50418,2.76082,2752.72,0.783514,37.2676,330.293,-0.0162972,3,0
687.12,340.316,-0.0270257,6.381e+06,-86.7892,56.0494,9.50418,2.76082,2729.33,0.776909,37.2676,330.305,-0.0162972,3,0
687.13,340.316,-0.0270257,6.381e+06,-86.7893,56.0495,9.50418,2.76082,2705.94,0.770304,37.2676,330.317,-0.0162972,3,0
687.14,340.316,-0.0270257,6.381e+06,-86.7894,56.0496,9.50418,2.76082,2682.55,0.763699,37.2676,330.329,-0.0162972,3,0
687.15,340.316,-0.0270257,6.381e+06,-86.7894,56.0497,9.50418,2.76082,2659.16,0.757093,37.2676,330.342,-0.0162972,3,0
687.16,340.316,-0.0270257,6.381e+06,-86.7895,56.0498,9.50418,2.76082,2635.77,0.750488,37.2676,330.355,-0.0162972,3,0
687.17,340.316,-0.0270257,6.381e+06,-86.7896,56.05,9.50418,2.76082,2612.38,0.743883,37.2676,330.368,-0.0162972,3,0
687.18,340.316,-0.0270257,6.381e+06,-86.7897,56.0501,9.50418,2.76082,2588.99,0.737278,37.2676,330.381,-0.0162972,3,0
687.19,340.316,-0.0270257,6.381e+06,-86.7897,56.0502,9.50418,2.76082,2565.6,0.730673,37.2676,330.394,-0.0162972,3,0
687.2,340.316,-0.0270257,6.381e+06,-86.7898,56.0503,9.50418,2.76082,2542.22,0.724068,37.2676,330.408,-0.0162972,3,0
687.21,340.316,-0.0270257,6.381e+06,-86.7899,56.0504,9.50418,2.76082,2518.83,0.717462,37.2676,330.422,-0.0162972,3,0
687.22,340.316,-0.0270257,6.381e+06,-86.79,56.0505,9.50418,2.76082,2495.44,0.710857,37.2676,330.436,-0.0162972,3,0
687.23,340.316,-0.0270257,6.381e+06,-86.7901,56.0507,9.50418,2.76082,2472.05,0.704252,37.2676,330.451,-0.0162972,3,0
687.24,340.316,-0.0270257,6.381e+06,-86.7901,56.0508,9.50418,2.76082,2448.66,0.697647,37.2676,330.466,-0.0162972,3,0
687.25,340.316,-0.0270257,6.381e+06,-86.7902,56.0509,9.50418,2.76082,2425.27,0.691042,37.2676,330.481,-0.0162972,3,0
687.26,340.316,-0.0270257,6.381e+06,-86.7903,56.051,9.50418,2.76082,2401.89,0.684437,37.2676,330.496,-0.0162972,3,0
687.27,340.316,-0.0270257,6.381e+06,-86.7904,56.0511,9.50418,2.76082,2378.5,0.677831,37.2676,330.512,-0.0162972,3,0
687.28,340.316,-0.0270257,6.381e+06,-86.7904,56.0513,9.50418,2.76082,2355.11,0.671226,37.2676,330.528,-0.0162972,3,0
687.29,340.316,-0.0270257,6.381e+06,-86.7905,56.0514,9.50418,2.76082,2331.72,0.664621,37.2676,330.544,-0.0162972,3,0
687.3,340.316,-0.0270257,6.381e+06,-86.7906,56.0515,9.50418,2.76082,2308.34,0.658016,37.2676,330.561,-0.0162972,3,0
687.31,340.316,-0.0270257,6.381e+06,-86.7907,56.0516,9.50418,2.76082,2284.95,0.651411,37.2676,330.578,-0.0162972,3,0
687.32,340.316,-0.0270257,6.381e+06,-86.7908,56.0517,9.50418,2.76082,2261.56,0.644805,37.2676,330.595,-0.0162972,3,0
687.33,340.316,-0.0270257,6.381e+06,-86.7908,56.0518,9.50418,2.76082,2238.17,0.6382,37.2676,330.613,-0.0162972,3,0
687.34,340.316,-0.0270257,6.381e+06,-86.7909,56.052,9.50418,2.76082,2214.79,0.631595,37.2676,330.631,-0.0162972,3,0
687.35,340.316,-0.0270257,6.381e+06,-86.791,56.0521,9.50418,2.76082,2191.4,0.62499,37.2676,330.649,-0.0162972,3,0
687.36,340.316,-0.0270257,6.381e+06,-86.7911,56.0522,9.50418,2.76082,2168.02,0.618385,37.2676,330.668,-0.0162972,3,0
687.37,340.316,-0.0270257,6.381e+06,-86.7911,56.0523,9.50418,2.76082,2144.63,0.61178,37.2676,330.688,-0.0162972,3,0
687.38,340.316,-0.0270257,6.381e+06,-86.7912,56.0524,9.50418,2.76082,2121.25,0.605174,37.2676,330.707,-0.0162972,3,0
687.39,340.316,-0.0270257,6.381e+06,-86.7913,56.0525,9.50418,2.76082,2097.86,0.598569,37.2676,330.727,-0.0162972,3,0
687.4,340.316,-0.0270257,6.381e+06,-86.7914,56.0527,9.50418,2.76082,2074.48,0.591964,37.2676,330.748,-0.0162972,3,0
687.41,340.316,-0.0270257,6.381e+06,-86.7915,56.0528,9.50418,2.76082,2051.09,0.585359,37.2676,330.769,-0.0162972,3,0
687.42,340.316,-0.0270257,6.381e+06,-86.7915,56.0529,9.50418,2.76082,2027.71,0.578754,37.2676,330.791,-0.0162972,3,0
687.43,340.316,-0.0270257,6.381e+06,-86.7916,56.053,9.50418,2.76082,2004.32,0.572149,37.2676,330.813,-0.0162972,3,0
687.44,340.316,-0.0270257,6.381e+06,-86.7917,56.0531,9.50418,2.76082,1980.94,0.565543,37.2676,330.835,-0.0162972,3,0
687.45,340.316,-0.0270257,6.381e+06,-86.7918,56.0533,9.50418,2.76082,1957.56,0.558938,37.2676,330.859,-0.0162972,3,0
687.46,340.316,-0.0270257,6.381e+06,-86.7919,56.0534,9.50418,2.76082,1934.17,0.552333,37.2676,330.882,-0.0162972,3,0
687.47,340.316,-0.0270257,6.381e+06,-86.7919,56.0535,9.50418,2.76082,1910.79,0.545728,37.2676,330.906,-0.0162972,3,0
687.48,340.316,-0.0270257,6.381e+06,-86.792,56.0536,9.50418,2.76082,1887.41,0.539123,37.2676,330.931,-0.0162972,3,0
687.49,340.316,-0.0270257,6.381e+06,-86.7921,56.0537,9.50418,2.76082,1864.03,0.532518,37.2676,330.957,-0.0162972,3,0
687.5,340.316,-0.0270257,6.381e+06,-86.7922,56.0538,9.50418,2.76082,1840.65,0.525912,37.2676,330.983,-0.0162972,3,0
687.51,340.316,-0.0270257,6.381e+06,-86.7922,56.054,9.50418,2.76082,1817.26,0.519307,37.2676,331.01,-0.0162972,3,0
687.52,340.316,-0.0270257,6.381e+06,-86.7923,56.0541,9.50418,2.76082,1793.88,0.512702,37.2676,331.037,-0.0162972,3,0
687.53,340.316,-0.0270257,6.381e+06,-86.7924,56.0542,9.50418,2.76082,1770.5,0.506097,37.2676,331.066,-0.0162972,3,0
687.54,340.316,-0.0270257,6.381e+06,-86.7925,56.0543,9.50418,2.76082,1747.12,0.499492,37.2676,331.095,-0.0162972,3,0
687.55,340.316,-0.0270257,6.381e+06,-86.7926,56.0544,9.50418,2.76082,1723.74,0.492887,37.2676,331.124,-0.0162972,3,0
687.56,340.316,-0.0270257,6.381e+06,-86.7926,56.0546,9.50418,2.76082,1700.37,0.486281,37.2676,331.155,-0.0162972,3,0
687.57,340.316,-0.0270257,6.381e+06,-86.7927,56.0547,9.50418,2.76082,1676.99,0.479676,37.2676,331.187,-0.0162972,3,0
687.58,340.316,-0.0270257,6.381e+06,-86.7928,56.0548,9.50418,2.76082,1653.61,0.473071,37.2676,331.219,-0.0162972,3,0
687.59,340.316,-0.0270257,6.381e+06,-86.7929,56.0549,9.50418,2.76082,1630.23,0.466466,37.2676,331.252,-0.0162972,3,0
687.6,340.316,-0.0270257,6.381e+06,-86.7929,56.055,9.50418,2.76082,1606.86,0.459861,37.2676,331.287,-0.0162972,3,0
687.61,340.316,-0.0270257,6.381e+06,-86.793,56.0551,9.50418,2.76082,1583.48,0.453256,37.2676,331.322,-0.0162972,3,0
687.62,340.316,-0.0270257,6.381e+06,-86.7931,56.0553,9.50418,2.76082,1560.11,0.44665,37.2676,331.358,-0.0162972,3,0
687.63,340.316,-0.0270257,6.381e+06,-86.7932,56.0554,9.50418,2.76082,1536.73,0.440045,37.2676,331.396,-0.0162972,3,0
687.64,340.316,-0.0270257,6.381e+06,-86.7933,56.0555,9.50418,2.76082,1513.36,0.43344,37.2676,331.434,-0.0162972,3,0
687.65,340.316,-0.0270257,6.381e+06,-86.7933,56.0556,9.50418,2.76082,1489.98,0.426835,37.2676,331.474,-0.0162972,3,0
687.66,340.316,-0.0270257,6.381e+06,-86.7934,56.0557,9.50418,2.76082,1466.61,0.42023,37.2676,331.515,-0.0162972,3,0
687.67,340.316,-0.0270257,6.381e+06,-86.7935,56.0558,9.50418,2.76082,1443.24,0.413625,37.2676,331.558,-0.0162972,3,0
687.68,340.316,-0.0270257,6.381e+06,-86.7936,56.056,9.50418,2.76082,1419.87,0.407019,37.2676,331.602,-0.0162972,3,0
687.69,340.316,-0.0270257,6.381e+06,-86.7936,56.0561,9.50418,2.76082,1396.5,0.400414,37.2676,331.647,-0.0162972,3,0
687.7,340.316,-0.0270257,6.381e+06,-86.7937,56.0562,9.50418,2.76082,1373.13,0.393809,37.2676,331.694,-0.0162972,3,0
687.71,340.316,-0.0270257,6.381e+06,-86.7938,56.0563,9.50418,2.76082,1349.76,0.387204,37.2676,331.742,-0.0162972,3,0
687.72,340.316,-0.0270257,6.381e+06,-86.7939,56.0564,9.50418,2.76082,1326.39,0.380599,37.2676,331.792,-0.0162972,3,0
687.73,340.316,-0.0270257,6.381e+06,-86.794,56.0566,9.50418,2.76082,1303.03,0.373994,37.2676,331.844,-0.0162972,3,0
687.74,340.316,-0.0270257,6.381e+06,-86.794,56.0567,9.50418,2.76082,1279.66,0.367388,37.2676,331.898,-0.0162972,3,0
687.75,340.316,-0.0270257,6.381e+06,-86.7941,56.0568,9.50418,2.76082,1256.3,0.360783,37.2676,331.954,-0.0162972,3,0
687.76,340.316,-0.0270257,6.381e+06,-86.7942,56.0569,9.50418,2.76082,1232.94,0.354178,37.2676,332.012,-0.0162972,3,0
687.77,340.316,-0.0270257,6.381e+06,-86.7943,56.057,9.50418,2.76082,1209.57,0.347573,37.2676,332.072,-0.0162972,3,0
687.78,340.316,-0.0270257,6.381e+06,-86.7944,56.0571,9.50418,2.76082,1186.22,0.340968,37.2676,332.135,-0.0162972,3,0
687.79,340.316,-0.0270257,6.381e+06,-86.7944,56.0573,9.50418,2.76082,1162.86,0.334363,37.2676,332.2,-0.0162972,3,0
687.8,340.316,-0.0270257,6.381e+06,-86.7945,56.0574,9.50418,2.76082,1139.5,0.327757,37.2676,332.268,-0.0162972,3,0
687.81,340.316,-0.0270257,6.381e+06,-86.7946,56.0575,9.50418,2.76082,1116.14,0.321152,37.2676,332.339,-0.0162972,3,0
687.82,340.316,-0.0270257,6.381e+06,-86.7947,56.0576,9.50418,2.76082,1092.79,0.314547,37.2676,332.412,-0.0162972,3,0
687.83,340.316,-0.0270257,6.381e+06,-86.7947,56.0577,9.50418,2.76082,1069.44,0.307942,37.2676,332.489,-0.0162972,3,0
687.84,340.316,-0.0270257,6.381e+06,-86.7948,56.0579,9.50418,2.76082,1046.09,0.301337,37.2676,332.57,-0.0162972,3,0
687.85,340.316,-0.0270257,6.381e+06,-86.7949,56.058,9.50418,2.76082,1022.74,0.294731,37.2676,332.654,-0.0162972,3,0
687.86,340.316,-0.0270257,6.381e+06,-86.795,56.0581,9.50418,2.76082,999.399,0.288126,37.2676,332.742,-0.0162972,3,0
687.87,340.316,-0.0270257,6.381e+06,-86.7951,56.0582,9.50418,2.76082,976.056,0.281521,37.2676,332.834,-0.0162972,3,0
687.88,340.316,-0.0270257,6.381e+06,-86.7951,56.0583,9.50418,2.76082,952.717,0.274916,37.2676,332.93,-0.0162972,3,0
687.89,340.316,-0.0270257,6.381e+06,-86.7952,56.0584,9.50418,2.76082,929.38,0.268311,37.2676,333.032,-0.0162972,3,0
687.9,340.316,-0.0270257,6.381e+06,-86.7953,56.0586,9.50418,2.76082,906.046,0.261706,37.2676,333.139,-0.0162972,3,0
687.91,340.316,-0.0270257,6.381e+06,-86.7954,56.0587,9.50418,2.76082,882.716,0.2551,37.2676,333.251,-0.0162972,3,0
687.92,340.316,-0.0270257,6.381e+06,-86.7954,56.0588,9.50418,2.76082,859.389,0.248495,37.2676,333.37,-0.0162972,3,0
687.93,340.316,-0.0270257,6.381e+06,-86.7955,56.0589,9.50418,2.76082,836.066,0.24189,37.2676,333.495,-0.0162972,3,0
687.94,340.316,-0.0270257,6.381e+06,-86.7956,56.059,9.50418,2.76082,812.747,0.235285,37.2676,333.627,-0.0162972,3,0
687.95,340.316,-0.0270257,6.381e+06,-86.7957,56.0592,9.50418,2.76082,789.433,0.22868,37.2676,333.767,-0.0162972,3,0
687.96,340.316,-0.0270257,6.381e+06,-86.7958,56.0593,9.50418,2.76082,766.124,0.222075,37.2676,333.916,-0.0162972,3,0
687.97,340.316,-0.0270257,6.381e+06,-86.7958,56.0594,9.50418,2.76082,742.82,0.215469,37.2676,334.074,-0.0162972,3,0
687.98,340.316,-0.0270257,6.381e+06,-86.7959,56.0595,9.50418,2.76082,719.523,0.208864,37.2676,334.242,-0.0162972,3,0
687.99,340.316,-0.0270257,6.381e+06,-86.796,56.0596,9.50418,2.76082,696.232,0.202259,37.2676,334.422,-0.0162972,3,0
688,340.316,-0.0270257,6.381e+06,-86.7961,56.0597,9.50418,2.76082,672.948,0.195654,52.1424,334.614,-0.0166583,3,0
688.01,341.532,-0.0270129,6.381e+06,-86.7961,56.0599,9.50418,2.76082,649.701,0.189052,52.1424,334.793,-0.0166583,3,0
688.02,341.532,-0.0270129,6.381e+06,-86.7962,56.06,9.50418,2.76082,626.46,0.18245,52.1424,334.986,-0.0166583,3,0
688.03,341.532,-0.0270129,6.381e+06,-86.7963,56.0601,9.50418,2.76082,603.227,0.175848,52.1424,335.194,-0.0166583,3,0
688.04,341.532,-0.0270129,6.381e+06,-86.7964,56.0602,9.50418,2.76082,580.003,0.169246,52.1424,335.419,-0.0166583,3,0
688.05,341.532,-0.0270129,6.381e+06,-86.7964,56.0603,9.50418,2.76082,556.788,0.162644,52.1424,335.662,-0.0166583,3,0
688.06,341.532,-0.0270129,6.381e+06,-86.7965,56.0605,9.50418,2.76082,533.585,0.156042,52.1424,335.927,-0.0166583,3,0
688.07,341.532,-0.0270129,6.381e+06,-86.7966,56.0606,9.50418,2.76082,510.394,0.14944,52.1424,336.215,-0.0166583,3,0
688.08,341.532,-0.0270129,6.381e+06,-86.7967,56.0607,9.50418,2.76082,487.216,0.142837,52.1424,336.531,-0.0166583,3,0
688.09,341.532,-0.0270129,6.381e+06,-86.7967,56.0608,9.50418,2.76082,464.056,0.136235,52.1424,336.879,-0.0166583,3,0
688.1,341.532,-0.0270129,6.381e+06,-86.7968,56.0609,9.50418,2.76082,440.914,0.129633,52.1424,337.263,-0.0166583,3,0
688.11,341.532,-0.0270129,6.381e+06,-86.7969,56.061,9.50418,2.76082,417.794,0.123031,52.1424,337.69,-0.0166583,3,0
688.12,341.532,-0.0270129,6.381e+06,-86.797,56.0612,9.50418,2.76082,394.7,0.116429,52.1424,338.166,-0.0166583,3,0
688.13,341.532,-0.0270129,6.381e+06,-86.797,56.0613,9.50418,2.76082,371.637,0.109827,52.1424,338.702,-0.0166583,3,0
688.14,341.532,-0.0270129,6.381e+06,-86.7971,56.0614,9.50418,2.76082,348.611,0.103225,52.1424,339.309,-0.0166583,3,0
688.15,341.532,-0.0270129,6.381e+06,-86.7972,56.0615,9.50418,2.76082,325.629,0.096623,52.1424,340.001,-0.0166583,3,0
688.16,341.532,-0.0270129,6.381e+06,-86.7972,56.0616,9.50418,2.76082,302.702,0.090021,52.1424,340.798,-0.0166583,3,0
688.17,341.532,-0.0270129,6.381e+06,-86.7973,56.0618,9.50418,2.76082,279.843,0.0834189,52.1424,341.726,-0.0166583,3,0
688.18,341.532,-0.0270129,6.381e+06,-86.7974,56.0619,9.50418,2.76082,257.071,0.0768168,52.1424,342.819,-0.0166583,3,0
688.19,341.532,-0.0270129,6.381e+06,-86.7975,56.062,9.50418,2.76082,234.41,0.0702148,52.1424,344.123,-0.0166583,3,0
688.2,341.532,-0.0270129,6.381e+06,-86.7975,56.0621,9.50418,2.76082,211.897,0.0636127,52.1424,345.705,-0.0166583,3,0
688.21,341.532,-0.0270129,6.381e+06,-86.7976,56.0622,9.50418,2.76082,189.584,0.0570107,52.1424,347.662,-0.0166583,3,0
688.22,341.532,-0.0270129,6.381e+06,-86.7977,56.0624,9.50418,2.76082,167.55,0.0504086,52.1424,350.137,-0.0166583,3,0
688.23,341.532,-0.0270129,6.381e+06,-86.7978,56.0625,9.50418,2.76082,145.924,0.0438065,52.1424,353.354,-0.0166583,3,0
688.24,341.532,-0.0270129,6.381e+06,-86.7978,56.0626,9.50418,2.76082,124.915,0.0372045,52.1424,357.669,-0.0166583,3,0
688.25,341.532,-0.0270129,6.381e+06,-86.7979,56.0627,9.50418,2.76082,104.897,0.0306024,52.1424,3.67855,-0.0166583,3,0
688.26,341.532,-0.0270129,6.381e+06,-86.798,56.0628,9.50418,2.76082,86.5585,0.0240004,52.1424,12.368,-0.0166583,3,0
