Time,Latitude,Longitude,Heading_Angle,Normal_Acceleration_Command,LOS_Distance,LOS_Distance_Rate,LOS_Angle,LOS_Angle_Rate,LOS_Angle_Acceleration
1,50,-80,0,0,1.48941e+06,0,328.548,0,0
2,50,-80,328.548,-0.00850174,1.48841e+06,-994.023,328.546,-0.00253514,-0.00229183
3,50.0107,-80.0102,328.54,-0.0766522,1.48602e+06,-2394.06,328.535,-0.0102895,-0.00458366
4,50.0215,-80.0204,328.463,-0.0786977,1.48362e+06,-2397.9,328.525,-0.0101117,-0.00687549
5,50.0322,-80.0307,328.384,-0.0824476,1.48122e+06,-2394.27,328.515,-0.0102189,-0.00916732
6,50.0429,-80.041,328.302,-0.0812886,1.47882e+06,-2402.49,328.504,-0.0104672,-0.00687549
7,50.0536,-80.0513,328.221,-0.0745425,1.47642e+06,-2398.21,328.495,-0.00996216,-0.00458366
8,50.0643,-80.0616,328.146,-0.0720254,1.47403e+06,-2394.57,328.484,-0.0100692,-0.00229183
9,50.0749,-80.0719,328.074,-0.068579,1.47164e+06,-2394.66,328.474,-0.0100234,-7.76503e-19
10,50.0856,-80.0823,328.005,-0.0651448,1.46924e+06,-2394.76,328.464,-0.00997944,0.00229183
11,50.0963,-80.0927,327.94,-0.0617252,1.46685e+06,-2394.85,328.455,-0.00993766,0.00458366
12,50.1069,-80.1031,327.878,-0.0583202,1.46445e+06,-2394.95,328.445,-0.00989806,0.00687549
13,50.1176,-80.1136,327.82,-0.0571848,1.46205e+06,-2403.17,328.434,-0.0101619,0.00916732
14,50.1282,-80.124,327.763,-0.0515517,1.45965e+06,-2395.14,328.425,-0.00982505,0.0114592
15,50.1388,-80.1345,327.711,-0.0481853,1.45726e+06,-2395.23,328.415,-0.00979122,0.013751
16,50.1495,-80.145,327.663,-0.0521187,1.45487e+06,-2391.58,328.405,-0.00991924,0.0114592
17,50.1601,-80.1555,327.611,-0.0540409,1.45247e+06,-2395.41,328.395,-0.00972952,0.00916732
18,50.1707,-80.166,327.557,-0.0592279,1.45007e+06,-2403.64,328.385,-0.00999943,0.00687549
19,50.1813,-80.1766,327.498,-0.059844,1.44767e+06,-2395.59,328.376,-0.00966003,0.00458366
20,50.1919,-80.1871,327.438,-0.0637143,1.44528e+06,-2391.94,328.366,-0.00978136,0.00229183
21,50.2025,-80.1977,327.374,-0.065582,1.44288e+06,-2395.77,328.356,-0.00958095,-7.76503e-19
22,50.2131,-80.2083,327.309,-0.0717484,1.44048e+06,-2400.24,328.346,-0.0100039,-0.00229183
23,50.2237,-80.2189,327.237,-0.0712559,1.43809e+06,-2395.93,328.337,-0.0094924,-0.00458366
24,50.2343,-80.2296,327.166,-0.0750498,1.43569e+06,-2392.26,328.327,-0.00960508,-0.00687549
25,50.2448,-80.2403,327.091,-0.0802141,1.43329e+06,-2400.48,328.317,-0.0098621,-0.00916732
26,50.2554,-80.251,327.01,-0.079638,1.4309e+06,-2396.15,328.308,-0.0093407,-0.0114592
27,50.2659,-80.2617,326.931,-0.0833761,1.42851e+06,-2392.47,328.298,-0.00944707,-0.013751
28,50.2765,-80.2724,326.847,-0.0885286,1.4261e+06,-2400.68,328.289,-0.00969819,-0.0160428
29,50.287,-80.2832,326.759,-0.0888476,1.42371e+06,-2392.6,328.279,-0.00933011,-0.0183346
30,50.2975,-80.294,326.67,-0.0852854,1.42132e+06,-2392.65,328.27,-0.0092671,-0.0160428
31,50.308,-80.3048,326.585,-0.0841288,1.41892e+06,-2400.85,328.261,-0.00951424,-0.013751
32,50.3185,-80.3157,326.501,-0.0781837,1.41653e+06,-2392.76,328.251,-0.00914448,-0.0114592
33,50.329,-80.3266,326.422,-0.0746512,1.41413e+06,-2392.81,328.242,-0.00908588,-0.00916732
34,50.3394,-80.3375,326.348,-0.0735143,1.41173e+06,-2401.01,328.233,-0.00934121,-0.00687549
35,50.3499,-80.3484,326.274,-0.067642,1.40934e+06,-2392.92,328.224,-0.00897692,-0.00458366
36,50.3604,-80.3594,326.207,-0.0665128,1.40694e+06,-2401.13,328.215,-0.00923687,-0.00229183
37,50.3708,-80.3703,326.14,-0.060689,1.40455e+06,-2393.03,328.206,-0.00887627,-2.32951e-18
38,50.3813,-80.3813,326.079,-0.0582781,1.40216e+06,-2389.34,328.197,-0.00899519,0.00229183
39,50.3917,-80.3924,326.021,-0.056133,1.39975e+06,-2401.3,328.188,-0.00909835,0.00458366
40,50.4021,-80.4034,325.965,-0.0503794,1.39736e+06,-2393.21,328.179,-0.00874295,0.00687549
41,50.4125,-80.4144,325.915,-0.0503545,1.39496e+06,-2397.68,328.17,-0.00918393,0.00916732
42,50.4229,-80.4255,325.864,-0.0435845,1.39257e+06,-2393.33,328.161,-0.00866561,0.0114592
43,50.4333,-80.4366,325.821,-0.0435879,1.39017e+06,-2397.82,328.152,-0.00911255,0.013751
44,50.4438,-80.4477,325.777,-0.036851,1.38778e+06,-2393.47,328.144,-0.00859733,0.0160428
45,50.4541,-80.4588,325.74,-0.0368858,1.38538e+06,-2397.96,328.134,-0.00905068,0.0183346
46,50.4645,-80.4699,325.703,-0.0312872,1.38299e+06,-2389.87,328.126,-0.00870735,0.0206265
47,50.4749,-80.4811,325.672,-0.029135,1.38059e+06,-2401.87,328.117,-0.00882921,0.0229183
48,50.4853,-80.4922,325.643,-0.0309558,1.3782e+06,-2390.03,328.108,-0.00865851,0.0206265
49,50.4957,-80.5034,325.612,-0.0362232,1.3758e+06,-2398.29,328.099,-0.00895326,0.0183346
50,50.5061,-80.5146,325.576,-0.0368861,1.37341e+06,-2390.19,328.091,-0.00860986,0.0160428
51,50.5164,-80.5257,325.539,-0.0421437,1.37101e+06,-2398.44,328.082,-0.00890014,0.013751
52,50.5268,-80.5369,325.497,-0.0427455,1.36862e+06,-2390.34,328.073,-0.00855074,0.0114592
53,50.5372,-80.5482,325.454,-0.0479955,1.36622e+06,-2398.58,328.064,-0.00883694,0.00916732
54,50.5475,-80.5594,325.406,-0.0485361,1.36383e+06,-2390.47,328.056,-0.00848149,0.00687549
55,50.5579,-80.5706,325.358,-0.0537781,1.36143e+06,-2398.71,328.047,-0.0087636,0.00458366
56,50.5682,-80.5819,325.304,-0.056645,1.35904e+06,-2398.77,328.038,-0.00872334,0.00229183
57,50.5786,-80.5932,325.247,-0.057087,1.35664e+06,-2390.64,328.03,-0.0083578,-7.76503e-19
58,50.5889,-80.6045,325.19,-0.0623161,1.35425e+06,-2398.87,328.021,-0.00863369,-0.00229183
59,50.5992,-80.6158,325.128,-0.0637875,1.35186e+06,-2386.98,328.013,-0.00843637,-0.00458366
60,50.6095,-80.6271,325.064,-0.0679225,1.34946e+06,-2398.95,328.005,-0.0085346,-0.00687549
61,50.6198,-80.6385,324.996,-0.0706979,1.34706e+06,-2398.99,327.996,-0.00848101,-0.00916732
62,50.6301,-80.6499,324.925,-0.0720647,1.34467e+06,-2387.07,327.988,-0.00827451,-0.0114592
63,50.6404,-80.6613,324.853,-0.0761901,1.34227e+06,-2399.04,327.979,-0.00836531,-0.013751
64,50.6507,-80.6727,324.777,-0.0799877,1.33988e+06,-2395.31,327.971,-0.00847916,-0.0160428
65,50.661,-80.6842,324.697,-0.0791059,1.33749e+06,-2390.88,327.963,-0.00791337,-0.0183346
66,50.6712,-80.6956,324.618,-0.0853645,1.33509e+06,-2395.33,327.955,-0.00834799,-0.0206265
67,50.6815,-80.7071,324.533,-0.0869606,1.33269e+06,-2399.08,327.947,-0.00810296,-0.0229183
68,50.6917,-80.7187,324.446,-0.0881285,1.33031e+06,-2387.12,327.939,-0.00787937,-0.0252101
69,50.7019,-80.7302,324.357,-0.0932984,1.32791e+06,-2395.31,327.931,-0.00813226,-0.027502
70,50.7121,-80.7418,324.264,-0.0896335,1.32552e+06,-2395.29,327.922,-0.00805522,-0.0252101
71,50.7223,-80.7534,324.175,-0.0859606,1.32312e+06,-2395.27,327.915,-0.00797703,-0.0229183
72,50.7325,-80.7651,324.089,-0.0786837,1.32073e+06,-2390.8,327.907,-0.00739359,-0.0206265
73,50.7427,-80.7767,324.01,-0.0786708,1.31834e+06,-2395.23,327.899,-0.00782873,-0.0183346
74,50.7529,-80.7884,323.931,-0.0750603,1.31594e+06,-2395.22,327.892,-0.00775957,-0.0160428
75,50.763,-80.8001,323.856,-0.071457,1.31354e+06,-2395.21,327.884,-0.00769144,-0.013751
76,50.7732,-80.8119,323.785,-0.0665002,1.31116e+06,-2383.25,327.876,-0.00747429,-0.0114592
77,50.7833,-80.8236,323.718,-0.064306,1.30877e+06,-2395.21,327.869,-0.00756327,-0.00916732
78,50.7935,-80.8354,323.654,-0.0607595,1.30637e+06,-2395.21,327.861,-0.00750338,-0.00687549
79,50.8036,-80.8472,323.593,-0.0572267,1.30398e+06,-2395.22,327.854,-0.00744549,-0.00458366
80,50.8137,-80.859,323.536,-0.0537116,1.30158e+06,-2395.23,327.846,-0.00739018,-0.00229183
81,50.8238,-80.8709,323.482,-0.0513787,1.29919e+06,-2391.5,327.839,-0.00751937,-2.32951e-18
82,50.8339,-80.8827,323.431,-0.0442917,1.2968e+06,-2387.05,327.832,-0.00695261,0.00229183
83,50.844,-80.8946,323.387,-0.0432731,1.29441e+06,-2395.3,327.825,-0.00723977,0.00458366
84,50.8541,-80.9065,323.343,-0.0410257,1.29202e+06,-2391.59,327.817,-0.00737906,0.00687549
85,50.8642,-80.9184,323.302,-0.0364106,1.28962e+06,-2395.38,327.81,-0.0071536,0.00916732
86,50.8743,-80.9303,323.266,-0.034205,1.28723e+06,-2391.67,327.803,-0.00729744,0.0114592
87,50.8844,-80.9422,323.232,-0.0296097,1.28483e+06,-2395.47,327.796,-0.00707644,0.013751
88,50.8944,-80.9542,323.202,-0.0274566,1.28244e+06,-2391.78,327.789,-0.00722641,0.0160428
89,50.9045,-80.9661,323.175,-0.0217232,1.28006e+06,-2383.61,327.782,-0.00685668,0.0183346
90,50.9146,-80.9781,323.153,-0.0207832,1.27767e+06,-2391.91,327.775,-0.00716643,0.0206265
91,50.9246,-80.99,323.132,-0.0162316,1.27527e+06,-2395.74,327.768,-0.00695497,0.0229183
92,50.9347,-81.002,323.116,-0.0141837,1.27288e+06,-2392.07,327.761,-0.00711734,0.0252101
93,50.9448,-81.014,323.102,-0.010911,1.27049e+06,-2392.16,327.753,-0.0070968,0.027502
94,50.9548,-81.026,323.091,-0.00765303,1.26809e+06,-2392.25,327.746,-0.00707844,0.0297938
95,50.9649,-81.038,323.083,-0.00441337,1.2657e+06,-2392.35,327.739,-0.0070628,0.0320856
96,50.9749,-81.05,323.079,-0.00745853,1.26331e+06,-2392.46,327.732,-0.00704989,0.0297938
97,50.985,-81.062,323.071,-0.0105039,1.26092e+06,-2392.57,327.725,-0.00703697,0.027502
98,50.995,-81.074,323.061,-0.0135306,1.25852e+06,-2392.67,327.718,-0.00702129,0.0252101
99,51.0051,-81.086,323.047,-0.0165385,1.25613e+06,-2392.76,327.711,-0.00700282,0.0229183
100,51.0151,-81.098,323.031,-0.0195274,1.25374e+06,-2392.85,327.704,-0.00698155,0.0206265
101,51.0252,-81.11,323.011,-0.0237611,1.25135e+06,-2389.18,327.697,-0.00714778,0.0183346
102,51.0352,-81.1221,322.987,-0.0254473,1.24896e+06,-2393.01,327.69,-0.00693047,0.0160428
103,51.0453,-81.1341,322.962,-0.0283751,1.24656e+06,-2393.07,327.683,-0.0069002,0.013751
104,51.0553,-81.1462,322.934,-0.0325465,1.24417e+06,-2389.39,327.676,-0.00705928,0.0114592
105,51.0653,-81.1582,322.901,-0.0341796,1.24178e+06,-2393.19,327.669,-0.00683217,0.00916732
106,51.0754,-81.1703,322.867,-0.0370493,1.23939e+06,-2393.24,327.663,-0.00679337,0.00687549
107,51.0854,-81.1824,322.83,-0.0411581,1.237e+06,-2389.54,327.656,-0.00694523,0.00458366
108,51.0954,-81.1945,322.789,-0.0427369,1.2346e+06,-2393.33,327.649,-0.00670821,0.00229183
109,51.1054,-81.2066,322.746,-0.0467998,1.23221e+06,-2389.61,327.642,-0.00685465,-7.76503e-19
110,51.1154,-81.2188,322.699,-0.0495926,1.22982e+06,-2389.64,327.635,-0.00680526,-0.00229183
111,51.1254,-81.2309,322.649,-0.0511121,1.22743e+06,-2393.4,327.629,-0.00655767,-0.00458366
112,51.1354,-81.2431,322.598,-0.0577105,1.22503e+06,-2397.93,327.622,-0.00704828,-0.00687549
113,51.1454,-81.2553,322.541,-0.0578406,1.22264e+06,-2389.67,327.615,-0.00663809,-0.00916732
114,51.1554,-81.2675,322.483,-0.0605414,1.22025e+06,-2389.66,327.608,-0.00657532,-0.0114592
115,51.1654,-81.2797,322.422,-0.0619851,1.21786e+06,-2393.4,327.602,-0.00631423,-0.013751
116,51.1753,-81.2919,322.36,-0.0658995,1.21547e+06,-2389.64,327.596,-0.00644347,-0.0160428
117,51.1853,-81.3042,322.294,-0.0685516,1.21308e+06,-2389.61,327.589,-0.00637364,-0.0183346
118,51.1952,-81.3165,322.226,-0.0711793,1.21069e+06,-2389.58,327.583,-0.00630029,-0.0206265
119,51.2052,-81.3288,322.155,-0.0764788,1.20829e+06,-2397.82,327.576,-0.00657966,-0.0229183
120,51.2151,-81.3411,322.078,-0.0763685,1.2059e+06,-2389.49,327.57,-0.00614403,-0.0252101
121,51.225,-81.3534,322.002,-0.0801609,1.20352e+06,-2385.68,327.564,-0.00625989,-0.027502
122,51.2349,-81.3658,321.922,-0.0814697,1.20113e+06,-2389.36,327.558,-0.00597513,-0.0297938
123,51.2448,-81.3782,321.84,-0.0839897,1.19874e+06,-2389.29,327.552,-0.00588628,-0.0320856
124,51.2547,-81.3906,321.756,-0.0864927,1.19635e+06,-2389.21,327.546,-0.00579501,-0.0343775
125,51.2646,-81.4031,321.67,-0.0929781,1.19396e+06,-2393.66,327.54,-0.00626137,-0.0366693
126,51.2744,-81.4156,321.577,-0.0851724,1.19157e+06,-2389.01,327.534,-0.00560261,-0.0343775
127,51.2843,-81.4281,321.492,-0.0813624,1.18918e+06,-2388.91,327.529,-0.00550332,-0.0320856
128,51.2941,-81.4406,321.41,-0.0788458,1.18679e+06,-2385.07,327.523,-0.00561158,-0.0297938
129,51.3039,-81.4532,321.331,-0.076563,1.1844e+06,-2397.02,327.518,-0.00567893,-0.027502
130,51.3137,-81.4658,321.255,-0.0713625,1.18201e+06,-2384.89,327.512,-0.00543092,-0.0252101
131,51.3235,-81.4784,321.183,-0.0663588,1.17962e+06,-2388.56,327.507,-0.00514001,-0.0229183
132,51.3333,-81.491,321.117,-0.0639566,1.17724e+06,-2384.75,327.502,-0.00526136,-0.0206265
133,51.3431,-81.5036,321.053,-0.0616845,1.17484e+06,-2396.74,327.496,-0.00534097,-0.0183346
134,51.3529,-81.5163,320.991,-0.0566373,1.17246e+06,-2384.64,327.491,-0.00510425,-0.0160428
135,51.3627,-81.529,320.935,-0.0530036,1.17007e+06,-2384.59,327.486,-0.00502943,-0.013751
136,51.3724,-81.5417,320.882,-0.0493951,1.16769e+06,-2384.56,327.481,-0.00495827,-0.0114592
137,51.3822,-81.5544,320.832,-0.0471316,1.16529e+06,-2396.59,327.476,-0.00504968,-0.00916732
138,51.3919,-81.5671,320.785,-0.0422367,1.16291e+06,-2384.52,327.472,-0.00482442,-0.00687549
139,51.4017,-81.5799,320.743,-0.0386859,1.16052e+06,-2384.51,327.467,-0.00476162,-0.00458366
140,51.4114,-81.5927,320.704,-0.0378041,1.15813e+06,-2392.82,327.462,-0.00507126,-0.00229183
141,51.4211,-81.6054,320.666,-0.0316509,1.15575e+06,-2384.52,327.457,-0.00464573,-5.43552e-18
142,51.4309,-81.6182,320.635,-0.028158,1.15336e+06,-2384.53,327.452,-0.00459138,0.00229183
143,51.4406,-81.631,320.607,-0.0273155,1.15097e+06,-2392.88,327.448,-0.00491209,0.00458366
144,51.4503,-81.6438,320.579,-0.0212481,1.14858e+06,-2384.6,327.443,-0.0044938,0.00687549
145,51.46,-81.6566,320.558,-0.0178179,1.1462e+06,-2384.64,327.439,-0.00444864,0.00916732
146,51.4697,-81.6695,320.54,-0.0170159,1.14381e+06,-2393.03,327.434,-0.00478054,0.0114592
147,51.4794,-81.6823,320.523,-0.012462,1.14142e+06,-2381.03,327.429,-0.00458205,0.013751
148,51.4891,-81.6951,320.511,-0.0102492,1.13903e+06,-2393.17,327.425,-0.0047075,0.0160428
149,51.4988,-81.708,320.501,-0.00431853,1.13665e+06,-2384.92,327.42,-0.0043007,0.0183346
150,51.5085,-81.7208,320.496,-0.00244858,1.13427e+06,-2381.28,327.416,-0.00448519,0.0206265
151,51.5183,-81.7337,320.494,-0.000260091,1.13187e+06,-2393.46,327.411,-0.0046217,0.0229183
152,51.528,-81.7466,320.494,0.00558644,1.12949e+06,-2385.23,327.407,-0.0042223,0.0252101
153,51.5377,-81.7594,320.499,0.00736619,1.1271e+06,-2381.62,327.402,-0.00441787,0.027502
154,51.5474,-81.7723,320.506,0.00953791,1.12471e+06,-2393.83,327.398,-0.00456423,0.0297938
155,51.5571,-81.7851,320.516,0.0138011,1.12233e+06,-2381.89,327.394,-0.00438916,0.0320856
156,51.5668,-81.798,320.53,0.0159697,1.11994e+06,-2394.12,327.389,-0.00454086,0.0343775
157,51.5765,-81.8109,320.546,0.0201599,1.11755e+06,-2382.2,327.385,-0.00437191,0.0366693
158,51.5862,-81.8237,320.566,0.024834,1.11517e+06,-2386.1,327.38,-0.0041495,0.0389611
159,51.5959,-81.8366,320.591,0.0239159,1.11278e+06,-2390.89,327.376,-0.00474957,0.041253
160,51.6056,-81.8494,320.615,0.0248226,1.11039e+06,-2386.46,327.372,-0.00415172,0.0389611
161,51.6154,-81.8623,320.64,0.0104686,1.108e+06,-2388.41,327.366,-0.00579978,0.0366693
162,51.6251,-81.8751,320.65,-0.00693102,1.10562e+06,-2382.89,327.358,-0.00789352,0.0343775
163,51.6348,-81.888,320.643,-0.0186123,1.10324e+06,-2376.44,327.349,-0.00915832,0.0320856
164,51.6445,-81.9008,320.624,-0.0358132,1.10087e+06,-2370.85,327.337,-0.0112457,0.0297938
165,51.6542,-81.9137,320.589,-0.0515057,1.0985e+06,-2368.94,327.324,-0.0131101,0.027502
166,51.664,-81.9266,320.537,-0.0642983,1.09614e+06,-2358.63,327.31,-0.0145833,0.0252101
167,51.6737,-81.9395,320.473,-0.0629004,1.09379e+06,-2353.96,327.296,-0.013936,0.0229183
168,51.6834,-81.9524,320.41,-0.0685311,1.09143e+06,-2362.27,327.282,-0.014279,0.0206265
169,51.693,-81.9653,320.341,-0.0684411,1.08907e+06,-2353.85,327.268,-0.0138436,0.0183346
170,51.7027,-81.9783,320.273,-0.0740614,1.08671e+06,-2362.14,327.254,-0.0141823,0.0160428
171,51.7124,-81.9913,320.199,-0.0767949,1.08435e+06,-2362.06,327.239,-0.0141293,0.013751
172,51.722,-82.0043,320.122,-0.0765802,1.082e+06,-2353.6,327.226,-0.01368,0.0114592
173,51.7317,-82.0173,320.046,-0.0835741,1.07964e+06,-2358.12,327.211,-0.0142378,0.00916732
174,51.7413,-82.0303,319.962,-0.0848389,1.07728e+06,-2361.75,327.198,-0.0139478,0.00687549
175,51.751,-82.0434,319.877,-0.0845045,1.07492e+06,-2353.26,327.184,-0.0134851,0.00458366
176,51.7606,-82.0565,319.793,-0.090075,1.07256e+06,-2361.5,327.17,-0.0138085,0.00229183
177,51.7702,-82.0697,319.703,-0.0940642,1.0702e+06,-2357.61,327.156,-0.0139643,-7.76503e-19
178,51.7797,-82.0828,319.608,-0.0922229,1.06785e+06,-2352.83,327.143,-0.0132604,-0.00229183
179,51.7893,-82.096,319.516,-0.0991561,1.06549e+06,-2357.29,327.129,-0.0138055,-0.00458366
180,51.7989,-82.1092,319.417,-0.100282,1.06313e+06,-2360.87,327.116,-0.0134917,-0.00687549
181,51.8084,-82.1225,319.317,-0.101111,1.06078e+06,-2348.56,327.102,-0.0132348,-0.00916732
182,51.818,-82.1357,319.216,-0.10523,1.05842e+06,-2360.48,327.089,-0.0133112,-0.0114592
183,51.8275,-82.149,319.11,-0.109069,1.05607e+06,-2356.53,327.076,-0.0134492,-0.013751
184,51.837,-82.1624,319.001,-0.110088,1.05371e+06,-2360.05,327.063,-0.0131177,-0.0160428
185,51.8464,-82.1757,318.891,-0.110763,1.05136e+06,-2347.7,327.05,-0.0128458,-0.0183346
186,51.8559,-82.1892,318.781,-0.116236,1.049e+06,-2355.83,327.037,-0.0131437,-0.0206265
187,51.8654,-82.2026,318.664,-0.117188,1.04664e+06,-2359.32,327.024,-0.0128009,-0.0229183
188,51.8748,-82.2161,318.547,-0.117747,1.0443e+06,-2346.92,327.011,-0.0125178,-0.0252101
189,51.8842,-82.2296,318.429,-0.123189,1.04194e+06,-2355.02,326.998,-0.0128078,-0.027502
190,51.8936,-82.2431,318.306,-0.12546,1.03959e+06,-2354.72,326.986,-0.0126894,-0.0297938
191,51.903,-82.2567,318.181,-0.127695,1.03723e+06,-2354.41,326.973,-0.0125657,-0.0320856
192,51.9124,-82.2703,318.053,-0.125311,1.03488e+06,-2349.46,326.961,-0.0117921,-0.0343775
193,51.9217,-82.2839,317.928,-0.132097,1.03253e+06,-2353.75,326.949,-0.0123088,-0.0366693
194,51.931,-82.2976,317.796,-0.134274,1.03018e+06,-2353.4,326.937,-0.0121771,-0.0389611
195,51.9403,-82.3113,317.661,-0.136408,1.02782e+06,-2353.03,326.925,-0.0120393,-0.041253
196,51.9496,-82.3251,317.525,-0.135264,1.02548e+06,-2344.27,326.913,-0.011486,-0.0435448
197,51.9589,-82.3389,317.39,-0.141999,1.02313e+06,-2348.5,326.901,-0.0119949,-0.0458366
198,51.9681,-82.3527,317.248,-0.136515,1.02078e+06,-2351.84,326.89,-0.0116072,-0.0435448
199,51.9774,-82.3666,317.111,-0.132408,1.01843e+06,-2351.42,326.878,-0.0114578,-0.041253
200,51.9866,-82.3805,316.979,-0.128332,1.01608e+06,-2351.02,326.867,-0.0113128,-0.0389611
201,51.9958,-82.3945,316.85,-0.121051,1.01373e+06,-2342.24,326.856,-0.0107547,-0.0366693
202,52.0049,-82.4084,316.729,-0.120262,1.01138e+06,-2350.24,326.845,-0.0110341,-0.0343775
203,52.0141,-82.4225,316.609,-0.117731,1.00904e+06,-2346.12,326.834,-0.0111462,-0.0320856
204,52.0232,-82.4365,316.491,-0.1123,1.00669e+06,-2349.52,326.823,-0.0107702,-0.0297938
205,52.0323,-82.4506,316.379,-0.109821,1.00434e+06,-2345.41,326.812,-0.010888,-0.027502
206,52.0414,-82.4647,316.269,-0.101233,1.002e+06,-2340.44,326.802,-0.0100968,-0.0252101
207,52.0505,-82.4789,316.168,-0.100524,999653,-2348.51,326.792,-0.0103975,-0.0229183
208,52.0596,-82.4931,316.068,-0.0981721,997309,-2344.45,326.781,-0.0105307,-0.0206265
209,52.0686,-82.5073,315.969,-0.0928171,994961,-2347.92,326.771,-0.0101692,-0.0183346
210,52.0776,-82.5215,315.877,-0.0905183,992617,-2343.88,326.761,-0.0103081,-0.0160428
211,52.0867,-82.5358,315.786,-0.083582,990282,-2335.22,326.751,-0.009777,-0.013751
212,52.0957,-82.55,315.702,-0.0814227,987935,-2347.12,326.741,-0.00984985,-0.0114592
213,52.1047,-82.5643,315.621,-0.0792444,985592,-2343.13,326.731,-0.0100035,-0.00916732
214,52.1136,-82.5787,315.542,-0.0755348,983249,-2342.91,326.721,-0.00990883,-0.00687549
215,52.1226,-82.593,315.466,-0.0702646,980902,-2346.45,326.712,-0.00956402,-0.00458366
216,52.1316,-82.6074,315.396,-0.0681813,978560,-2342.5,326.702,-0.00972879,-0.00229183
217,52.1405,-82.6218,315.328,-0.0645484,976218,-2342.33,326.692,-0.00964507,-5.43552e-18
218,52.1495,-82.6362,315.263,-0.0578346,973884,-2333.77,326.683,-0.00913196,0.00229183
219,52.1584,-82.6507,315.205,-0.0573524,971542,-2342.02,326.674,-0.00948766,0.00458366
220,52.1673,-82.6651,315.148,-0.0538022,969200,-2341.9,326.664,-0.0094159,0.00687549
221,52.1762,-82.6796,315.094,-0.0486228,966854,-2345.55,326.655,-0.00908891,0.00916732
222,52.1851,-82.6941,315.046,-0.0467549,964513,-2341.69,326.646,-0.00928003,0.0114592
223,52.194,-82.7086,314.999,-0.0432752,962171,-2341.61,326.637,-0.00921852,0.013751
224,52.2029,-82.7231,314.956,-0.0414818,959833,-2337.79,326.627,-0.00941897,0.0160428
225,52.2118,-82.7376,314.914,-0.0363768,957492,-2341.5,326.618,-0.00910442,0.0183346
226,52.2207,-82.7522,314.878,-0.0329599,955150,-2341.46,326.609,-0.00905212,0.0206265
227,52.2295,-82.7667,314.845,-0.0295755,952809,-2341.44,326.6,-0.00900461,0.0229183
228,52.2384,-82.7813,314.815,-0.0231771,950476,-2333.03,326.592,-0.00851905,0.0252101
229,52.2473,-82.7958,314.792,-0.0228891,948134,-2341.47,326.583,-0.00892183,0.027502
230,52.2561,-82.8104,314.769,-0.0213233,945797,-2337.75,326.574,-0.00915122,0.0297938
231,52.265,-82.825,314.748,-0.0163092,943455,-2341.56,326.565,-0.00885492,0.0320856
232,52.2738,-82.8396,314.731,-0.0130451,941113,-2341.62,326.556,-0.00882534,0.0343775
233,52.2827,-82.8542,314.718,-0.0115742,938775,-2337.94,326.547,-0.00906656,0.0366693
234,52.2915,-82.8688,314.707,-0.00660569,936434,-2341.79,326.538,-0.0087795,0.0389611
235,52.3004,-82.8834,314.7,-0.00519915,934095,-2338.14,326.529,-0.00902886,0.041253
236,52.3092,-82.8981,314.695,-0.000261195,931753,-2342.03,326.52,-0.00874799,0.0435448
237,52.3181,-82.9127,314.695,0.00107358,929415,-2338.41,326.511,-0.00900664,0.0458366
238,52.3269,-82.9273,314.696,0.00598088,927073,-2342.33,326.503,-0.008732,0.0481285
239,52.3358,-82.9419,314.702,0.00724378,924734,-2338.74,326.494,-0.009,0.0504203
240,52.3446,-82.9566,314.709,0.00598425,922391,-2342.69,326.485,-0.00873164,0.0481285
241,52.3535,-82.9712,314.715,0.00108401,920052,-2339.11,326.476,-0.00900512,0.0458366
242,52.3623,-82.9858,314.716,-0.00197292,917713,-2339.29,326.467,-0.00900414,0.0435448
243,52.3712,-83.0005,314.714,-0.00499586,915373,-2339.44,326.458,-0.00899802,0.041253
244,52.38,-83.0151,314.709,-0.00616756,913030,-2343.34,326.449,-0.00871341,0.0389611
245,52.3889,-83.0298,314.703,-0.0109651,910690,-2339.7,326.44,-0.00897415,0.0366693
246,52.3977,-83.0444,314.692,-0.0139166,908351,-2339.81,326.431,-0.00895721,0.0343775
247,52.4065,-83.0591,314.678,-0.0168334,906011,-2339.91,326.422,-0.00893505,0.0320856
248,52.4154,-83.0737,314.661,-0.0197233,903671,-2339.99,326.413,-0.00890884,0.0297938
249,52.4242,-83.0884,314.642,-0.0225861,901331,-2340.05,326.405,-0.00887859,0.027502
250,52.4331,-83.1031,314.619,-0.0254218,898991,-2340.1,326.396,-0.00884427,0.0252101
251,52.4419,-83.1178,314.594,-0.0282302,896650,-2340.13,326.387,-0.00880588,0.0229183
252,52.4507,-83.1325,314.565,-0.0310111,894310,-2340.15,326.378,-0.0087634,0.0206265
253,52.4595,-83.1472,314.534,-0.0337645,891970,-2340.16,326.369,-0.00871683,0.0183346
254,52.4684,-83.1619,314.501,-0.0364902,889630,-2340.15,326.361,-0.00866614,0.0160428
255,52.4772,-83.1766,314.464,-0.0391881,887290,-2340.13,326.352,-0.00861134,0.013751
256,52.486,-83.1914,314.425,-0.0418581,884950,-2340.1,326.344,-0.0085524,0.0114592
257,52.4948,-83.2061,314.383,-0.0445,882610,-2340.05,326.335,-0.00848932,0.00916732
258,52.5036,-83.2209,314.339,-0.048948,880273,-2336.22,326.326,-0.00870823,0.00687549
259,52.5124,-83.2357,314.29,-0.0496967,877934,-2339.9,326.318,-0.00835031,0.00458366
260,52.5211,-83.2505,314.24,-0.0522453,875594,-2339.81,326.31,-0.00827349,0.00229183
261,52.5299,-83.2653,314.188,-0.056613,873258,-2335.94,326.301,-0.00848249,-7.76503e-19
262,52.5387,-83.2801,314.131,-0.0572713,870918,-2339.58,326.293,-0.0081094,-0.00229183
263,52.5474,-83.295,314.074,-0.0615768,868583,-2335.68,326.285,-0.00831052,-0.00458366
264,52.5562,-83.3098,314.012,-0.0621739,866243,-2339.29,326.277,-0.00792723,-0.00687549
265,52.5649,-83.3247,313.95,-0.0680464,863896,-2347.58,326.269,-0.00831154,-0.00916732
266,52.5736,-83.3396,313.882,-0.0688037,861561,-2335.18,326.261,-0.00802057,-0.0114592
267,52.5823,-83.3546,313.813,-0.0711422,859226,-2334.98,326.253,-0.00791363,-0.013751
268,52.591,-83.3695,313.742,-0.0716062,856887,-2338.53,326.245,-0.0075085,-0.0160428
269,52.5997,-83.3845,313.67,-0.0757495,854552,-2334.54,326.237,-0.00768961,-0.0183346
270,52.6084,-83.3995,313.595,-0.0761592,852214,-2338.07,326.23,-0.00727542,-0.0206265
271,52.6171,-83.4145,313.519,-0.0802482,849880,-2334.06,326.223,-0.00744983,-0.0229183
272,52.6257,-83.4295,313.438,-0.0824564,847547,-2333.8,326.215,-0.00732398,-0.0252101
273,52.6344,-83.4445,313.356,-0.0846261,845213,-2333.51,326.208,-0.00719254,-0.027502
274,52.643,-83.4596,313.271,-0.0903801,842871,-2341.69,326.201,-0.00754989,-0.0297938
275,52.6516,-83.4747,313.181,-0.0869968,840535,-2336.66,326.194,-0.0066138,-0.0320856
276,52.6602,-83.4899,313.094,-0.0909323,838202,-2332.57,326.187,-0.00676884,-0.0343775
277,52.6688,-83.505,313.003,-0.0929916,835870,-2332.23,326.181,-0.00662148,-0.0366693
278,52.6774,-83.5202,312.91,-0.0950119,833538,-2331.88,326.174,-0.00646846,-0.0389611
279,52.6859,-83.5354,312.815,-0.097002,831206,-2331.51,326.168,-0.00631111,-0.041253
280,52.6944,-83.5506,312.718,-0.0989619,828875,-2331.12,326.162,-0.00614941,-0.0435448
281,52.703,-83.5659,312.619,-0.100892,826545,-2330.72,326.156,-0.00598336,-0.0458366
282,52.7115,-83.5812,312.518,-0.106527,824206,-2338.79,326.149,-0.00631611,-0.0481285
283,52.72,-83.5965,312.411,-0.10465,821876,-2329.87,326.144,-0.00563674,-0.0504203
284,52.7284,-83.6118,312.307,-0.10647,819547,-2329.42,326.138,-0.00545487,-0.0527121
285,52.7369,-83.6272,312.2,-0.110172,817221,-2325.19,326.133,-0.00558283,-0.0550039
286,52.7453,-83.6426,312.09,-0.103953,814893,-2328.48,326.128,-0.00508311,-0.0527121
287,52.7538,-83.658,311.986,-0.0996251,812565,-2328,326.123,-0.00489393,-0.0504203
288,52.7622,-83.6735,311.887,-0.0990975,810229,-2336.05,326.118,-0.00522168,-0.0481285
289,52.7706,-83.689,311.788,-0.093025,807905,-2323.35,326.113,-0.00484639,-0.0458366
290,52.7789,-83.7045,311.694,-0.0868368,805579,-2326.69,326.108,-0.00435375,-0.0435448
291,52.7873,-83.72,311.608,-0.0826416,803252,-2326.3,326.104,-0.00418313,-0.041253
292,52.7956,-83.7356,311.525,-0.0804775,800930,-2322.17,326.1,-0.00433742,-0.0389611
293,52.804,-83.7512,311.445,-0.078091,798596,-2334.09,326.095,-0.00437598,-0.0366693
294,52.8123,-83.7668,311.366,-0.0722769,796275,-2321.5,326.091,-0.00402133,-0.0343775
295,52.8206,-83.7824,311.294,-0.0661874,793950,-2324.95,326.088,-0.0035468,-0.0320856
296,52.8289,-83.7981,311.228,-0.0641995,791629,-2320.91,326.084,-0.00372272,-0.0297938
297,52.8372,-83.8137,311.164,-0.0581681,789304,-2324.41,326.081,-0.0032583,-0.027502
298,52.8454,-83.8294,311.106,-0.059968,786976,-2328.94,326.077,-0.00397016,-0.0252101
299,52.8537,-83.8451,311.046,-0.0502704,784652,-2323.97,326.074,-0.0029873,-0.0229183
300,52.862,-83.8608,310.995,-0.0484489,782332,-2320.01,326.071,-0.00318377,-0.0206265
301,52.8702,-83.8765,310.947,-0.0446041,780012,-2319.85,326.068,-0.00306258,-0.0183346
302,52.8784,-83.8923,310.902,-0.0423301,777680,-2331.99,326.065,-0.00314462,-0.0160428
303,52.8867,-83.9081,310.86,-0.0369849,775360,-2319.58,326.062,-0.00283043,-0.013751
304,52.8949,-83.9238,310.823,-0.0332193,773041,-2319.48,326.059,-0.00272082,-0.0114592
305,52.9031,-83.9396,310.79,-0.0294943,770721,-2319.41,326.056,-0.00261724,-0.00916732
306,52.9113,-83.9554,310.76,-0.0294579,768393,-2327.88,326.053,-0.00305392,-0.00687549
307,52.9195,-83.9712,310.731,-0.0221322,766074,-2319.32,326.051,-0.00242316,-0.00458366
308,52.9277,-83.987,310.709,-0.0162808,763751,-2323.06,326.049,-0.00199455,-0.00229183
309,52.9359,-84.0028,310.692,-0.0148944,761432,-2319.33,326.047,-0.00224765,-5.43552e-18
310,52.9441,-84.0186,310.678,-0.0149847,759104,-2327.91,326.044,-0.00271131,0.00229183
311,52.9523,-84.0345,310.663,-0.00780402,756784,-2319.43,326.042,-0.00209435,0.00458366
312,52.9605,-84.0503,310.655,-0.00428717,754465,-2319.51,326.04,-0.00202201,0.00687549
313,52.9687,-84.0662,310.65,-0.000822068,752145,-2319.62,326.038,-0.0019575,0.00916732
314,52.9769,-84.082,310.65,-0.00330151,749821,-2324.54,326.035,-0.00278893,0.0114592
315,52.9851,-84.0979,310.646,0.00602403,747501,-2319.88,326.033,-0.00184135,0.013751
316,52.9933,-84.1137,310.652,0.00942317,745181,-2320.04,326.032,-0.00178699,0.0160428
317,53.0015,-84.1296,310.662,0.00913533,742852,-2328.79,326.029,-0.00229396,0.0183346
318,53.0097,-84.1454,310.671,0.0160699,740531,-2320.45,326.028,-0.00170143,0.0206265
319,53.0179,-84.1613,310.687,0.0193591,738211,-2320.67,326.026,-0.00166396,0.0229183
320,53.0261,-84.1771,310.706,0.0166123,735885,-2325.74,326.023,-0.00254205,0.0252101
321,53.0343,-84.193,310.723,0.0258142,733564,-2321.2,326.022,-0.00160803,0.027502
322,53.0425,-84.2088,310.749,0.0290182,731242,-2321.48,326.02,-0.00158381,0.0297938
323,53.0507,-84.2247,310.778,0.0297521,728924,-2318.06,326.018,-0.00192489,0.0320856
324,53.0589,-84.2405,310.808,0.0316523,726594,-2330.71,326.016,-0.0021223,0.0343775
325,53.0672,-84.2563,310.839,0.0359297,724275,-2318.73,326.014,-0.00191047,0.0366693
326,53.0754,-84.2722,310.875,0.0414269,721952,-2322.84,326.013,-0.00155013,0.0389611
327,53.0836,-84.288,310.917,0.0408323,719620,-2331.81,326.01,-0.00212174,0.041253
328,53.0919,-84.3038,310.957,0.0449547,717300,-2319.9,326.009,-0.00192669,0.0435448
329,53.1001,-84.3196,311.002,0.0503947,714976,-2324.06,326.007,-0.00157794,0.0458366
330,53.1084,-84.3354,311.053,0.0471926,712647,-2329.34,326.004,-0.00253466,0.0481285
331,53.1166,-84.3512,311.1,0.0536855,710326,-2321.21,326.002,-0.00198918,0.0504203
332,53.1249,-84.367,311.154,0.0590818,708000,-2325.42,326.001,-0.00164998,0.0527121
333,53.1332,-84.3828,311.213,0.0557328,705670,-2330.76,325.998,-0.00263163,0.0550039
334,53.1415,-84.3985,311.268,0.0646884,703343,-2326.42,325.996,-0.00172704,0.0572958
335,53.1498,-84.4143,311.333,0.0648873,701020,-2323.19,325.994,-0.00214193,0.0595876
336,53.1581,-84.43,311.398,0.0578438,698688,-2332.33,325.992,-0.00277884,0.0572958
337,53.1664,-84.4458,311.456,0.0607097,696360,-2328,325.99,-0.00187347,0.0550039
338,53.1747,-84.4615,311.517,0.0547965,694035,-2324.76,325.987,-0.00229265,0.0527121
339,53.1831,-84.4772,311.571,0.0503383,691697,-2337.6,325.985,-0.00254709,0.0504203
340,53.1914,-84.4929,311.622,0.0623438,689365,-2332.08,325.985,-0.000269087,0.0481285
341,53.1998,-84.5086,311.684,0.0760499,687023,-2342.64,325.987,0.00219484,0.0458366
342,53.2081,-84.5242,311.76,0.0935498,684678,-2344.65,325.992,0.00525581,0.0435448
343,53.2165,-84.5399,311.854,0.107523,682323,-2355.32,326,0.00772737,0.041253
344,53.2249,-84.5555,311.961,0.128733,679974,-2348.82,326.011,0.0113904,0.0389611
345,53.2333,-84.5711,312.09,0.140088,677618,-2355.86,326.025,0.0134783,0.0366693
346,53.2418,-84.5867,312.23,0.160675,675256,-2361.79,326.042,0.0169354,0.0343775
347,53.2503,-84.6023,312.391,0.172701,672900,-2356.56,326.061,0.0192327,0.0320856
348,53.2587,-84.6178,312.563,0.19049,670541,-2358.8,326.083,0.0223063,0.0297938
349,53.2673,-84.6332,312.754,0.20538,668183,-2357.33,326.108,0.024993,0.027502
350,53.2758,-84.6486,312.959,0.226495,665833,-2350.93,326.137,0.0286779,0.0252101
351,53.2844,-84.664,313.186,0.22901,663486,-2346.97,326.166,0.0295683,0.0229183
352,53.293,-84.6793,313.415,0.234461,661139,-2346.73,326.197,0.030843,0.0206265
353,53.3017,-84.6946,313.649,0.233671,658787,-2351.42,326.228,0.0311141,0.0183346
354,53.3104,-84.7098,313.883,0.226743,656439,-2348.69,326.259,0.0305805,0.0160428
355,53.3191,-84.7249,314.11,0.226156,654098,-2340.95,326.29,0.0310629,0.013751
356,53.3279,-84.74,314.336,0.219064,651747,-2350.53,326.32,0.0303273,0.0114592
357,53.3367,-84.755,314.555,0.215265,649396,-2351.4,326.35,0.0302081,0.00916732
358,53.3456,-84.77,314.77,0.211517,647044,-2352.23,326.381,0.0300975,0.00687549
359,53.3544,-84.785,314.982,0.207801,644691,-2353.03,326.411,0.0299925,0.00458366
360,53.3633,-84.7998,315.189,0.204118,642337,-2353.79,326.44,0.0298932,0.00229183
361,53.3723,-84.8147,315.394,0.200467,639982,-2354.53,326.47,0.0297994,5.43552e-18
362,53.3812,-84.8294,315.594,0.193743,637631,-2351.56,326.5,0.0292947,-0.00229183
363,53.3902,-84.8442,315.788,0.193274,635275,-2355.9,326.529,0.0296301,-0.00458366
364,53.3993,-84.8588,315.981,0.189745,632918,-2356.54,326.559,0.0295566,-0.00687549
365,53.4083,-84.8735,316.171,0.183101,630565,-2353.49,326.588,0.0290633,-0.00916732
366,53.4174,-84.8881,316.354,0.179181,628198,-2366.49,326.617,0.0287924,-0.0114592
367,53.4265,-84.9026,316.533,0.179349,625840,-2358.3,326.646,0.0293677,-0.013751
368,53.4357,-84.9171,316.712,0.17281,623485,-2355.18,326.675,0.0288896,-0.0160428
369,53.4448,-84.9316,316.885,0.172601,621125,-2359.35,326.704,0.0292716,-0.0183346
370,53.454,-84.946,317.058,0.166116,618769,-2356.19,326.733,0.0288009,-0.0206265
371,53.4632,-84.9603,317.224,0.165998,616409,-2360.3,326.762,0.0291989,-0.0229183
372,53.4725,-84.9747,317.39,0.159569,614052,-2357.11,326.791,0.028736,-0.0252101
373,53.4818,-84.989,317.549,0.156346,611694,-2357.54,326.82,0.0287116,-0.027502
374,53.4911,-85.0032,317.706,0.152619,609324,-2370.37,326.848,0.028494,-0.0297938
375,53.5004,-85.0174,317.858,0.150063,606966,-2358.32,326.877,0.0286882,-0.0320856
376,53.5097,-85.0316,318.008,0.146981,604607,-2358.68,326.905,0.0286857,-0.0343775
377,53.5191,-85.0457,318.155,0.143934,602248,-2359.02,326.934,0.0286888,-0.0366693
378,53.5284,-85.0598,318.299,0.140926,599889,-2359.34,326.963,0.0286981,-0.0389611
379,53.5378,-85.0738,318.44,0.137325,597516,-2372.09,326.991,0.0285127,-0.041253
380,53.5473,-85.0879,318.578,0.135037,595157,-2359.94,327.02,0.0287361,-0.0435448
381,53.5567,-85.1019,318.713,0.132153,592796,-2360.21,327.049,0.0287645,-0.0458366
382,53.5662,-85.1158,318.845,0.129306,590436,-2360.47,327.078,0.0287986,-0.0481285
383,53.5756,-85.1297,318.974,0.12251,588066,-2369.56,327.106,0.0281796,-0.0504203
384,53.5851,-85.1436,319.097,0.120448,585709,-2357.34,327.134,0.0284257,-0.0527121
385,53.5947,-85.1575,319.217,0.121062,583348,-2361.14,327.163,0.0289463,-0.0550039
386,53.6042,-85.1713,319.338,0.114345,580978,-2370.2,327.192,0.0283441,-0.0572958
387,53.6137,-85.1851,319.453,0.115779,578616,-2361.51,327.221,0.0290771,-0.0595876
388,53.6233,-85.1989,319.568,0.113209,576254,-2361.68,327.25,0.0291534,-0.0618794
389,53.6329,-85.2126,319.682,0.10936,573887,-2367.15,327.278,0.0280873,-0.0595876
390,53.6425,-85.2263,319.791,0.12049,571525,-2361.99,327.307,0.0293134,-0.0572958
391,53.6521,-85.24,319.911,0.116604,569158,-2367.47,327.335,0.0282392,-0.0550039
392,53.6617,-85.2536,320.028,0.127679,566796,-2362.3,327.365,0.0294595,-0.0527121
393,53.6714,-85.2673,320.156,0.131216,564433,-2362.46,327.394,0.0295237,-0.0504203
394,53.681,-85.2808,320.287,0.127061,562065,-2368,327.423,0.0284057,-0.0481285
395,53.6907,-85.2944,320.414,0.134558,559706,-2359.27,327.452,0.0291291,-0.0458366
396,53.7004,-85.3079,320.548,0.137347,557334,-2371.93,327.481,0.0289757,-0.0435448
397,53.7101,-85.3214,320.686,0.14124,554974,-2359.65,327.51,0.0292003,-0.041253
398,53.7199,-85.3348,320.827,0.140374,552605,-2368.78,327.539,0.0285333,-0.0389611
399,53.7296,-85.3482,320.967,0.15129,550242,-2363.58,327.568,0.029737,-0.0366693
400,53.7394,-85.3616,321.119,0.146752,547873,-2369.19,327.597,0.0285551,-0.0343775
401,53.7492,-85.3749,321.265,0.15396,545512,-2360.44,327.626,0.0292459,-0.0320856
402,53.759,-85.3882,321.419,0.15291,543143,-2369.6,327.655,0.0285441,-0.0297938
403,53.7689,-85.4015,321.572,0.16005,540782,-2360.84,327.684,0.0292282,-0.027502
404,53.7787,-85.4147,321.732,0.158891,538412,-2370.02,327.712,0.0285067,-0.0252101
405,53.7886,-85.4278,321.891,0.165937,536050,-2361.25,327.742,0.0291799,-0.0229183
406,53.7985,-85.441,322.057,0.164666,533680,-2370.44,327.77,0.0284385,-0.0206265
407,53.8085,-85.454,322.222,0.167467,531309,-2370.65,327.798,0.0283917,-0.0183346
408,53.8184,-85.467,322.389,0.174404,528948,-2361.85,327.827,0.0290534,-0.0160428
409,53.8284,-85.48,322.564,0.172962,526577,-2371.05,327.856,0.0282818,-0.013751
410,53.8384,-85.493,322.737,0.175606,524205,-2371.25,327.884,0.0282115,-0.0114592
411,53.8484,-85.5058,322.912,0.182402,521843,-2362.43,327.913,0.0288569,-0.00916732
412,53.8585,-85.5187,323.095,0.176911,519475,-2368.14,327.94,0.0275217,-0.00687549
413,53.8685,-85.5314,323.272,0.18328,517103,-2371.83,327.968,0.0279626,-0.00458366
414,53.8786,-85.5442,323.455,0.189969,514740,-2362.97,327.997,0.0285963,-0.00229183
415,53.8887,-85.5568,323.645,0.184227,512371,-2368.7,328.024,0.0272215,-5.43552e-18
416,53.8989,-85.5695,323.829,0.190503,509999,-2372.35,328.052,0.0276471,0.00229183
417,53.909,-85.582,324.02,0.197054,507635,-2363.46,328.08,0.0282647,0.00458366
418,53.9192,-85.5946,324.217,0.191055,505266,-2369.19,328.107,0.0268494,0.00687549
419,53.9294,-85.607,324.408,0.193202,502897,-2369.35,328.134,0.0267063,0.00916732
420,53.9397,-85.6194,324.601,0.199423,500524,-2372.95,328.161,0.0271221,0.0114592
421,53.9499,-85.6318,324.8,0.201718,498163,-2360.55,328.188,0.0271587,0.013751
422,53.9602,-85.6441,325.002,0.203561,495790,-2373.2,328.215,0.0268127,0.0160428
423,53.9705,-85.6563,325.206,0.2014,493420,-2369.86,328.241,0.0260775,0.0183346
424,53.9809,-85.6685,325.407,0.203306,491050,-2369.96,328.267,0.0258992,0.0206265
425,53.9913,-85.6806,325.61,0.205192,488680,-2370.06,328.292,0.0257182,0.0229183
426,54.0016,-85.6926,325.816,0.211337,486319,-2361.04,328.319,0.0262866,0.0252101
427,54.0121,-85.7046,326.027,0.213002,483946,-2373.65,328.345,0.0259073,0.027502
428,54.0225,-85.7165,326.24,0.210439,481575,-2370.27,328.37,0.0251152,0.0297938
429,54.033,-85.7284,326.45,0.212061,479205,-2370.31,328.395,0.0248958,0.0320856
430,54.0435,-85.7402,326.662,0.213666,476835,-2370.35,328.419,0.0246739,0.0343775
431,54.054,-85.752,326.876,0.215213,474464,-2370.37,328.444,0.0244437,0.0366693
432,54.0645,-85.7636,327.091,0.216703,472094,-2370.37,328.468,0.0242053,0.0389611
433,54.0751,-85.7752,327.308,0.213774,469727,-2366.95,328.491,0.0233601,0.041253
434,54.0857,-85.7868,327.522,0.219529,467357,-2370.35,328.515,0.0237062,0.0435448
435,54.0963,-85.7983,327.741,0.220887,464986,-2370.31,328.538,0.0234489,0.0458366
436,54.107,-85.8097,327.962,0.222147,462616,-2370.26,328.562,0.0231773,0.0481285
437,54.1176,-85.821,328.184,0.223349,460246,-2370.19,328.585,0.0228973,0.0504203
438,54.1283,-85.8323,328.408,0.220004,457879,-2366.7,328.606,0.0219928,0.0527121
439,54.1391,-85.8435,328.628,0.225596,455509,-2370.01,328.629,0.0223149,0.0550039
440,54.1498,-85.8547,328.853,0.222126,453143,-2366.5,328.65,0.0213928,0.0572958
441,54.1606,-85.8657,329.075,0.227654,450773,-2369.77,328.672,0.0217055,0.0595876
442,54.1714,-85.8767,329.303,0.228607,448403,-2369.62,328.693,0.02139,0.0618794
443,54.1822,-85.8877,329.532,0.224841,446037,-2366.07,328.714,0.0204253,0.0641713
444,54.1931,-85.8985,329.756,0.219429,443671,-2365.89,328.734,0.0200856,0.0618794
445,54.204,-85.9093,329.976,0.218719,441302,-2369.08,328.754,0.0203953,0.0595876
446,54.2149,-85.92,330.195,0.20875,438937,-2365.49,328.774,0.0194278,0.0572958
447,54.2258,-85.9307,330.403,0.203475,436571,-2365.27,328.793,0.0191083,0.0550039
448,54.2367,-85.9413,330.607,0.203019,434203,-2368.42,328.812,0.0194594,0.0527121
449,54.2477,-85.9518,330.81,0.193197,431838,-2364.8,328.831,0.01851,0.0504203
450,54.2587,-85.9623,331.003,0.188123,429474,-2364.55,328.849,0.0182203,0.0481285
451,54.2697,-85.9727,331.191,0.178182,427100,-2373.5,328.866,0.0171077,0.0458366
452,54.2807,-85.983,331.369,0.178302,424736,-2364.03,328.884,0.0176889,0.0435448
453,54.2918,-85.9933,331.548,0.173533,422372,-2363.77,328.901,0.0174442,0.041253
454,54.3028,-86.0036,331.721,0.173608,420006,-2366.86,328.919,0.0178802,0.0389611
455,54.3139,-86.0138,331.895,0.159243,417646,-2359.85,328.935,0.0162841,0.0366693
456,54.325,-86.0239,332.054,0.154231,415274,-2372.17,328.951,0.0158804,0.0343775
457,54.3361,-86.034,332.208,0.154972,412911,-2362.66,328.968,0.0165401,0.0320856
458,54.3473,-86.044,332.363,0.150555,410548,-2362.38,328.984,0.0163469,0.0297938
459,54.3584,-86.054,332.514,0.146153,408186,-2362.09,329,0.0161556,0.027502
460,54.3696,-86.0639,332.66,0.136436,405815,-2371.05,329.015,0.0150978,0.0252101
461,54.3808,-86.0738,332.796,0.137588,403454,-2361.52,329.031,0.0158082,0.0229183
462,54.392,-86.0837,332.934,0.128461,401096,-2357.9,329.046,0.0149431,0.0206265
463,54.4032,-86.0935,333.062,0.129361,398735,-2360.96,329.062,0.0155101,0.0183346
464,54.4144,-86.1032,333.192,0.119802,396365,-2369.94,329.076,0.0144841,0.0160428
465,54.4256,-86.113,333.312,0.116351,394008,-2357.07,329.091,0.0145267,0.013751
466,54.4369,-86.1227,333.428,0.117602,391648,-2360.13,329.106,0.0151481,0.0114592
467,54.4481,-86.1323,333.546,0.102989,389282,-2365.8,329.119,0.0134028,0.00916732
468,54.4594,-86.1419,333.649,0.11012,386922,-2359.6,329.134,0.014959,0.00687549
469,54.4706,-86.1515,333.759,0.0955692,384557,-2365.29,329.147,0.013225,0.00458366
470,54.4819,-86.1611,333.854,0.0977865,382201,-2355.76,329.161,0.01407,0.00229183
471,54.4932,-86.1706,333.952,0.0995972,379843,-2358.84,329.176,0.014778,5.43552e-18
472,54.5045,-86.1801,334.052,0.0849753,377478,-2364.55,329.189,0.0130364,-0.00229183
473,54.5158,-86.1896,334.137,0.0875478,375123,-2355.02,329.203,0.0139279,-0.00458366
474,54.5272,-86.199,334.224,0.083643,372756,-2367.4,329.217,0.013741,-0.00687549
475,54.5385,-86.2084,334.308,0.0811552,370401,-2354.56,329.231,0.013897,-0.00916732
476,54.5498,-86.2178,334.389,0.0719059,368037,-2363.63,329.244,0.0129394,-0.0114592
477,54.5612,-86.2272,334.461,0.0750217,365683,-2354.12,329.258,0.0139041,-0.013751
478,54.5725,-86.2365,334.536,0.072116,363329,-2353.9,329.272,0.0139314,-0.0160428
479,54.5839,-86.2458,334.608,0.0629366,360966,-2363,329.285,0.0129889,-0.0183346
480,54.5952,-86.2551,334.671,0.0664167,358613,-2353.49,329.299,0.0140025,-0.0206265
481,54.6066,-86.2644,334.737,0.0573658,356250,-2362.61,329.312,0.0130819,-0.0229183
482,54.618,-86.2736,334.795,0.0546735,353888,-2362.42,329.325,0.0131421,-0.0252101
483,54.6294,-86.2829,334.849,0.0586011,351535,-2352.92,329.339,0.0142174,-0.027502
484,54.6408,-86.2921,334.908,0.0496306,349173,-2362.07,329.352,0.0133128,-0.0297938
485,54.6522,-86.3013,334.958,0.0480451,346824,-2349.28,329.366,0.013575,-0.0320856
486,54.6636,-86.3105,335.006,0.0448377,344462,-2361.74,329.379,0.0135203,-0.0343775
487,54.675,-86.3197,335.051,0.0492536,342110,-2352.24,329.394,0.0146625,-0.0366693
488,54.6864,-86.3289,335.1,0.0345801,339751,-2358.14,329.407,0.0129247,-0.0389611
489,54.6978,-86.338,335.134,0.0382512,337390,-2361.27,329.421,0.0139204,-0.041253
490,54.7092,-86.3472,335.173,0.0431329,335038,-2351.79,329.436,0.0151281,-0.0435448
491,54.7206,-86.3563,335.216,0.0284161,332681,-2357.71,329.449,0.0133857,-0.0458366
492,54.732,-86.3654,335.244,0.0324362,330320,-2360.86,329.464,0.0144344,-0.0481285
493,54.7434,-86.3745,335.277,0.0317022,327972,-2348.1,329.479,0.0148095,-0.0504203
494,54.7549,-86.3837,335.308,0.0290279,325611,-2360.6,329.494,0.0148463,-0.0527121
495,54.7663,-86.3928,335.337,0.0212901,323254,-2357.21,329.508,0.0141619,-0.0550039
496,54.7777,-86.4018,335.359,0.0268691,320906,-2347.74,329.523,0.0154648,-0.0572958
497,54.7892,-86.4109,335.385,0.0244882,318546,-2360.26,329.539,0.0155488,-0.0595876
498,54.8006,-86.42,335.41,0.0168444,316189,-2356.88,329.554,0.0148773,-0.0618794
499,54.812,-86.4291,335.427,0.0155225,313832,-2356.78,329.569,0.0151395,-0.0641713
500,54.8235,-86.4382,335.442,0.0217105,311485,-2347.31,329.585,0.0165298,-0.0664631
501,54.8349,-86.4472,335.464,0.0132361,309128,-2356.59,329.601,0.0157168,-0.0687549
502,54.8463,-86.4563,335.477,0.0183049,306772,-2356.5,329.617,0.0160114,-0.0664631
503,54.8578,-86.4654,335.496,0.0299752,304412,-2359.66,329.634,0.0172804,-0.0641713
504,54.8692,-86.4744,335.526,0.0359769,302065,-2346.89,329.652,0.0177412,-0.0618794
505,54.8807,-86.4835,335.562,0.0332932,299709,-2356.15,329.669,0.0168631,-0.0595876
506,54.8921,-86.4925,335.595,0.0380342,297353,-2356.01,329.686,0.0171094,-0.0572958
507,54.9036,-86.5015,335.633,0.0360482,295000,-2352.63,329.702,0.0163637,-0.0550039
508,54.915,-86.5106,335.669,0.0474707,292645,-2355.72,329.72,0.0175954,-0.0527121
509,54.9265,-86.5196,335.716,0.0521104,290289,-2355.55,329.738,0.0178269,-0.0504203
510,54.938,-86.5286,335.768,0.0565398,287934,-2355.37,329.756,0.0180273,-0.0481285
511,54.9494,-86.5375,335.825,0.0685973,285588,-2345.74,329.775,0.0194025,-0.0458366
512,54.9609,-86.5465,335.894,0.0579507,283236,-2351.72,329.793,0.0173336,-0.0435448
513,54.9724,-86.5554,335.952,0.069039,280882,-2354.72,329.811,0.0185124,-0.041253
514,54.9839,-86.5644,336.021,0.0731461,278527,-2354.49,329.83,0.0186655,-0.0389611
515,54.9954,-86.5733,336.094,0.0697703,276176,-2351.03,329.847,0.0177206,-0.0366693
516,55.0069,-86.5821,336.164,0.0808599,273822,-2353.99,329.866,0.018898,-0.0343775
517,55.0184,-86.591,336.244,0.0772402,271472,-2350.52,329.884,0.0179185,-0.0320856
518,55.0299,-86.5998,336.322,0.0882511,269118,-2353.45,329.903,0.0190832,-0.0297938
519,55.0414,-86.6086,336.41,0.0842673,266768,-2349.96,329.921,0.0180511,-0.027502
520,55.053,-86.6174,336.494,0.0951999,264415,-2352.87,329.941,0.0192035,-0.0252101
521,55.0645,-86.6261,336.589,0.0908466,262066,-2349.36,329.959,0.0181177,-0.0229183
522,55.076,-86.6348,336.68,0.0939318,259717,-2349.04,329.977,0.0181209,-0.0206265
523,55.0876,-86.6435,336.774,0.0970353,257368,-2348.72,329.995,0.0181269,-0.0183346
524,55.0992,-86.6522,336.871,0.107955,255017,-2351.57,330.014,0.0192762,-0.0160428
525,55.1107,-86.6608,336.979,0.102845,252669,-2348.02,330.032,0.0180804,-0.013751
526,55.1223,-86.6694,337.082,0.10547,250321,-2347.66,330.05,0.0180158,-0.0114592
527,55.1339,-86.6779,337.187,0.108123,247974,-2347.29,330.068,0.0179555,-0.00916732
528,55.1455,-86.6864,337.296,0.110664,245627,-2346.91,330.086,0.0178787,-0.00687549
529,55.1571,-86.6949,337.406,0.11309,243280,-2346.52,330.104,0.017785,-0.00458366
530,55.1687,-86.7033,337.519,0.106549,240925,-2355.61,330.12,0.0162895,-0.00229183
531,55.1803,-86.7117,337.626,0.117682,238579,-2345.72,330.138,0.0175591,-5.43552e-18
532,55.192,-86.7201,337.744,0.11993,236234,-2345.31,330.155,0.0174393,0.00229183
533,55.2036,-86.7284,337.863,0.121894,233889,-2344.87,330.173,0.0172775,0.00458366
534,55.2153,-86.7367,337.985,0.12374,231544,-2344.42,330.19,0.0170981,0.00687549
535,55.2269,-86.7449,338.109,0.125469,229200,-2343.96,330.207,0.0169016,0.00916732
536,55.2386,-86.7531,338.235,0.108803,226851,-2349.85,330.22,0.0139139,0.0114592
537,55.2503,-86.7613,338.343,0.128753,224507,-2343.05,330.237,0.0164826,0.013751
538,55.262,-86.7694,338.472,0.130499,222165,-2342.59,330.253,0.0162889,0.0160428
539,55.2737,-86.7775,338.603,0.122522,219826,-2338.94,330.268,0.0146673,0.0183346
540,55.2854,-86.7855,338.725,0.132982,217484,-2341.6,330.284,0.0157516,0.0206265
541,55.2971,-86.7935,338.858,0.124431,215134,-2350.62,330.298,0.0139437,0.0229183
542,55.3089,-86.8015,338.983,0.125644,212796,-2337.44,330.311,0.0137715,0.0252101
543,55.3206,-86.8094,339.108,0.136271,210456,-2340.08,330.326,0.0148813,0.027502
544,55.3324,-86.8172,339.244,0.127367,208120,-2336.4,330.339,0.0131212,0.0297938
545,55.3441,-86.825,339.372,0.1276,205771,-2348.55,330.352,0.0125989,0.0320856
546,55.3559,-86.8328,339.499,0.128509,203436,-2335.34,330.364,0.0123843,0.0343775
547,55.3677,-86.8405,339.628,0.129013,201101,-2334.81,330.376,0.0120058,0.0366693
548,55.3795,-86.8482,339.757,0.118862,198757,-2343.82,330.386,0.00995726,0.0389611
549,55.3913,-86.8559,339.876,0.140116,196420,-2336.87,330.399,0.012735,0.041253
550,55.4031,-86.8635,340.016,0.130033,194087,-2333.18,330.41,0.0107972,0.0435448
551,55.4149,-86.871,340.146,0.118914,191745,-2342.16,330.418,0.00860252,0.0458366
552,55.4268,-86.8785,340.265,0.129825,189413,-2332.06,330.428,0.00985871,0.0481285
553,55.4386,-86.886,340.395,0.118704,187072,-2341.07,330.436,0.00766265,0.0504203
554,55.4505,-86.8934,340.513,0.129645,184741,-2330.95,330.445,0.00892424,0.0527121
555,55.4623,-86.9008,340.643,0.129445,182411,-2330.39,330.453,0.00844041,0.0550039
556,55.4742,-86.9081,340.773,0.117269,180071,-2339.37,330.459,0.00608573,0.0572958
557,55.4861,-86.9154,340.89,0.128266,177742,-2329.24,330.467,0.00735615,0.0595876
558,55.498,-86.9226,341.018,0.11583,175404,-2338.24,330.472,0.00496214,0.0618794
559,55.5099,-86.9298,341.134,0.126893,173076,-2328.09,330.478,0.00624256,0.0641713
560,55.5218,-86.937,341.261,0.113898,170739,-2337.1,330.482,0.00376452,0.0664631
561,55.5337,-86.9441,341.375,0.125039,168412,-2326.94,330.487,0.00505632,0.0687549
562,55.5456,-86.9512,341.5,0.0992351,166079,-2332.84,330.487,0.000679057,0.0710468
563,55.5575,-86.9582,341.599,0.122857,163753,-2325.82,330.491,0.00382032,0.0733386
564,55.5695,-86.9652,341.722,0.1029,161418,-2334.86,330.492,0.0012155,0.0710468
565,55.5814,-86.9722,341.825,0.0956549,159096,-2321.61,330.493,0.000669692,0.0687549
566,55.5934,-86.9791,341.92,0.0880711,156763,-2333.81,330.493,-8.46515e-05,0.0664631
567,55.6053,-86.986,342.008,0.0947832,154439,-2323.75,330.495,0.00144184,0.0641713
568,55.6173,-86.9928,342.103,0.0610433,152109,-2329.77,330.491,-0.00320541,0.0618794
569,55.6293,-86.9997,342.164,0.08178,149786,-2322.88,330.492,0.000404658,0.0595876
570,55.6412,-87.0065,342.246,0.0480229,147457,-2329,330.487,-0.00424233,0.0572958
571,55.6532,-87.0133,342.294,0.0416369,145129,-2328.66,330.483,-0.00474272,0.0550039
572,55.6652,-87.0201,342.336,0.0652895,142807,-2321.92,330.482,-0.000700872,0.0527121
573,55.6772,-87.0268,342.401,0.0308495,140479,-2328.13,330.477,-0.0054463,0.0504203
574,55.6892,-87.0335,342.432,0.040501,138160,-2318.27,330.473,-0.00351107,0.0481285
575,55.7012,-87.0403,342.472,0.0351212,135829,-2330.77,330.469,-0.00389335,0.0458366
576,55.7131,-87.047,342.507,0.0152201,133502,-2327.46,330.463,-0.00642019,0.0435448
577,55.7251,-87.0537,342.523,0.026905,131184,-2317.72,330.459,-0.00418765,0.041253
578,55.7371,-87.0604,342.55,0.00654831,128857,-2327.19,330.452,-0.00680739,0.0389611
579,55.7491,-87.0671,342.556,0.00240656,126530,-2327.09,330.445,-0.00697191,0.0366693
580,55.7611,-87.0738,342.559,0.0162895,124213,-2317.45,330.44,-0.00441532,0.0343775
581,55.7731,-87.0805,342.575,-0.0042967,121886,-2326.99,330.433,-0.00706339,0.0320856
582,55.7851,-87.0872,342.571,-0.00777234,119559,-2326.94,330.426,-0.00712782,0.0297938
583,55.7971,-87.0939,342.563,-0.0103625,117232,-2326.95,330.419,-0.00705903,0.027502
584,55.8091,-87.1006,342.552,0.00594324,114914,-2317.37,330.415,-0.0041444,0.0252101
585,55.8211,-87.1073,342.558,-0.0151295,112587,-2326.97,330.408,-0.00685929,0.0229183
586,55.8331,-87.114,342.543,-0.0177268,110260,-2326.98,330.401,-0.00679158,0.0206265
587,55.8451,-87.1208,342.525,-0.0379385,107936,-2323.95,330.392,-0.00938067,0.0183346
588,55.8571,-87.1275,342.488,1.13283e-05,105619,-2317.56,330.389,-0.00320685,0.0160428
589,55.8691,-87.1342,342.488,-0.020958,103292,-2327.25,330.383,-0.00590211,0.013751
590,55.8811,-87.141,342.467,-0.0226924,100964,-2327.29,330.377,-0.00570454,0.0114592
591,55.8931,-87.1477,342.444,-0.0437018,98640,-2324.29,330.369,-0.00841424,0.00916732
592,55.9051,-87.1545,342.4,-0.0231864,96312.5,-2327.54,330.364,-0.00486172,0.00687549
593,55.9171,-87.1613,342.377,-0.043712,93987.9,-2324.6,330.356,-0.00749817,0.00458366
594,55.9291,-87.1681,342.333,0.00168355,91669.7,-2318.23,330.356,-0.000204188,0.00229183
595,55.941,-87.1749,342.335,-0.0433245,89344.8,-2324.84,330.35,-0.00652242,5.43552e-18
596,55.953,-87.1817,342.292,-0.0208309,87016.8,-2328.02,330.347,-0.0026734,-0.00229183
597,55.965,-87.1886,342.271,-0.0426354,84691.7,-2325.08,330.341,-0.00550129,-0.00458366
598,55.977,-87.1954,342.228,-0.0415945,82366.5,-2325.22,330.337,-0.00488585,-0.00687549
599,55.989,-87.2023,342.187,-0.0138085,80038,-2328.5,330.336,-0.000242108,-0.00916732
600,56.0009,-87.2092,342.173,-0.036852,77712.5,-2325.54,330.333,-0.0032545,-0.0114592
601,56.0129,-87.2161,342.136,-0.0352513,75386.8,-2325.65,330.331,-0.00255497,-0.013751
602,56.0249,-87.223,342.101,-0.00420847,73057.9,-2328.9,330.333,0.00257609,-0.0160428
603,56.0368,-87.2299,342.096,-0.0290289,70732,-2325.89,330.332,-0.000701344,-0.0183346
604,56.0488,-87.2368,342.067,-0.0269238,68406.1,-2325.95,330.332,7.39095e-05,-0.0206265
605,56.0608,-87.2438,342.041,-0.0227252,66080,-2326.07,330.334,0.00116424,-0.0229183
606,56.0727,-87.2507,342.018,-0.0181704,63753.8,-2326.18,330.336,0.00230809,-0.0252101
607,56.0847,-87.2577,342,-0.0133857,61427.6,-2326.26,330.339,0.00348644,-0.027502
608,56.0967,-87.2647,341.986,-0.00838129,59101.3,-2326.32,330.344,0.00469778,-0.0297938
609,56.1086,-87.2716,341.978,-0.00315847,56774.9,-2326.35,330.35,0.00594194,-0.0320856
610,56.1206,-87.2786,341.975,0.00228198,54448.6,-2326.36,330.357,0.00721882,-0.0343775
611,56.1325,-87.2856,341.977,0.0079392,52122.2,-2326.34,330.366,0.00852832,-0.0366693
612,56.1445,-87.2926,341.985,-0.0269203,49799,-2323.22,330.37,0.0037366,-0.0389611
613,56.1564,-87.2996,341.958,0.0217604,47472.7,-2326.32,330.381,0.0115245,-0.041253
614,56.1684,-87.3065,341.98,0.0321484,45146.4,-2326.31,330.395,0.0135458,-0.0435448
615,56.1804,-87.3135,342.012,0.038489,42820.2,-2326.15,330.41,0.0149585,-0.0458366
616,56.1923,-87.3205,342.05,-0.00563459,40497.3,-2322.89,330.418,0.0087767,-0.0481285
617,56.2043,-87.3275,342.045,-0.00153953,38161.8,-2335.51,330.428,0.00985334,-0.0504203
618,56.2163,-87.3344,342.043,0.0700415,35836,-2325.84,330.449,0.0210825,-0.0527121
619,56.2282,-87.3414,342.113,0.023157,33513.4,-2322.58,330.464,0.0144904,-0.0550039
620,56.2402,-87.3484,342.136,0.0934667,31188,-2325.38,330.489,0.0255271,-0.0572958
621,56.2522,-87.3553,342.23,0.0366176,28866,-2322.01,330.507,0.0174369,-0.0595876
622,56.2641,-87.3622,342.266,0.0400758,26544.3,-2321.66,330.525,0.0184175,-0.0618794
623,56.2761,-87.3691,342.307,0.0533976,24210.2,-2334.17,330.546,0.020841,-0.0641713
624,56.2881,-87.3759,342.36,0.0729105,21889,-2321.19,330.57,0.0242864,-0.0664631
625,56.3001,-87.3828,342.433,0.194679,19565.1,-2323.88,330.613,0.0430716,-0.0687549
626,56.3121,-87.3896,342.628,0.092702,17245,-2320.14,330.642,0.0281937,-0.0710468
627,56.3241,-87.3964,342.72,0.0753685,14925.6,-2319.38,330.668,0.026041,-0.0733386
628,56.3361,-87.4031,342.796,-0.0720014,12596.9,-2328.63,330.672,0.00430404,-0.0756304
629,56.3481,-87.4098,342.724,0.166305,10278.1,-2318.89,330.712,0.0397687,-0.0733386
630,56.3601,-87.4165,342.89,0.554356,7956.41,-2321.64,330.809,0.0977816,-0.0710468
631,56.3722,-87.4231,343.444,0.186632,5639.7,-2316.71,330.851,0.0419466,-0.0687549
632,56.3842,-87.4295,343.631,-0.992257,3315.27,-2324.44,330.715,-0.136116,-0.0664631
632.01,56.3844,-87.4296,342.639,-0.992257,3292.1,-2324.44,330.716,-0.136116,-0.0664631
632.02,56.3845,-87.4297,342.639,-0.992257,3268.93,-2324.44,330.716,-0.136116,-0.0664631
632.03,56.3846,-87.4297,342.639,-0.992257,3245.76,-2324.44,330.716,-0.136116,-0.0664631
632.04,56.3847,-87.4298,342.639,-0.992257,3222.59,-2324.44,330.717,-0.136116,-0.0664631
632.05,56.3848,-87.4299,342.639,-0.992257,3199.42,-2324.44,330.717,-0.136116,-0.0664631
632.06,56.385,-87.4299,342.639,-0.992257,3176.25,-2324.44,330.717,-0.136116,-0.0664631
632.07,56.3851,-87.43,342.639,-0.992257,3153.09,-2324.44,330.718,-0.136116,-0.0664631
632.08,56.3852,-87.4301,342.639,-0.992257,3129.92,-2324.44,330.718,-0.136116,-0.0664631
632.09,56.3853,-87.4301,342.639,-0.992257,3106.75,-2324.44,330.719,-0.136116,-0.0664631
632.1,56.3854,-87.4302,342.639,-0.992257,3083.58,-2324.44,330.719,-0.136116,-0.0664631
632.11,56.3856,-87.4303,342.639,-0.992257,3060.41,-2324.44,330.719,-0.136116,-0.0664631
632.12,56.3857,-87.4303,342.639,-0.992257,3037.24,-2324.44,330.72,-0.136116,-0.0664631
632.13,56.3858,-87.4304,342.639,-0.992257,3014.07,-2324.44,330.72,-0.136116,-0.0664631
632.14,56.3859,-87.4305,342.639,-0.992257,2990.91,-2324.44,330.721,-0.136116,-0.0664631
632.15,56.386,-87.4305,342.639,-0.992257,2967.74,-2324.44,330.721,-0.136116,-0.0664631
632.16,56.3862,-87.4306,342.639,-0.992257,2944.57,-2324.44,330.722,-0.136116,-0.0664631
632.17,56.3863,-87.4307,342.639,-0.992257,2921.4,-2324.44,330.722,-0.136116,-0.0664631
632.18,56.3864,-87.4307,342.639,-0.992257,2898.23,-2324.44,330.723,-0.136116,-0.0664631
632.19,56.3865,-87.4308,342.639,-0.992257,2875.06,-2324.44,330.723,-0.136116,-0.0664631
632.2,56.3866,-87.4308,342.639,-0.992257,2851.89,-2324.44,330.724,-0.136116,-0.0664631
632.21,56.3868,-87.4309,342.639,-0.992257,2828.72,-2324.44,330.724,-0.136116,-0.0664631
632.22,56.3869,-87.431,342.639,-0.992257,2805.56,-2324.44,330.725,-0.136116,-0.0664631
632.23,56.387,-87.431,342.639,-0.992257,2782.39,-2324.44,330.725,-0.136116,-0.0664631
632.24,56.3871,-87.4311,342.639,-0.992257,2759.22,-2324.44,330.726,-0.136116,-0.0664631
632.25,56.3872,-87.4312,342.639,-0.992257,2736.05,-2324.44,330.726,-0.136116,-0.0664631
632.26,56.3874,-87.4312,342.639,-0.992257,2712.88,-2324.44,330.727,-0.136116,-0.0664631
632.27,56.3875,-87.4313,342.639,-0.992257,2689.71,-2324.44,330.727,-0.136116,-0.0664631
632.28,56.3876,-87.4314,342.639,-0.992257,2666.55,-2324.44,330.728,-0.136116,-0.0664631
632.29,56.3877,-87.4314,342.639,-0.992257,2643.38,-2324.44,330.728,-0.136116,-0.0664631
632.3,56.3878,-87.4315,342.639,-0.992257,2620.21,-2324.44,330.729,-0.136116,-0.0664631
632.31,56.388,-87.4316,342.639,-0.992257,2597.04,-2324.44,330.73,-0.136116,-0.0664631
632.32,56.3881,-87.4316,342.639,-0.992257,2573.87,-2324.44,330.73,-0.136116,-0.0664631
632.33,56.3882,-87.4317,342.639,-0.992257,2550.7,-2324.44,330.731,-0.136116,-0.0664631
632.34,56.3883,-87.4318,342.639,-0.992257,2527.53,-2324.44,330.731,-0.136116,-0.0664631
632.35,56.3884,-87.4318,342.639,-0.992257,2504.37,-2324.44,330.732,-0.136116,-0.0664631
632.36,56.3886,-87.4319,342.639,-0.992257,2481.2,-2324.44,330.733,-0.136116,-0.0664631
632.37,56.3887,-87.432,342.639,-0.992257,2458.03,-2324.44,330.733,-0.136116,-0.0664631
632.38,56.3888,-87.432,342.639,-0.992257,2434.86,-2324.44,330.734,-0.136116,-0.0664631
632.39,56.3889,-87.4321,342.639,-0.992257,2411.69,-2324.44,330.735,-0.136116,-0.0664631
632.4,56.389,-87.4322,342.639,-0.992257,2388.52,-2324.44,330.736,-0.136116,-0.0664631
632.41,56.3892,-87.4322,342.639,-0.992257,2365.35,-2324.44,330.736,-0.136116,-0.0664631
632.42,56.3893,-87.4323,342.639,-0.992257,2342.19,-2324.44,330.737,-0.136116,-0.0664631
632.43,56.3894,-87.4324,342.639,-0.992257,2319.02,-2324.44,330.738,-0.136116,-0.0664631
632.44,56.3895,-87.4324,342.639,-0.992257,2295.85,-2324.44,330.739,-0.136116,-0.0664631
632.45,56.3897,-87.4325,342.639,-0.992257,2272.68,-2324.44,330.739,-0.136116,-0.0664631
632.46,56.3898,-87.4326,342.639,-0.992257,2249.51,-2324.44,330.74,-0.136116,-0.0664631
632.47,56.3899,-87.4326,342.639,-0.992257,2226.34,-2324.44,330.741,-0.136116,-0.0664631
632.48,56.39,-87.4327,342.639,-0.992257,2203.18,-2324.44,330.742,-0.136116,-0.0664631
632.49,56.3901,-87.4328,342.639,-0.992257,2180.01,-2324.44,330.743,-0.136116,-0.0664631
632.5,56.3903,-87.4328,342.639,-0.992257,2156.84,-2324.44,330.744,-0.136116,-0.0664631
632.51,56.3904,-87.4329,342.639,-0.992257,2133.67,-2324.44,330.745,-0.136116,-0.0664631
632.52,56.3905,-87.433,342.639,-0.992257,2110.5,-2324.44,330.745,-0.136116,-0.0664631
632.53,56.3906,-87.433,342.639,-0.992257,2087.33,-2324.44,330.746,-0.136116,-0.0664631
632.54,56.3907,-87.4331,342.639,-0.992257,2064.17,-2324.44,330.747,-0.136116,-0.0664631
632.55,56.3909,-87.4332,342.639,-0.992257,2041,-2324.44,330.748,-0.136116,-0.0664631
632.56,56.391,-87.4332,342.639,-0.992257,2017.83,-2324.44,330.749,-0.136116,-0.0664631
632.57,56.3911,-87.4333,342.639,-0.992257,1994.66,-2324.44,330.75,-0.136116,-0.0664631
632.58,56.3912,-87.4334,342.639,-0.992257,1971.49,-2324.44,330.752,-0.136116,-0.0664631
632.59,56.3913,-87.4334,342.639,-0.992257,1948.32,-2324.44,330.753,-0.136116,-0.0664631
632.6,56.3915,-87.4335,342.639,-0.992257,1925.16,-2324.44,330.754,-0.136116,-0.0664631
632.61,56.3916,-87.4336,342.639,-0.992257,1901.99,-2324.44,330.755,-0.136116,-0.0664631
632.62,56.3917,-87.4336,342.639,-0.992257,1878.82,-2324.44,330.756,-0.136116,-0.0664631
632.63,56.3918,-87.4337,342.639,-0.992257,1855.65,-2324.44,330.757,-0.136116,-0.0664631
632.64,56.3919,-87.4337,342.639,-0.992257,1832.48,-2324.44,330.759,-0.136116,-0.0664631
632.65,56.3921,-87.4338,342.639,-0.992257,1809.32,-2324.44,330.76,-0.136116,-0.0664631
632.66,56.3922,-87.4339,342.639,-0.992257,1786.15,-2324.44,330.761,-0.136116,-0.0664631
632.67,56.3923,-87.4339,342.639,-0.992257,1762.98,-2324.44,330.763,-0.136116,-0.0664631
632.68,56.3924,-87.434,342.639,-0.992257,1739.81,-2324.44,330.764,-0.136116,-0.0664631
632.69,56.3925,-87.4341,342.639,-0.992257,1716.64,-2324.44,330.765,-0.136116,-0.0664631
632.7,56.3927,-87.4341,342.639,-0.992257,1693.47,-2324.44,330.767,-0.136116,-0.0664631
632.71,56.3928,-87.4342,342.639,-0.992257,1670.31,-2324.44,330.768,-0.136116,-0.0664631
632.72,56.3929,-87.4343,342.639,-0.992257,1647.14,-2324.44,330.77,-0.136116,-0.0664631
632.73,56.393,-87.4343,342.639,-0.992257,1623.97,-2324.44,330.772,-0.136116,-0.0664631
632.74,56.3931,-87.4344,342.639,-0.992257,1600.8,-2324.44,330.773,-0.136116,-0.0664631
632.75,56.3933,-87.4345,342.639,-0.992257,1577.63,-2324.44,330.775,-0.136116,-0.0664631
632.76,56.3934,-87.4345,342.639,-0.992257,1554.47,-2324.44,330.777,-0.136116,-0.0664631
632.77,56.3935,-87.4346,342.639,-0.992257,1531.3,-2324.44,330.779,-0.136116,-0.0664631
632.78,56.3936,-87.4347,342.639,-0.992257,1508.13,-2324.44,330.78,-0.136116,-0.0664631
632.79,56.3937,-87.4347,342.639,-0.992257,1484.96,-2324.44,330.782,-0.136116,-0.0664631
632.8,56.3939,-87.4348,342.639,-0.992257,1461.79,-2324.44,330.784,-0.136116,-0.0664631
632.81,56.394,-87.4349,342.639,-0.992257,1438.63,-2324.44,330.786,-0.136116,-0.0664631
632.82,56.3941,-87.4349,342.639,-0.992257,1415.46,-2324.44,330.789,-0.136116,-0.0664631
632.83,56.3942,-87.435,342.639,-0.992257,1392.29,-2324.44,330.791,-0.136116,-0.0664631
632.84,56.3943,-87.4351,342.639,-0.992257,1369.12,-2324.44,330.793,-0.136116,-0.0664631
632.85,56.3945,-87.4351,342.639,-0.992257,1345.95,-2324.44,330.795,-0.136116,-0.0664631
632.86,56.3946,-87.4352,342.639,-0.992257,1322.79,-2324.44,330.798,-0.136116,-0.0664631
632.87,56.3947,-87.4353,342.639,-0.992257,1299.62,-2324.44,330.8,-0.136116,-0.0664631
632.88,56.3948,-87.4353,342.639,-0.992257,1276.45,-2324.44,330.803,-0.136116,-0.0664631
632.89,56.3949,-87.4354,342.639,-0.992257,1253.28,-2324.44,330.806,-0.136116,-0.0664631
632.9,56.3951,-87.4355,342.639,-0.992257,1230.11,-2324.44,330.809,-0.136116,-0.0664631
632.91,56.3952,-87.4355,342.639,-0.992257,1206.95,-2324.44,330.812,-0.136116,-0.0664631
632.92,56.3953,-87.4356,342.639,-0.992257,1183.78,-2324.44,330.815,-0.136116,-0.0664631
632.93,56.3954,-87.4357,342.639,-0.992257,1160.61,-2324.44,330.818,-0.136116,-0.0664631
632.94,56.3955,-87.4357,342.639,-0.992257,1137.44,-2324.44,330.821,-0.136116,-0.0664631
632.95,56.3957,-87.4358,342.639,-0.992257,1114.27,-2324.44,330.825,-0.136116,-0.0664631
632.96,56.3958,-87.4359,342.639,-0.992257,1091.11,-2324.44,330.828,-0.136116,-0.0664631
632.97,56.3959,-87.4359,342.639,-0.992257,1067.94,-2324.44,330.832,-0.136116,-0.0664631
632.98,56.396,-87.436,342.639,-0.992257,1044.77,-2324.44,330.836,-0.136116,-0.0664631
632.99,56.3961,-87.4361,342.639,-0.992257,1021.6,-2324.44,330.84,-0.136116,-0.0664631
633,56.3963,-87.4361,342.639,0.769238,998.435,-2316.83,330.844,0.129042,-0.0641713
633.01,56.3964,-87.4362,343.408,0.769238,975.261,-2316.83,330.85,0.129042,-0.0641713
633.02,56.3965,-87.4363,343.408,0.769238,952.086,-2316.83,330.857,0.129042,-0.0641713
633.03,56.3966,-87.4363,343.408,0.769238,928.912,-2316.83,330.864,0.129042,-0.0641713
633.04,56.3968,-87.4364,343.408,0.769238,905.738,-2316.83,330.871,0.129042,-0.0641713
633.05,56.3969,-87.4365,343.408,0.769238,882.564,-2316.83,330.878,0.129042,-0.0641713
633.06,56.397,-87.4365,343.408,0.769238,859.39,-2316.83,330.886,0.129042,-0.0641713
633.07,56.3971,-87.4366,343.408,0.769238,836.215,-2316.83,330.895,0.129042,-0.0641713
633.08,56.3972,-87.4367,343.408,0.769238,813.041,-2316.83,330.903,0.129042,-0.0641713
633.09,56.3974,-87.4367,343.408,0.769238,789.867,-2316.83,330.913,0.129042,-0.0641713
633.1,56.3975,-87.4368,343.408,0.769238,766.693,-2316.83,330.923,0.129042,-0.0641713
633.11,56.3976,-87.4369,343.408,0.769238,743.519,-2316.83,330.933,0.129042,-0.0641713
633.12,56.3977,-87.4369,343.408,0.769238,720.345,-2316.83,330.945,0.129042,-0.0641713
633.13,56.3978,-87.437,343.408,0.769238,697.171,-2316.83,330.957,0.129042,-0.0641713
633.14,56.398,-87.4371,343.408,0.769238,673.997,-2316.83,330.969,0.129042,-0.0641713
633.15,56.3981,-87.4371,343.408,0.769238,650.823,-2316.83,330.983,0.129042,-0.0641713
633.16,56.3982,-87.4372,343.408,0.769238,627.65,-2316.83,330.998,0.129042,-0.0641713
633.17,56.3983,-87.4372,343.408,0.769238,604.476,-2316.83,331.014,0.129042,-0.0641713
633.18,56.3984,-87.4373,343.408,0.769238,581.302,-2316.83,331.031,0.129042,-0.0641713
633.19,56.3986,-87.4374,343.408,0.769238,558.128,-2316.83,331.05,0.129042,-0.0641713
633.2,56.3987,-87.4374,343.408,0.769238,534.955,-2316.83,331.07,0.129042,-0.0641713
633.21,56.3988,-87.4375,343.408,0.769238,511.781,-2316.83,331.092,0.129042,-0.0641713
633.22,56.3989,-87.4376,343.408,0.769238,488.608,-2316.83,331.116,0.129042,-0.0641713
633.23,56.399,-87.4376,343.408,0.769238,465.435,-2316.83,331.142,0.129042,-0.0641713
633.24,56.3992,-87.4377,343.408,0.769238,442.261,-2316.83,331.172,0.129042,-0.0641713
633.25,56.3993,-87.4378,343.408,0.769238,419.088,-2316.83,331.204,0.129042,-0.0641713
633.26,56.3994,-87.4378,343.408,0.769238,395.916,-2316.83,331.241,0.129042,-0.0641713
633.27,56.3995,-87.4379,343.408,0.769238,372.743,-2316.83,331.282,0.129042,-0.0641713
633.28,56.3996,-87.438,343.408,0.769238,349.57,-2316.83,331.328,0.129042,-0.0641713
633.29,56.3998,-87.438,343.408,0.769238,326.398,-2316.83,331.381,0.129042,-0.0641713
633.3,56.3999,-87.4381,343.408,0.769238,303.226,-2316.83,331.442,0.129042,-0.0641713
633.31,56.4,-87.4382,343.408,0.769238,280.055,-2316.83,331.513,0.129042,-0.0641713
633.32,56.4001,-87.4382,343.408,0.769238,256.884,-2316.83,331.597,0.129042,-0.0641713
633.33,56.4002,-87.4383,343.408,0.769238,233.714,-2316.83,331.698,0.129042,-0.0641713
633.34,56.4004,-87.4384,343.408,0.769238,210.544,-2316.83,331.821,0.129042,-0.0641713
633.35,56.4005,-87.4384,343.408,0.769238,187.376,-2316.83,331.974,0.129042,-0.0641713
633.36,56.4006,-87.4385,343.408,0.769238,164.21,-2316.83,332.171,0.129042,-0.0641713
633.37,56.4007,-87.4386,343.408,0.769238,141.046,-2316.83,332.432,0.129042,-0.0641713
633.38,56.4008,-87.4386,343.408,0.769238,117.886,-2316.83,332.796,0.129042,-0.0641713
633.39,56.401,-87.4387,343.408,0.769238,94.7336,-2316.83,333.338,0.129042,-0.0641713
