Time,ID,latitude,longitude,altitude,xVelocity,yVelocity,zVelocity
1,10,60.7093,-94.251,10000,637.1,-770.8,0
2,10,60.7024,-94.2394,10000,636.9,-770.9,0
3,10,60.6955,-94.2278,10000,636.8,-771,0
4,10,60.6886,-94.2161,10000,636.7,-771.1,0
5,10,60.6817,-94.2045,10000,636.5,-771.2,0
6,10,60.6747,-94.1929,10000,636.4,-771.3,0
7,10,60.6678,-94.1812,10000,636.3,-771.5,0
8,10,60.6609,-94.1696,10000,636.1,-771.6,0
9,10,60.654,-94.158,10000,636,-771.7,0
10,10,60.6471,-94.1464,10000,635.9,-771.8,0
11,10,60.6402,-94.1348,10000,635.8,-771.9,0
12,10,60.6333,-94.1232,10000,635.6,-772,0
13,10,60.6263,-94.1116,10000,635.5,-772.1,0
14,10,60.6194,-94.1,10000,635.4,-772.2,0
15,10,60.6125,-94.0884,10000,635.2,-772.3,0
16,10,60.6056,-94.0769,10000,635.1,-772.4,0
17,10,60.5987,-94.0653,10000,635,-772.5,0
18,10,60.5917,-94.0537,10000,634.8,-772.7,0
19,10,60.5848,-94.0421,10000,634.7,-772.8,0
20,10,60.5779,-94.0306,10000,634.6,-772.9,0
21,10,60.571,-94.019,10000,634.4,-773,0
22,10,60.564,-94.0075,10000,634.3,-773.1,0
23,10,60.5571,-93.9959,10000,634.2,-773.2,0
24,10,60.5502,-93.9844,10000,634,-773.3,0
25,10,60.5432,-93.9729,10000,633.9,-773.4,0
26,10,60.5363,-93.9613,10000,633.8,-773.5,0
27,10,60.5294,-93.9498,10000,633.6,-773.6,0
28,10,60.5224,-93.9383,10000,633.5,-773.7,0
29,10,60.5155,-93.9268,10000,633.4,-773.8,0
30,10,60.5086,-93.9153,10000,633.3,-773.9,0
31,10,60.5016,-93.9038,10000,633.1,-774,0
32,10,60.4947,-93.8923,10000,633,-774.2,0
33,10,60.4878,-93.8808,10000,632.9,-774.3,0
34,10,60.4808,-93.8693,10000,632.7,-774.4,0
35,10,60.4739,-93.8578,10000,632.6,-774.5,0
36,10,60.4669,-93.8463,10000,632.5,-774.6,0
37,10,60.46,-93.8348,10000,632.3,-774.7,0
38,10,60.4531,-93.8234,10000,632.2,-774.8,0
39,10,60.4461,-93.8119,10000,632.1,-774.9,0
40,10,60.4392,-93.8004,10000,632,-775,0
41,10,60.4322,-93.789,10000,631.8,-775.1,0
42,10,60.4253,-93.7775,10000,631.7,-775.2,0
43,10,60.4183,-93.7661,10000,631.6,-775.3,0
44,10,60.4114,-93.7546,10000,631.4,-775.4,0
45,10,60.4044,-93.7432,10000,631.3,-775.5,0
46,10,60.3975,-93.7318,10000,631.2,-775.6,0
47,10,60.3905,-93.7203,10000,631,-775.7,0
48,10,60.3836,-93.7089,10000,630.9,-775.8,0
49,10,60.3766,-93.6975,10000,630.8,-776,0
50,10,60.3697,-93.6861,10000,630.7,-776.1,0
51,10,60.3627,-93.6747,10000,630.5,-776.2,0
52,10,60.3558,-93.6633,10000,630.4,-776.3,0
53,10,60.3488,-93.6519,10000,630.3,-776.4,0
54,10,60.3419,-93.6405,10000,630.1,-776.5,0
55,10,60.3349,-93.6291,10000,630,-776.6,0
56,10,60.3279,-93.6177,10000,629.9,-776.7,0
57,10,60.321,-93.6063,10000,629.8,-776.8,0
58,10,60.314,-93.5949,10000,629.6,-776.9,0
59,10,60.3071,-93.5836,10000,629.5,-777,0
60,10,60.3001,-93.5722,10000,629.4,-777.1,0
61,10,60.2931,-93.5608,10000,629.3,-777.2,0
62,10,60.2862,-93.5495,10000,629.1,-777.3,0
63,10,60.2792,-93.5381,10000,629,-777.4,0
64,10,60.2722,-93.5268,10000,628.9,-777.5,0
65,10,60.2653,-93.5154,10000,628.7,-777.6,0
66,10,60.2583,-93.5041,10000,628.6,-777.7,0
67,10,60.2513,-93.4927,10000,628.5,-777.8,0
68,10,60.2444,-93.4814,10000,628.4,-777.9,0
69,10,60.2374,-93.4701,10000,628.2,-778,0
70,10,60.2304,-93.4588,10000,628.1,-778.1,0
71,10,60.2234,-93.4475,10000,628,-778.2,0
72,10,60.2165,-93.4361,10000,627.9,-778.3,0
73,10,60.2095,-93.4248,10000,627.7,-778.4,0
74,10,60.2025,-93.4135,10000,627.6,-778.5,0
75,10,60.1955,-93.4022,10000,627.5,-778.6,0
76,10,60.1886,-93.391,10000,627.4,-778.7,0
77,10,60.1816,-93.3797,10000,627.2,-778.8,0
78,10,60.1746,-93.3684,10000,627.1,-778.9,0
79,10,60.1676,-93.3571,10000,627,-779,0
80,10,60.1606,-93.3458,10000,626.9,-779.1,0
81,10,60.1536,-93.3346,10000,626.7,-779.2,0
82,10,60.1467,-93.3233,10000,626.6,-779.3,0
83,10,60.1397,-93.312,10000,626.5,-779.4,0
84,10,60.1327,-93.3008,10000,626.4,-779.5,0
85,10,60.1257,-93.2895,10000,626.2,-779.6,0
86,10,60.1187,-93.2783,10000,626.1,-779.7,0
87,10,60.1117,-93.267,10000,626,-779.8,0
88,10,60.1047,-93.2558,10000,625.9,-779.9,0
89,10,60.0978,-93.2446,10000,625.7,-780,0
90,10,60.0908,-93.2334,10000,625.6,-780.1,0
91,10,60.0838,-93.2221,10000,625.5,-780.2,0
92,10,60.0768,-93.2109,10000,625.4,-780.3,0
93,10,60.0698,-93.1997,10000,625.2,-780.4,0
94,10,60.0628,-93.1885,10000,625.1,-780.5,0
95,10,60.0558,-93.1773,10000,625,-780.6,0
96,10,60.0488,-93.1661,10000,624.9,-780.7,0
97,10,60.0418,-93.1549,10000,624.8,-780.8,0
98,10,60.0348,-93.1437,10000,624.6,-780.9,0
99,10,60.0278,-93.1325,10000,624.5,-781,0
100,10,60.0208,-93.1213,10000,624.4,-781.1,0
101,10,60.0138,-93.1102,10000,624.3,-781.2,0
102,10,60.0068,-93.099,10000,624.1,-781.3,0
103,10,59.9998,-93.0878,10000,624,-781.4,0
104,10,59.9928,-93.0767,10000,623.9,-781.5,0
105,10,59.9858,-93.0655,10000,623.8,-781.6,0
106,10,59.9788,-93.0543,10000,623.7,-781.7,0
107,10,59.9718,-93.0432,10000,623.5,-781.8,0
108,10,59.9648,-93.032,10000,623.4,-781.9,0
109,10,59.9578,-93.0209,10000,623.3,-782,0
110,10,59.9508,-93.0098,10000,623.2,-782.1,0
111,10,59.9438,-92.9986,10000,623.1,-782.2,0
112,10,59.9367,-92.9875,10000,623,-782.3,0
113,10,59.9297,-92.9764,10000,622.8,-782.4,0
114,10,59.9227,-92.9653,10000,622.7,-782.4,0
115,10,59.9157,-92.9541,10000,622.6,-782.5,0
116,10,59.9087,-92.943,10000,622.5,-782.6,0
117,10,59.9017,-92.9319,10000,622.4,-782.7,0
118,10,59.8947,-92.9208,10000,622.3,-782.8,0
119,10,59.8876,-92.9097,10000,622.1,-782.9,0
120,10,59.8806,-92.8986,10000,622,-783,0
121,10,59.8736,-92.8876,10000,621.9,-783.1,0
122,10,59.8666,-92.8765,10000,621.8,-783.2,0
123,10,59.8596,-92.8654,10000,621.7,-783.3,0
124,10,59.8526,-92.8543,10000,621.6,-783.4,0
125,10,59.8455,-92.8433,10000,621.5,-783.4,0
126,10,59.8385,-92.8322,10000,621.3,-783.5,0
127,10,59.8315,-92.8211,10000,621.2,-783.6,0
128,10,59.8245,-92.8101,10000,621.1,-783.7,0
129,10,59.8174,-92.799,10000,621,-783.8,0
130,10,59.8104,-92.788,10000,620.9,-783.9,0
131,10,59.8034,-92.7769,10000,620.8,-784,0
132,10,59.7964,-92.7659,10000,620.7,-784.1,0
133,10,59.7893,-92.7548,10000,620.6,-784.1,0
134,10,59.7823,-92.7438,10000,620.5,-784.2,0
135,10,59.7753,-92.7328,10000,620.4,-784.3,0
136,10,59.7683,-92.7218,10000,620.3,-784.4,0
137,10,59.7612,-92.7107,10000,620.2,-784.5,0
138,10,59.7542,-92.6997,10000,620.1,-784.5,0
139,10,59.7472,-92.6887,10000,620,-784.6,0
140,10,59.7401,-92.6777,10000,619.9,-784.7,0
141,10,59.7331,-92.6667,10000,619.8,-784.8,0
142,10,59.7261,-92.6557,10000,619.7,-784.9,0
143,10,59.719,-92.6447,10000,619.6,-784.9,0
144,10,59.712,-92.6337,10000,619.5,-785,0
145,10,59.705,-92.6227,10000,619.4,-785.1,0
146,10,59.6979,-92.6117,10000,619.3,-785.1,0
147,10,59.6909,-92.6008,10000,619.3,-785.2,0
148,10,59.6838,-92.5898,10000,619.2,-785.2,0
149,10,59.6768,-92.5788,10000,619.1,-785.3,0
150,10,59.6698,-92.5679,10000,619.1,-785.4,0
151,10,59.6627,-92.5569,10000,619,-785.4,0
152,10,59.6557,-92.5459,10000,619,-785.4,0
153,10,59.6487,-92.535,10000,618.9,-785.5,0
154,10,59.6416,-92.524,10000,618.9,-785.5,0
155,10,59.6346,-92.5131,10000,618.9,-785.5,0
156,10,59.6275,-92.5021,10000,619,-785.4,0
157,10,59.6205,-92.4912,10000,619.1,-785.3,0
158,10,59.6135,-92.4802,10000,619.3,-785.1,0
159,10,59.6064,-92.4693,10000,619.3,-785.1,0
160,10,59.5994,-92.4583,10000,612.5,-790.5,0
161,10,59.5922,-92.4477,10000,584.5,-811.4,0
162,10,59.5848,-92.4377,10000,555.9,-831.3,0
163,10,59.5773,-92.4281,10000,526.5,-850.2,0
164,10,59.5696,-92.4191,10000,496.5,-868,0
165,10,59.5617,-92.4106,10000,465.9,-884.8,0
166,10,59.5537,-92.4026,10000,459,-888.4,0
167,10,59.5458,-92.3945,10000,458.9,-888.5,0
168,10,59.5378,-92.3864,10000,458.8,-888.5,0
169,10,59.5299,-92.3783,10000,458.7,-888.6,0
170,10,59.5219,-92.3702,10000,458.6,-888.6,0
171,10,59.5139,-92.3621,10000,458.5,-888.7,0
172,10,59.506,-92.354,10000,458.4,-888.7,0
173,10,59.498,-92.346,10000,458.3,-888.8,0
174,10,59.49,-92.3379,10000,458.2,-888.8,0
175,10,59.4821,-92.3298,10000,458.1,-888.9,0
176,10,59.4741,-92.3217,10000,458,-889,0
177,10,59.4661,-92.3137,10000,457.9,-889,0
178,10,59.4582,-92.3056,10000,457.8,-889.1,0
179,10,59.4502,-92.2976,10000,457.7,-889.1,0
180,10,59.4422,-92.2895,10000,457.6,-889.2,0
181,10,59.4343,-92.2815,10000,457.5,-889.2,0
182,10,59.4263,-92.2734,10000,457.4,-889.3,0
183,10,59.4183,-92.2654,10000,457.3,-889.3,0
184,10,59.4103,-92.2573,10000,457.2,-889.4,0
185,10,59.4024,-92.2493,10000,457.1,-889.4,0
186,10,59.3944,-92.2413,10000,457,-889.5,0
187,10,59.3864,-92.2332,10000,456.9,-889.5,0
188,10,59.3785,-92.2252,10000,456.8,-889.6,0
189,10,59.3705,-92.2172,10000,456.7,-889.6,0
190,10,59.3625,-92.2092,10000,456.5,-889.7,0
191,10,59.3545,-92.2012,10000,456.4,-889.8,0
192,10,59.3466,-92.1931,10000,456.3,-889.8,0
193,10,59.3386,-92.1851,10000,456.2,-889.9,0
194,10,59.3306,-92.1771,10000,456.1,-889.9,0
195,10,59.3226,-92.1691,10000,456,-890,0
196,10,59.3147,-92.1611,10000,455.9,-890,0
197,10,59.3067,-92.1532,10000,455.8,-890.1,0
198,10,59.2987,-92.1452,10000,455.7,-890.1,0
199,10,59.2907,-92.1372,10000,455.6,-890.2,0
200,10,59.2827,-92.1292,10000,455.5,-890.2,0
201,10,59.2748,-92.1212,10000,455.4,-890.3,0
202,10,59.2668,-92.1132,10000,455.3,-890.3,0
203,10,59.2588,-92.1053,10000,455.2,-890.4,0
204,10,59.2508,-92.0973,10000,455.1,-890.4,0
205,10,59.2428,-92.0894,10000,455,-890.5,0
206,10,59.2349,-92.0814,10000,454.9,-890.5,0
207,10,59.2269,-92.0734,10000,454.8,-890.6,0
208,10,59.2189,-92.0655,10000,454.7,-890.6,0
209,10,59.2109,-92.0575,10000,454.6,-890.7,0
210,10,59.2029,-92.0496,10000,454.5,-890.7,0
211,10,59.195,-92.0417,10000,454.4,-890.8,0
212,10,59.187,-92.0337,10000,454.3,-890.8,0
213,10,59.179,-92.0258,10000,454.2,-890.9,0
214,10,59.171,-92.0179,10000,454.1,-890.9,0
215,10,59.163,-92.0099,10000,454,-891,0
216,10,59.155,-92.002,10000,453.9,-891.1,0
217,10,59.147,-91.9941,10000,453.8,-891.1,0
218,10,59.1391,-91.9862,10000,453.7,-891.2,0
219,10,59.1311,-91.9783,10000,453.6,-891.2,0
220,10,59.1231,-91.9704,10000,453.5,-891.3,0
221,10,59.1151,-91.9624,10000,453.4,-891.3,0
222,10,59.1071,-91.9545,10000,453.3,-891.4,0
223,10,59.0991,-91.9466,10000,453.2,-891.4,0
224,10,59.0911,-91.9388,10000,453.1,-891.5,0
225,10,59.0831,-91.9309,10000,453,-891.5,0
226,10,59.0751,-91.923,10000,452.9,-891.6,0
227,10,59.0671,-91.9151,10000,452.8,-891.6,0
228,10,59.0592,-91.9072,10000,452.7,-891.7,0
229,10,59.0512,-91.8993,10000,452.6,-891.7,0
230,10,59.0432,-91.8915,10000,452.5,-891.8,0
231,10,59.0352,-91.8836,10000,452.4,-891.8,0
232,10,59.0272,-91.8757,10000,452.3,-891.9,0
233,10,59.0192,-91.8679,10000,452.2,-891.9,0
234,10,59.0112,-91.86,10000,452.1,-892,0
235,10,59.0032,-91.8522,10000,452,-892,0
236,10,58.9952,-91.8443,10000,451.9,-892.1,0
237,10,58.9872,-91.8365,10000,451.8,-892.1,0
238,10,58.9792,-91.8286,10000,451.7,-892.2,0
239,10,58.9712,-91.8208,10000,451.6,-892.2,0
240,10,58.9632,-91.8129,10000,451.5,-892.3,0
241,10,58.9552,-91.8051,10000,451.4,-892.3,0
242,10,58.9472,-91.7973,10000,451.3,-892.4,0
243,10,58.9392,-91.7895,10000,451.2,-892.4,0
244,10,58.9312,-91.7816,10000,451.1,-892.5,0
245,10,58.9232,-91.7738,10000,451,-892.5,0
246,10,58.9152,-91.766,10000,450.9,-892.6,0
247,10,58.9072,-91.7582,10000,450.8,-892.6,0
248,10,58.8992,-91.7504,10000,450.7,-892.7,0
249,10,58.8912,-91.7426,10000,450.6,-892.7,0
250,10,58.8832,-91.7348,10000,450.5,-892.8,0
251,10,58.8752,-91.727,10000,450.4,-892.8,0
252,10,58.8672,-91.7192,10000,450.4,-892.9,0
253,10,58.8592,-91.7114,10000,450.3,-892.9,0
254,10,58.8512,-91.7036,10000,450.2,-892.9,0
255,10,58.8432,-91.6958,10000,450.1,-893,0
256,10,58.8352,-91.688,10000,450,-893,0
257,10,58.8272,-91.6802,10000,449.9,-893.1,0
258,10,58.8192,-91.6725,10000,449.8,-893.1,0
259,10,58.8112,-91.6647,10000,449.7,-893.2,0
260,10,58.8032,-91.6569,10000,449.6,-893.2,0
261,10,58.7952,-91.6492,10000,449.5,-893.3,0
262,10,58.7872,-91.6414,10000,449.4,-893.3,0
263,10,58.7792,-91.6337,10000,449.3,-893.4,0
264,10,58.7712,-91.6259,10000,449.2,-893.4,0
265,10,58.7631,-91.6181,10000,449.1,-893.5,0
266,10,58.7551,-91.6104,10000,449,-893.5,0
267,10,58.7471,-91.6027,10000,448.9,-893.6,0
268,10,58.7391,-91.5949,10000,448.8,-893.6,0
269,10,58.7311,-91.5872,10000,448.7,-893.7,0
270,10,58.7231,-91.5794,10000,448.6,-893.7,0
271,10,58.7151,-91.5717,10000,448.5,-893.8,0
272,10,58.7071,-91.564,10000,448.5,-893.8,0
273,10,58.6991,-91.5563,10000,448.4,-893.9,0
274,10,58.691,-91.5486,10000,448.3,-893.9,0
275,10,58.683,-91.5408,10000,448.2,-893.9,0
276,10,58.675,-91.5331,10000,448.1,-894,0
277,10,58.667,-91.5254,10000,448,-894,0
278,10,58.659,-91.5177,10000,447.9,-894.1,0
279,10,58.651,-91.51,10000,447.8,-894.1,0
280,10,58.643,-91.5023,10000,447.7,-894.2,0
281,10,58.635,-91.4946,10000,447.6,-894.2,0
282,10,58.6269,-91.4869,10000,447.5,-894.3,0
283,10,58.6189,-91.4792,10000,447.4,-894.3,0
284,10,58.6109,-91.4715,10000,447.4,-894.4,0
285,10,58.6029,-91.4639,10000,447.3,-894.4,0
286,10,58.5949,-91.4562,10000,447.2,-894.4,0
287,10,58.5869,-91.4485,10000,447.1,-894.5,0
288,10,58.5788,-91.4408,10000,447,-894.5,0
289,10,58.5708,-91.4332,10000,446.9,-894.6,0
290,10,58.5628,-91.4255,10000,446.8,-894.6,0
291,10,58.5548,-91.4178,10000,446.7,-894.7,0
292,10,58.5468,-91.4102,10000,446.6,-894.7,0
293,10,58.5387,-91.4025,10000,446.5,-894.8,0
294,10,58.5307,-91.3949,10000,446.5,-894.8,0
295,10,58.5227,-91.3872,10000,446.4,-894.8,0
296,10,58.5147,-91.3796,10000,446.3,-894.9,0
297,10,58.5067,-91.3719,10000,446.2,-894.9,0
298,10,58.4986,-91.3643,10000,446.1,-895,0
299,10,58.4906,-91.3566,10000,446,-895,0
300,10,58.4826,-91.349,10000,445.9,-895.1,0
301,10,58.4746,-91.3414,10000,445.9,-895.1,0
302,10,58.4665,-91.3337,10000,445.8,-895.1,0
303,10,58.4585,-91.3261,10000,445.7,-895.2,0
304,10,58.4505,-91.3185,10000,445.6,-895.2,0
305,10,58.4425,-91.3109,10000,445.5,-895.3,0
306,10,58.4344,-91.3033,10000,445.4,-895.3,0
307,10,58.4264,-91.2957,10000,445.4,-895.3,0
308,10,58.4184,-91.288,10000,445.3,-895.4,0
309,10,58.4104,-91.2804,10000,445.2,-895.4,0
310,10,58.4023,-91.2728,10000,445.1,-895.5,0
311,10,58.3943,-91.2652,10000,445.1,-895.5,0
312,10,58.3863,-91.2576,10000,445,-895.5,0
313,10,58.3783,-91.25,10000,444.9,-895.6,0
314,10,58.3702,-91.2425,10000,444.8,-895.6,0
315,10,58.3622,-91.2349,10000,444.8,-895.7,0
316,10,58.3542,-91.2273,10000,444.7,-895.7,0
317,10,58.3461,-91.2197,10000,444.6,-895.7,0
318,10,58.3381,-91.2121,10000,444.5,-895.8,0
319,10,58.3301,-91.2045,10000,444.5,-895.8,0
320,10,58.322,-91.197,10000,444.4,-895.8,0
321,10,58.314,-91.1894,10000,444.3,-895.9,0
322,10,58.306,-91.1818,10000,444.3,-895.9,0
323,10,58.298,-91.1743,10000,444.2,-895.9,0
324,10,58.2899,-91.1667,10000,444.2,-895.9,0
325,10,58.2819,-91.1592,10000,444.1,-896,0
326,10,58.2739,-91.1516,10000,444.1,-896,0
327,10,58.2658,-91.144,10000,444,-896,0
328,10,58.2578,-91.1365,10000,444,-896,0
329,10,58.2498,-91.1289,10000,443.9,-896.1,0
330,10,58.2417,-91.1214,10000,443.9,-896.1,0
331,10,58.2337,-91.1139,10000,443.9,-896.1,0
332,10,58.2257,-91.1063,10000,443.9,-896.1,0
333,10,58.2176,-91.0988,10000,443.9,-896.1,0
334,10,58.2096,-91.0912,10000,444,-896,0
335,10,58.2016,-91.0837,10000,444,-896,0
336,10,58.1935,-91.0762,10000,444.2,-895.9,0
337,10,58.1855,-91.0686,10000,444.4,-895.8,0
338,10,58.1775,-91.0611,10000,444.4,-895.8,0
339,10,58.1694,-91.0535,10000,449.4,-893.3,0
340,10,58.1615,-91.0456,10000,480.3,-877.1,0
341,10,58.1537,-91.0372,10000,510.7,-859.8,0
342,10,58.1461,-91.0283,10000,540.3,-841.4,0
343,10,58.1386,-91.0189,10000,569.4,-822.1,0
344,10,58.1314,-91.009,10000,597.7,-801.7,0
345,10,58.1243,-90.9987,10000,625.3,-780.4,0
346,10,58.1174,-90.9878,10000,652.2,-758.1,0
347,10,58.1107,-90.9766,10000,678.3,-734.8,0
348,10,58.1042,-90.9649,10000,703.5,-710.7,0
349,10,58.0979,-90.9528,10000,727.9,-685.7,0
350,10,58.0919,-90.9402,10000,751.3,-659.9,0
351,10,58.086,-90.9275,10000,763.6,-645.7,0
352,10,58.0802,-90.9146,10000,763.5,-645.9,0
353,10,58.0744,-90.9016,10000,763.3,-646,0
354,10,58.0686,-90.8887,10000,763.2,-646.1,0
355,10,58.0629,-90.8758,10000,763.1,-646.3,0
356,10,58.0571,-90.8629,10000,763,-646.4,0
357,10,58.0513,-90.85,10000,762.8,-646.6,0
358,10,58.0455,-90.8371,10000,762.7,-646.7,0
359,10,58.0397,-90.8242,10000,762.6,-646.9,0
360,10,58.0339,-90.8113,10000,762.5,-647,0
361,10,58.0281,-90.7984,10000,762.3,-647.2,0
362,10,58.0223,-90.7856,10000,762.2,-647.3,0
363,10,58.0165,-90.7727,10000,762.1,-647.5,0
364,10,58.0107,-90.7598,10000,762,-647.6,0
365,10,58.0049,-90.747,10000,761.9,-647.7,0
366,10,57.999,-90.7341,10000,761.7,-647.9,0
367,10,57.9932,-90.7212,10000,761.6,-648,0
368,10,57.9874,-90.7084,10000,761.5,-648.2,0
369,10,57.9816,-90.6955,10000,761.4,-648.3,0
370,10,57.9758,-90.6827,10000,761.2,-648.5,0
371,10,57.97,-90.6698,10000,761.1,-648.6,0
372,10,57.9642,-90.657,10000,761,-648.8,0
373,10,57.9584,-90.6442,10000,760.9,-648.9,0
374,10,57.9525,-90.6313,10000,760.7,-649,0
375,10,57.9467,-90.6185,10000,760.6,-649.2,0
376,10,57.9409,-90.6057,10000,760.5,-649.3,0
377,10,57.9351,-90.5929,10000,760.4,-649.5,0
378,10,57.9293,-90.5801,10000,760.3,-649.6,0
379,10,57.9234,-90.5672,10000,760.1,-649.8,0
380,10,57.9176,-90.5544,10000,760,-649.9,0
381,10,57.9118,-90.5416,10000,759.9,-650.1,0
382,10,57.906,-90.5288,10000,759.8,-650.2,0
383,10,57.9001,-90.516,10000,759.6,-650.3,0
384,10,57.8943,-90.5033,10000,759.5,-650.5,0
385,10,57.8885,-90.4905,10000,759.4,-650.6,0
386,10,57.8826,-90.4777,10000,759.3,-650.8,0
387,10,57.8768,-90.4649,10000,759.2,-650.9,0
388,10,57.871,-90.4521,10000,759,-651.1,0
389,10,57.8651,-90.4394,10000,758.9,-651.2,0
390,10,57.8593,-90.4266,10000,758.8,-651.3,0
391,10,57.8534,-90.4139,10000,758.7,-651.5,0
392,10,57.8476,-90.4011,10000,758.5,-651.6,0
393,10,57.8418,-90.3883,10000,758.4,-651.8,0
394,10,57.8359,-90.3756,10000,758.3,-651.9,0
395,10,57.8301,-90.3629,10000,758.2,-652.1,0
396,10,57.8242,-90.3501,10000,758.1,-652.2,0
397,10,57.8184,-90.3374,10000,757.9,-652.3,0
398,10,57.8125,-90.3247,10000,757.8,-652.5,0
399,10,57.8067,-90.3119,10000,757.7,-652.6,0
400,10,57.8008,-90.2992,10000,757.6,-652.8,0
401,10,57.795,-90.2865,10000,757.4,-652.9,0
402,10,57.7891,-90.2738,10000,757.3,-653,0
403,10,57.7833,-90.2611,10000,757.2,-653.2,0
404,10,57.7774,-90.2484,10000,757.1,-653.3,0
405,10,57.7716,-90.2357,10000,757,-653.5,0
406,10,57.7657,-90.223,10000,756.8,-653.6,0
407,10,57.7598,-90.2103,10000,756.7,-653.8,0
408,10,57.754,-90.1976,10000,756.6,-653.9,0
409,10,57.7481,-90.1849,10000,756.5,-654,0
410,10,57.7422,-90.1722,10000,756.3,-654.2,0
411,10,57.7364,-90.1595,10000,756.2,-654.3,0
412,10,57.7305,-90.1469,10000,756.1,-654.5,0
413,10,57.7246,-90.1342,10000,756,-654.6,0
414,10,57.7188,-90.1215,10000,755.9,-654.7,0
415,10,57.7129,-90.1089,10000,755.7,-654.9,0
416,10,57.707,-90.0962,10000,755.6,-655,0
417,10,57.7012,-90.0835,10000,755.5,-655.2,0
418,10,57.6953,-90.0709,10000,755.4,-655.3,0
419,10,57.6894,-90.0583,10000,755.2,-655.4,0
420,10,57.6835,-90.0456,10000,755.1,-655.6,0
421,10,57.6777,-90.033,10000,755,-655.7,0
422,10,57.6718,-90.0203,10000,754.9,-655.9,0
423,10,57.6659,-90.0077,10000,754.8,-656,0
424,10,57.66,-89.9951,10000,754.6,-656.1,0
425,10,57.6541,-89.9825,10000,754.5,-656.3,0
426,10,57.6483,-89.9699,10000,754.4,-656.4,0
427,10,57.6424,-89.9572,10000,754.3,-656.6,0
428,10,57.6365,-89.9446,10000,754.1,-656.7,0
429,10,57.6306,-89.932,10000,754,-656.8,0
430,10,57.6247,-89.9194,10000,753.9,-657,0
431,10,57.6188,-89.9068,10000,753.8,-657.1,0
432,10,57.6129,-89.8942,10000,753.7,-657.3,0
433,10,57.607,-89.8817,10000,753.5,-657.4,0
434,10,57.6011,-89.8691,10000,753.4,-657.5,0
435,10,57.5952,-89.8565,10000,753.3,-657.7,0
436,10,57.5893,-89.8439,10000,753.2,-657.8,0
437,10,57.5834,-89.8313,10000,753.1,-658,0
438,10,57.5775,-89.8188,10000,752.9,-658.1,0
439,10,57.5716,-89.8062,10000,752.8,-658.2,0
440,10,57.5657,-89.7937,10000,752.7,-658.4,0
441,10,57.5598,-89.7811,10000,752.6,-658.5,0
442,10,57.5539,-89.7685,10000,752.4,-658.7,0
443,10,57.548,-89.756,10000,752.3,-658.8,0
444,10,57.5421,-89.7435,10000,752.2,-658.9,0
445,10,57.5362,-89.7309,10000,752.1,-659.1,0
446,10,57.5303,-89.7184,10000,752,-659.2,0
447,10,57.5244,-89.7059,10000,751.8,-659.3,0
448,10,57.5185,-89.6933,10000,751.7,-659.5,0
449,10,57.5126,-89.6808,10000,751.6,-659.6,0
450,10,57.5067,-89.6683,10000,751.5,-659.8,0
451,10,57.5007,-89.6558,10000,751.4,-659.9,0
452,10,57.4948,-89.6433,10000,751.2,-660,0
453,10,57.4889,-89.6308,10000,751.1,-660.2,0
454,10,57.483,-89.6182,10000,751,-660.3,0
455,10,57.4771,-89.6058,10000,750.9,-660.5,0
456,10,57.4711,-89.5933,10000,750.7,-660.6,0
457,10,57.4652,-89.5808,10000,750.6,-660.7,0
458,10,57.4593,-89.5683,10000,750.5,-660.9,0
459,10,57.4534,-89.5558,10000,750.4,-661,0
460,10,57.4474,-89.5433,10000,750.3,-661.1,0
461,10,57.4415,-89.5308,10000,750.1,-661.3,0
462,10,57.4356,-89.5184,10000,750,-661.4,0
463,10,57.4297,-89.5059,10000,749.9,-661.6,0
464,10,57.4237,-89.4934,10000,749.8,-661.7,0
465,10,57.4178,-89.481,10000,749.7,-661.8,0
466,10,57.4119,-89.4685,10000,749.5,-662,0
467,10,57.4059,-89.4561,10000,749.4,-662.1,0
468,10,57.4,-89.4436,10000,749.3,-662.2,0
469,10,57.394,-89.4312,10000,749.2,-662.4,0
470,10,57.3881,-89.4188,10000,749.1,-662.5,0
471,10,57.3822,-89.4063,10000,748.9,-662.6,0
472,10,57.3762,-89.3939,10000,748.8,-662.8,0
473,10,57.3703,-89.3815,10000,748.7,-662.9,0
474,10,57.3643,-89.369,10000,748.6,-663.1,0
475,10,57.3584,-89.3566,10000,748.4,-663.2,0
476,10,57.3524,-89.3442,10000,748.3,-663.3,0
477,10,57.3465,-89.3318,10000,748.2,-663.5,0
478,10,57.3406,-89.3194,10000,748.1,-663.6,0
479,10,57.3346,-89.307,10000,748,-663.7,0
480,10,57.3287,-89.2946,10000,747.8,-663.9,0
481,10,57.3227,-89.2822,10000,747.7,-664,0
482,10,57.3167,-89.2698,10000,747.6,-664.1,0
483,10,57.3108,-89.2574,10000,747.5,-664.3,0
484,10,57.3048,-89.245,10000,747.4,-664.4,0
485,10,57.2989,-89.2327,10000,747.2,-664.6,0
486,10,57.2929,-89.2203,10000,747.1,-664.7,0
487,10,57.287,-89.2079,10000,747,-664.8,0
488,10,57.281,-89.1956,10000,746.9,-665,0
489,10,57.275,-89.1832,10000,746.8,-665.1,0
490,10,57.2691,-89.1708,10000,746.6,-665.2,0
491,10,57.2631,-89.1585,10000,746.5,-665.4,0
492,10,57.2571,-89.1461,10000,746.4,-665.5,0
493,10,57.2512,-89.1338,10000,746.3,-665.6,0
494,10,57.2452,-89.1214,10000,746.2,-665.8,0
495,10,57.2392,-89.1091,10000,746,-665.9,0
496,10,57.2333,-89.0968,10000,745.9,-666,0
497,10,57.2273,-89.0844,10000,745.8,-666.2,0
498,10,57.2213,-89.0721,10000,745.7,-666.3,0
499,10,57.2153,-89.0598,10000,745.6,-666.4,0
500,10,57.2094,-89.0475,10000,745.4,-666.6,0
501,10,57.2034,-89.0352,10000,745.3,-666.7,0
502,10,57.1974,-89.0229,10000,745.2,-666.8,0
503,10,57.1914,-89.0105,10000,745.1,-667,0
504,10,57.1855,-88.9982,10000,745,-667.1,0
505,10,57.1795,-88.9859,10000,744.8,-667.2,0
506,10,57.1735,-88.9736,10000,744.7,-667.4,0
507,10,57.1675,-88.9614,10000,744.6,-667.5,0
508,10,57.1615,-88.9491,10000,744.5,-667.6,0
509,10,57.1555,-88.9368,10000,744.4,-667.8,0
510,10,57.1495,-88.9245,10000,744.2,-667.9,0
511,10,57.1436,-88.9122,10000,744.1,-668,0
512,10,57.1376,-88.9,10000,744,-668.2,0
513,10,57.1316,-88.8877,10000,743.9,-668.3,0
514,10,57.1256,-88.8754,10000,743.8,-668.4,0
515,10,57.1196,-88.8632,10000,743.6,-668.6,0
516,10,57.1136,-88.8509,10000,743.5,-668.7,0
517,10,57.1076,-88.8387,10000,743.4,-668.8,0
518,10,57.1016,-88.8264,10000,743.3,-669,0
519,10,57.0956,-88.8142,10000,743.2,-669.1,0
520,10,57.0896,-88.8019,10000,743,-669.2,0
521,10,57.0836,-88.7897,10000,742.9,-669.4,0
522,10,57.0776,-88.7775,10000,742.8,-669.5,0
523,10,57.0716,-88.7653,10000,742.7,-669.6,0
524,10,57.0656,-88.753,10000,742.6,-669.8,0
525,10,57.0596,-88.7408,10000,742.4,-669.9,0
526,10,57.0536,-88.7286,10000,742.3,-670,0
527,10,57.0476,-88.7164,10000,742.2,-670.2,0
528,10,57.0416,-88.7042,10000,742.1,-670.3,0
529,10,57.0356,-88.692,10000,742,-670.4,0
530,10,57.0295,-88.6798,10000,741.8,-670.6,0
531,10,57.0235,-88.6676,10000,741.7,-670.7,0
532,10,57.0175,-88.6554,10000,741.6,-670.8,0
533,10,57.0115,-88.6432,10000,741.5,-671,0
534,10,57.0055,-88.631,10000,741.4,-671.1,0
535,10,56.9995,-88.6188,10000,741.3,-671.2,0
536,10,56.9934,-88.6067,10000,741.1,-671.4,0
537,10,56.9874,-88.5945,10000,741,-671.5,0
538,10,56.9814,-88.5823,10000,740.9,-671.6,0
539,10,56.9754,-88.5702,10000,740.8,-671.8,0
540,10,56.9694,-88.558,10000,740.7,-671.9,0
541,10,56.9633,-88.5458,10000,740.5,-672,0
542,10,56.9573,-88.5337,10000,740.4,-672.1,0
543,10,56.9513,-88.5215,10000,740.3,-672.3,0
544,10,56.9453,-88.5094,10000,740.2,-672.4,0
545,10,56.9392,-88.4972,10000,740.1,-672.5,0
546,10,56.9332,-88.4851,10000,739.9,-672.7,0
547,10,56.9272,-88.473,10000,739.8,-672.8,0
548,10,56.9211,-88.4609,10000,739.7,-672.9,0
549,10,56.9151,-88.4487,10000,739.6,-673.1,0
550,10,56.9091,-88.4366,10000,739.5,-673.2,0
551,10,56.903,-88.4245,10000,739.3,-673.3,0
552,10,56.897,-88.4124,10000,739.2,-673.5,0
553,10,56.8909,-88.4003,10000,739.1,-673.6,0
554,10,56.8849,-88.3882,10000,739,-673.7,0
555,10,56.8789,-88.3761,10000,738.9,-673.8,0
556,10,56.8728,-88.364,10000,738.8,-674,0
557,10,56.8668,-88.3519,10000,738.6,-674.1,0
558,10,56.8607,-88.3398,10000,738.5,-674.2,0
559,10,56.8547,-88.3277,10000,738.4,-674.4,0
560,10,56.8486,-88.3156,10000,738.3,-674.5,0
561,10,56.8426,-88.3035,10000,738.2,-674.6,0
562,10,56.8365,-88.2915,10000,738,-674.8,0
563,10,56.8305,-88.2794,10000,737.9,-674.9,0
564,10,56.8244,-88.2673,10000,737.8,-675,0
565,10,56.8184,-88.2553,10000,737.7,-675.1,0
566,10,56.8123,-88.2432,10000,737.6,-675.3,0
567,10,56.8063,-88.2311,10000,737.4,-675.4,0
568,10,56.8002,-88.2191,10000,737.3,-675.5,0
569,10,56.7942,-88.207,10000,737.2,-675.7,0
570,10,56.7881,-88.195,10000,737.1,-675.8,0
571,10,56.782,-88.183,10000,737,-675.9,0
572,10,56.776,-88.1709,10000,736.9,-676.1,0
573,10,56.7699,-88.1589,10000,736.7,-676.2,0
574,10,56.7639,-88.1469,10000,736.6,-676.3,0
575,10,56.7578,-88.1348,10000,736.5,-676.4,0
576,10,56.7517,-88.1228,10000,736.4,-676.6,0
577,10,56.7457,-88.1108,10000,736.3,-676.7,0
578,10,56.7396,-88.0988,10000,736.1,-676.8,0
579,10,56.7335,-88.0868,10000,736,-677,0
580,10,56.7275,-88.0748,10000,735.9,-677.1,0
581,10,56.7214,-88.0628,10000,735.8,-677.2,0
582,10,56.7153,-88.0508,10000,735.7,-677.3,0
583,10,56.7092,-88.0388,10000,735.6,-677.5,0
584,10,56.7032,-88.0268,10000,735.4,-677.6,0
585,10,56.6971,-88.0148,10000,735.3,-677.7,0
586,10,56.691,-88.0028,10000,735.2,-677.9,0
587,10,56.6849,-87.9909,10000,735.1,-678,0
588,10,56.6789,-87.9789,10000,735,-678.1,0
589,10,56.6728,-87.9669,10000,734.8,-678.2,0
590,10,56.6667,-87.9549,10000,734.7,-678.4,0
591,10,56.6606,-87.943,10000,734.6,-678.5,0
592,10,56.6545,-87.931,10000,734.5,-678.6,0
593,10,56.6484,-87.9191,10000,734.4,-678.7,0
594,10,56.6424,-87.9071,10000,734.3,-678.9,0
595,10,56.6363,-87.8952,10000,734.1,-679,0
596,10,56.6302,-87.8832,10000,734,-679.1,0
597,10,56.6241,-87.8713,10000,733.9,-679.3,0
598,10,56.618,-87.8594,10000,733.8,-679.4,0
599,10,56.6119,-87.8474,10000,733.7,-679.5,0
600,10,56.6058,-87.8355,10000,733.5,-679.6,0
601,10,56.5997,-87.8236,10000,733.4,-679.8,0
602,10,56.5936,-87.8116,10000,733.3,-679.9,0
603,10,56.5875,-87.7997,10000,733.2,-680,0
604,10,56.5814,-87.7878,10000,733.1,-680.1,0
605,10,56.5753,-87.7759,10000,733,-680.3,0
606,10,56.5692,-87.764,10000,732.8,-680.4,0
607,10,56.5631,-87.7521,10000,732.7,-680.5,0
608,10,56.557,-87.7402,10000,732.6,-680.7,0
609,10,56.5509,-87.7283,10000,732.5,-680.8,0
610,10,56.5448,-87.7164,10000,732.4,-680.9,0
611,10,56.5387,-87.7045,10000,732.3,-681,0
612,10,56.5326,-87.6927,10000,732.1,-681.2,0
613,10,56.5265,-87.6808,10000,732,-681.3,0
614,10,56.5204,-87.6689,10000,731.9,-681.4,0
615,10,56.5143,-87.657,10000,731.8,-681.5,0
616,10,56.5082,-87.6452,10000,731.7,-681.7,0
617,10,56.502,-87.6333,10000,731.5,-681.8,0
618,10,56.4959,-87.6214,10000,731.4,-681.9,0
619,10,56.4898,-87.6096,10000,731.3,-682,0
620,10,56.4837,-87.5977,10000,731.2,-682.2,0
621,10,56.4776,-87.5859,10000,731.1,-682.3,0
622,10,56.4715,-87.5741,10000,731,-682.4,0
623,10,56.4653,-87.5622,10000,730.8,-682.5,0
624,10,56.4592,-87.5504,10000,730.7,-682.7,0
625,10,56.4531,-87.5385,10000,730.6,-682.8,0
626,10,56.447,-87.5267,10000,730.5,-682.9,0
627,10,56.4409,-87.5149,10000,730.4,-683,0
628,10,56.4347,-87.5031,10000,730.3,-683.2,0
629,10,56.4286,-87.4913,10000,730.1,-683.3,0
630,10,56.4225,-87.4794,10000,730,-683.4,0
631,10,56.4164,-87.4676,10000,729.9,-683.5,0
632,10,56.4102,-87.4558,10000,729.8,-683.7,0
633,10,56.4041,-87.444,10000,729.7,-683.8,0
634,10,56.398,-87.4322,10000,729.6,-683.9,0
635,10,56.3918,-87.4204,10000,729.4,-684,0
636,10,56.3857,-87.4086,10000,729.3,-684.2,0
637,10,56.3796,-87.3969,10000,729.2,-684.3,0
638,10,56.3734,-87.3851,10000,729.1,-684.4,0
639,10,56.3673,-87.3733,10000,729,-684.5,0
640,10,56.3611,-87.3615,10000,728.9,-684.7,0
641,10,56.355,-87.3497,10000,728.7,-684.8,0
642,10,56.3489,-87.338,10000,728.6,-684.9,0
643,10,56.3427,-87.3262,10000,728.5,-685,0
644,10,56.3366,-87.3144,10000,728.4,-685.2,0
645,10,56.3304,-87.3027,10000,728.3,-685.3,0
646,10,56.3243,-87.2909,10000,728.2,-685.4,0
647,10,56.3181,-87.2792,10000,728,-685.5,0
648,10,56.312,-87.2674,10000,727.9,-685.7,0
649,10,56.3058,-87.2557,10000,727.8,-685.8,0
650,10,56.2997,-87.244,10000,727.7,-685.9,0
651,10,56.2935,-87.2322,10000,727.6,-686,0
652,10,56.2874,-87.2205,10000,727.5,-686.2,0
653,10,56.2812,-87.2088,10000,727.3,-686.3,0
654,10,56.2751,-87.1971,10000,727.2,-686.4,0
655,10,56.2689,-87.1853,10000,727.1,-686.5,0
656,10,56.2628,-87.1736,10000,727,-686.6,0
657,10,56.2566,-87.1619,10000,726.9,-686.8,0
658,10,56.2505,-87.1502,10000,726.8,-686.9,0
659,10,56.2443,-87.1385,10000,726.6,-687,0
660,10,56.2381,-87.1268,10000,726.5,-687.1,0
661,10,56.232,-87.1151,10000,726.4,-687.3,0
662,10,56.2258,-87.1034,10000,726.3,-687.4,0
663,10,56.2196,-87.0917,10000,726.2,-687.5,0
664,10,56.2135,-87.08,10000,726.1,-687.6,0
665,10,56.2073,-87.0684,10000,725.9,-687.7,0
666,10,56.2011,-87.0567,10000,725.8,-687.9,0
667,10,56.195,-87.045,10000,725.7,-688,0
668,10,56.1888,-87.0333,10000,725.6,-688.1,0
669,10,56.1826,-87.0217,10000,725.5,-688.2,0
670,10,56.1765,-87.01,10000,725.4,-688.4,0
671,10,56.1703,-86.9983,10000,725.3,-688.5,0
672,10,56.1641,-86.9867,10000,725.1,-688.6,0
673,10,56.1579,-86.975,10000,725,-688.7,0
674,10,56.1518,-86.9634,10000,724.9,-688.8,0
675,10,56.1456,-86.9517,10000,724.8,-689,0
676,10,56.1394,-86.9401,10000,724.7,-689.1,0
677,10,56.1332,-86.9285,10000,724.6,-689.2,0
678,10,56.1271,-86.9168,10000,724.4,-689.3,0
679,10,56.1209,-86.9052,10000,724.3,-689.5,0
680,10,56.1147,-86.8936,10000,724.2,-689.6,0
681,10,56.1085,-86.882,10000,724.1,-689.7,0
682,10,56.1023,-86.8703,10000,724,-689.8,0
683,10,56.0961,-86.8587,10000,723.9,-689.9,0
684,10,56.0899,-86.8471,10000,723.7,-690.1,0
685,10,56.0838,-86.8355,10000,723.6,-690.2,0
686,10,56.0776,-86.8239,10000,723.5,-690.3,0
687,10,56.0714,-86.8123,10000,723.4,-690.4,0
688,10,56.0652,-86.8007,10000,723.3,-690.5,0
689,10,56.059,-86.7891,10000,723.2,-690.7,0
690,10,56.0528,-86.7775,10000,723.1,-690.8,0
691,10,56.0466,-86.7659,10000,722.9,-690.9,0
692,10,56.0404,-86.7544,10000,722.8,-691,0
693,10,56.0342,-86.7428,10000,722.7,-691.2,0
694,10,56.028,-86.7312,10000,722.6,-691.3,0
695,10,56.0218,-86.7196,10000,722.5,-691.4,0
696,10,56.0156,-86.7081,10000,722.4,-691.5,0
697,10,56.0094,-86.6965,10000,722.2,-691.6,0
698,10,56.0032,-86.685,10000,722.1,-691.8,0
699,10,55.997,-86.6734,10000,722,-691.9,0
700,10,55.9908,-86.6618,10000,721.9,-692,0
701,10,55.9846,-86.6503,10000,721.8,-692.1,0
702,10,55.9784,-86.6388,10000,721.7,-692.2,0
703,10,55.9722,-86.6272,10000,721.6,-692.4,0
704,10,55.966,-86.6157,10000,721.4,-692.5,0
705,10,55.9598,-86.6041,10000,721.3,-692.6,0
706,10,55.9535,-86.5926,10000,721.2,-692.7,0
707,10,55.9473,-86.5811,10000,721.1,-692.8,0
708,10,55.9411,-86.5696,10000,721,-693,0
709,10,55.9349,-86.5581,10000,720.9,-693.1,0
710,10,55.9287,-86.5465,10000,720.8,-693.2,0
711,10,55.9225,-86.535,10000,720.6,-693.3,0
712,10,55.9163,-86.5235,10000,720.5,-693.4,0
713,10,55.91,-86.512,10000,720.4,-693.6,0
714,10,55.9038,-86.5005,10000,720.3,-693.7,0
715,10,55.8976,-86.489,10000,720.2,-693.8,0
716,10,55.8914,-86.4775,10000,720.1,-693.9,0
717,10,55.8851,-86.466,10000,719.9,-694,0
718,10,55.8789,-86.4546,10000,719.8,-694.1,0
719,10,55.8727,-86.4431,10000,719.7,-694.3,0
720,10,55.8665,-86.4316,10000,719.6,-694.4,0
721,10,55.8602,-86.4201,10000,719.5,-694.5,0
722,10,55.854,-86.4087,10000,719.4,-694.6,0
723,10,55.8478,-86.3972,10000,719.3,-694.7,0
724,10,55.8416,-86.3857,10000,719.1,-694.9,0
725,10,55.8353,-86.3743,10000,719,-695,0
726,10,55.8291,-86.3628,10000,718.9,-695.1,0
727,10,55.8229,-86.3514,10000,718.8,-695.2,0
728,10,55.8166,-86.3399,10000,718.7,-695.3,0
729,10,55.8104,-86.3285,10000,718.6,-695.5,0
730,10,55.8042,-86.317,10000,718.5,-695.6,0
731,10,55.7979,-86.3056,10000,718.3,-695.7,0
732,10,55.7917,-86.2941,10000,718.2,-695.8,0
733,10,55.7854,-86.2827,10000,718.1,-695.9,0
734,10,55.7792,-86.2713,10000,718,-696,0
735,10,55.7729,-86.2599,10000,717.9,-696.2,0
736,10,55.7667,-86.2484,10000,717.8,-696.3,0
737,10,55.7605,-86.237,10000,717.7,-696.4,0
738,10,55.7542,-86.2256,10000,717.5,-696.5,0
739,10,55.748,-86.2142,10000,717.4,-696.6,0
740,10,55.7417,-86.2028,10000,717.3,-696.7,0
741,10,55.7355,-86.1914,10000,717.2,-696.9,0
742,10,55.7292,-86.18,10000,717.1,-697,0
743,10,55.723,-86.1686,10000,717,-697.1,0
744,10,55.7167,-86.1572,10000,716.9,-697.2,0
745,10,55.7105,-86.1458,10000,716.7,-697.3,0
746,10,55.7042,-86.1345,10000,716.6,-697.5,0
747,10,55.698,-86.1231,10000,716.5,-697.6,0
748,10,55.6917,-86.1117,10000,716.4,-697.7,0
749,10,55.6854,-86.1003,10000,716.3,-697.8,0
750,10,55.6792,-86.089,10000,716.2,-697.9,0
751,10,55.6729,-86.0776,10000,716.1,-698,0
752,10,55.6667,-86.0662,10000,715.9,-698.2,0
753,10,55.6604,-86.0549,10000,715.8,-698.3,0
754,10,55.6541,-86.0435,10000,715.7,-698.4,0
755,10,55.6479,-86.0322,10000,715.6,-698.5,0
756,10,55.6416,-86.0208,10000,715.5,-698.6,0
757,10,55.6353,-86.0095,10000,715.4,-698.7,0
758,10,55.6291,-85.9981,10000,715.3,-698.9,0
759,10,55.6228,-85.9868,10000,715.2,-699,0
760,10,55.6165,-85.9755,10000,715,-699.1,0
761,10,55.6103,-85.9641,10000,714.9,-699.2,0
762,10,55.604,-85.9528,10000,714.8,-699.3,0
763,10,55.5977,-85.9415,10000,714.7,-699.4,0
764,10,55.5915,-85.9302,10000,714.6,-699.6,0
765,10,55.5852,-85.9189,10000,714.5,-699.7,0
766,10,55.5789,-85.9076,10000,714.4,-699.8,0
767,10,55.5726,-85.8963,10000,714.2,-699.9,0
768,10,55.5664,-85.8849,10000,714.1,-700,0
769,10,55.5601,-85.8736,10000,714,-700.1,0
770,10,55.5538,-85.8624,10000,713.9,-700.2,0
771,10,55.5475,-85.8511,10000,713.8,-700.4,0
772,10,55.5412,-85.8398,10000,713.7,-700.5,0
773,10,55.535,-85.8285,10000,713.6,-700.6,0
774,10,55.5287,-85.8172,10000,713.4,-700.7,0
775,10,55.5224,-85.8059,10000,713.3,-700.8,0
776,10,55.5161,-85.7947,10000,713.2,-700.9,0
777,10,55.5098,-85.7834,10000,713.1,-701.1,0
778,10,55.5035,-85.7721,10000,713,-701.2,0
779,10,55.4972,-85.7608,10000,712.9,-701.3,0
780,10,55.491,-85.7496,10000,712.8,-701.4,0
781,10,55.4847,-85.7383,10000,712.7,-701.5,0
782,10,55.4784,-85.7271,10000,712.5,-701.6,0
783,10,55.4721,-85.7158,10000,712.4,-701.7,0
784,10,55.4658,-85.7046,10000,712.3,-701.9,0
785,10,55.4595,-85.6933,10000,712.2,-702,0
786,10,55.4532,-85.6821,10000,712.1,-702.1,0
787,10,55.4469,-85.6709,10000,712,-702.2,0
788,10,55.4406,-85.6596,10000,711.9,-702.3,0
789,10,55.4343,-85.6484,10000,711.8,-702.4,0
790,10,55.428,-85.6372,10000,711.6,-702.5,0
791,10,55.4217,-85.626,10000,711.5,-702.7,0
792,10,55.4154,-85.6147,10000,711.4,-702.8,0
793,10,55.4091,-85.6035,10000,711.3,-702.9,0
794,10,55.4028,-85.5923,10000,711.2,-703,0
795,10,55.3965,-85.5811,10000,711.1,-703.1,0
796,10,55.3902,-85.5699,10000,711,-703.2,0
797,10,55.3839,-85.5587,10000,710.9,-703.3,0
798,10,55.3776,-85.5475,10000,710.7,-703.5,0
799,10,55.3713,-85.5363,10000,710.6,-703.6,0
800,10,55.3649,-85.5251,10000,710.5,-703.7,0
801,10,55.3586,-85.5139,10000,710.4,-703.8,0
802,10,55.3523,-85.5028,10000,710.3,-703.9,0
803,10,55.346,-85.4916,10000,710.2,-704,0
804,10,55.3397,-85.4804,10000,710.1,-704.1,0
805,10,55.3334,-85.4692,10000,710,-704.3,0
806,10,55.3271,-85.4581,10000,709.8,-704.4,0
807,10,55.3207,-85.4469,10000,709.7,-704.5,0
808,10,55.3144,-85.4357,10000,709.6,-704.6,0
809,10,55.3081,-85.4246,10000,709.5,-704.7,0
810,10,55.3018,-85.4134,10000,709.4,-704.8,0
811,10,55.2955,-85.4023,10000,709.3,-704.9,0
812,10,55.2891,-85.3911,10000,709.2,-705,0
813,10,55.2828,-85.38,10000,709.1,-705.2,0
814,10,55.2765,-85.3689,10000,708.9,-705.3,0
815,10,55.2702,-85.3577,10000,708.8,-705.4,0
816,10,55.2638,-85.3466,10000,708.7,-705.5,0
817,10,55.2575,-85.3355,10000,708.6,-705.6,0
818,10,55.2512,-85.3243,10000,708.5,-705.7,0
819,10,55.2449,-85.3132,10000,708.4,-705.8,0
820,10,55.2385,-85.3021,10000,708.3,-705.9,0
821,10,55.2322,-85.291,10000,708.2,-706.1,0
822,10,55.2259,-85.2799,10000,708,-706.2,0
823,10,55.2195,-85.2688,10000,707.9,-706.3,0
824,10,55.2132,-85.2577,10000,707.8,-706.4,0
825,10,55.2069,-85.2466,10000,707.7,-706.5,0
826,10,55.2005,-85.2355,10000,707.6,-706.6,0
827,10,55.1942,-85.2244,10000,707.5,-706.7,0
828,10,55.1878,-85.2133,10000,707.4,-706.8,0
829,10,55.1815,-85.2022,10000,707.3,-707,0
830,10,55.1752,-85.1911,10000,707.1,-707.1,0
831,10,55.1688,-85.18,10000,707,-707.2,0
832,10,55.1625,-85.169,10000,706.9,-707.3,0
833,10,55.1561,-85.1579,10000,706.8,-707.4,0
834,10,55.1498,-85.1468,10000,706.7,-707.5,0
835,10,55.1434,-85.1357,10000,706.6,-707.6,0
836,10,55.1371,-85.1247,10000,706.5,-707.7,0
837,10,55.1307,-85.1136,10000,706.4,-707.8,0
838,10,55.1244,-85.1026,10000,706.3,-708,0
839,10,55.118,-85.0915,10000,706.1,-708.1,0
840,10,55.1117,-85.0805,10000,706,-708.2,0
841,10,55.1053,-85.0694,10000,705.9,-708.3,0
842,10,55.099,-85.0584,10000,705.8,-708.4,0
843,10,55.0926,-85.0473,10000,705.7,-708.5,0
844,10,55.0863,-85.0363,10000,705.6,-708.6,0
845,10,55.0799,-85.0253,10000,705.5,-708.7,0
846,10,55.0736,-85.0143,10000,705.4,-708.8,0
847,10,55.0672,-85.0032,10000,705.3,-709,0
848,10,55.0609,-84.9922,10000,705.1,-709.1,0
849,10,55.0545,-84.9812,10000,705,-709.2,0
850,10,55.0481,-84.9702,10000,704.9,-709.3,0
851,10,55.0418,-84.9592,10000,704.8,-709.4,0
852,10,55.0354,-84.9482,10000,704.7,-709.5,0
853,10,55.029,-84.9372,10000,704.6,-709.6,0
854,10,55.0227,-84.9262,10000,704.5,-709.7,0
855,10,55.0163,-84.9152,10000,704.4,-709.8,0
856,10,55.0099,-84.9042,10000,704.3,-709.9,0
857,10,55.0036,-84.8932,10000,704.1,-710.1,0
858,10,54.9972,-84.8822,10000,704,-710.2,0
859,10,54.9908,-84.8712,10000,703.9,-710.3,0
860,10,54.9845,-84.8602,10000,703.8,-710.4,0
861,10,54.9781,-84.8493,10000,703.7,-710.5,0
862,10,54.9717,-84.8383,10000,703.6,-710.6,0
863,10,54.9653,-84.8273,10000,703.5,-710.7,0
864,10,54.959,-84.8164,10000,703.4,-710.8,0
865,10,54.9526,-84.8054,10000,703.3,-710.9,0
866,10,54.9462,-84.7944,10000,703.1,-711,0
867,10,54.9398,-84.7835,10000,703,-711.2,0
868,10,54.9335,-84.7725,10000,702.9,-711.3,0
869,10,54.9271,-84.7616,10000,702.8,-711.4,0
870,10,54.9207,-84.7506,10000,702.7,-711.5,0
871,10,54.9143,-84.7397,10000,702.6,-711.6,0
872,10,54.9079,-84.7288,10000,702.5,-711.7,0
873,10,54.9016,-84.7178,10000,702.4,-711.8,0
874,10,54.8952,-84.7069,10000,702.3,-711.9,0
875,10,54.8888,-84.696,10000,702.1,-712,0
876,10,54.8824,-84.6851,10000,702,-712.1,0
877,10,54.876,-84.6741,10000,701.9,-712.2,0
878,10,54.8696,-84.6632,10000,701.8,-712.4,0
879,10,54.8632,-84.6523,10000,701.7,-712.5,0
880,10,54.8568,-84.6414,10000,701.6,-712.6,0
881,10,54.8505,-84.6305,10000,701.5,-712.7,0
882,10,54.8441,-84.6196,10000,701.4,-712.8,0
883,10,54.8377,-84.6087,10000,701.3,-712.9,0
884,10,54.8313,-84.5978,10000,701.2,-713,0
885,10,54.8249,-84.5869,10000,701,-713.1,0
886,10,54.8185,-84.576,10000,700.9,-713.2,0
887,10,54.8121,-84.5651,10000,700.8,-713.3,0
888,10,54.8057,-84.5543,10000,700.7,-713.4,0
889,10,54.7993,-84.5434,10000,700.6,-713.6,0
890,10,54.7929,-84.5325,10000,700.5,-713.7,0
891,10,54.7865,-84.5216,10000,700.4,-713.8,0
892,10,54.7801,-84.5108,10000,700.3,-713.9,0
893,10,54.7737,-84.4999,10000,700.2,-714,0
894,10,54.7673,-84.489,10000,700.1,-714.1,0
895,10,54.7609,-84.4782,10000,699.9,-714.2,0
896,10,54.7545,-84.4673,10000,699.8,-714.3,0
897,10,54.7481,-84.4565,10000,699.7,-714.4,0
898,10,54.7416,-84.4456,10000,699.6,-714.5,0
899,10,54.7352,-84.4348,10000,699.5,-714.6,0
900,10,54.7288,-84.4239,10000,699.4,-714.7,0
901,10,54.7224,-84.4131,10000,699.3,-714.8,0
902,10,54.716,-84.4023,10000,699.2,-715,0
903,10,54.7096,-84.3914,10000,699.1,-715.1,0
904,10,54.7032,-84.3806,10000,699,-715.2,0
905,10,54.6968,-84.3698,10000,698.8,-715.3,0
906,10,54.6903,-84.359,10000,698.7,-715.4,0
907,10,54.6839,-84.3481,10000,698.6,-715.5,0
908,10,54.6775,-84.3373,10000,698.5,-715.6,0
909,10,54.6711,-84.3265,10000,698.4,-715.7,0
910,10,54.6647,-84.3157,10000,698.3,-715.8,0
911,10,54.6583,-84.3049,10000,698.2,-715.9,0
912,10,54.6518,-84.2941,10000,698.1,-716,0
913,10,54.6454,-84.2833,10000,698,-716.1,0
914,10,54.639,-84.2725,10000,697.9,-716.2,0
915,10,54.6326,-84.2617,10000,697.8,-716.3,0
916,10,54.6261,-84.2509,10000,697.6,-716.4,0
917,10,54.6197,-84.2402,10000,697.5,-716.6,0
918,10,54.6133,-84.2294,10000,697.4,-716.7,0
919,10,54.6069,-84.2186,10000,697.3,-716.8,0
920,10,54.6004,-84.2078,10000,697.2,-716.9,0
921,10,54.594,-84.1971,10000,697.1,-717,0
922,10,54.5876,-84.1863,10000,697,-717.1,0
923,10,54.5811,-84.1755,10000,696.9,-717.2,0
924,10,54.5747,-84.1648,10000,696.8,-717.3,0
925,10,54.5683,-84.154,10000,696.7,-717.4,0
926,10,54.5618,-84.1433,10000,696.5,-717.5,0
927,10,54.5554,-84.1325,10000,696.4,-717.6,0
928,10,54.549,-84.1218,10000,696.3,-717.7,0
929,10,54.5425,-84.111,10000,696.2,-717.8,0
930,10,54.5361,-84.1003,10000,696.1,-717.9,0
931,10,54.5296,-84.0896,10000,696,-718,0
932,10,54.5232,-84.0788,10000,695.9,-718.1,0
933,10,54.5168,-84.0681,10000,695.8,-718.2,0
934,10,54.5103,-84.0574,10000,695.7,-718.4,0
935,10,54.5039,-84.0467,10000,695.6,-718.5,0
936,10,54.4974,-84.0359,10000,695.5,-718.6,0
937,10,54.491,-84.0252,10000,695.3,-718.7,0
938,10,54.4845,-84.0145,10000,695.2,-718.8,0
939,10,54.4781,-84.0038,10000,695.1,-718.9,0
940,10,54.4716,-83.9931,10000,695,-719,0
941,10,54.4652,-83.9824,10000,694.9,-719.1,0
942,10,54.4587,-83.9717,10000,694.8,-719.2,0
943,10,54.4523,-83.961,10000,694.7,-719.3,0
944,10,54.4458,-83.9503,10000,694.6,-719.4,0
945,10,54.4394,-83.9396,10000,694.5,-719.5,0
946,10,54.4329,-83.9289,10000,694.4,-719.6,0
947,10,54.4265,-83.9183,10000,694.3,-719.7,0
948,10,54.42,-83.9076,10000,694.2,-719.8,0
949,10,54.4136,-83.8969,10000,694,-719.9,0
950,10,54.4071,-83.8862,10000,693.9,-720,0
951,10,54.4006,-83.8756,10000,693.8,-720.1,0
952,10,54.3942,-83.8649,10000,693.7,-720.2,0
953,10,54.3877,-83.8542,10000,693.6,-720.3,0
954,10,54.3813,-83.8436,10000,693.5,-720.5,0
955,10,54.3748,-83.8329,10000,693.4,-720.6,0
956,10,54.3683,-83.8223,10000,693.3,-720.7,0
957,10,54.3619,-83.8116,10000,693.2,-720.8,0
958,10,54.3554,-83.801,10000,693.1,-720.9,0
959,10,54.3489,-83.7903,10000,693,-721,0
960,10,54.3425,-83.7797,10000,692.9,-721.1,0
961,10,54.336,-83.7691,10000,692.7,-721.2,0
962,10,54.3295,-83.7584,10000,692.6,-721.3,0
963,10,54.3231,-83.7478,10000,692.5,-721.4,0
964,10,54.3166,-83.7372,10000,692.4,-721.5,0
965,10,54.3101,-83.7265,10000,692.3,-721.6,0
966,10,54.3036,-83.7159,10000,692.2,-721.7,0
967,10,54.2972,-83.7053,10000,692.1,-721.8,0
968,10,54.2907,-83.6947,10000,692,-721.9,0
969,10,54.2842,-83.6841,10000,691.9,-722,0
970,10,54.2777,-83.6735,10000,691.8,-722.1,0
971,10,54.2713,-83.6629,10000,691.7,-722.2,0
972,10,54.2648,-83.6523,10000,691.6,-722.3,0
973,10,54.2583,-83.6417,10000,691.5,-722.4,0
974,10,54.2518,-83.6311,10000,691.3,-722.5,0
975,10,54.2453,-83.6205,10000,691.2,-722.6,0
976,10,54.2389,-83.6099,10000,691.1,-722.7,0
977,10,54.2324,-83.5993,10000,691,-722.8,0
978,10,54.2259,-83.5888,10000,690.9,-722.9,0
979,10,54.2194,-83.5782,10000,690.8,-723,0
980,10,54.2129,-83.5676,10000,690.7,-723.1,0
981,10,54.2064,-83.5571,10000,690.6,-723.2,0
982,10,54.1999,-83.5465,10000,690.5,-723.3,0
983,10,54.1935,-83.5359,10000,690.4,-723.5,0
984,10,54.187,-83.5254,10000,690.3,-723.6,0
985,10,54.1805,-83.5148,10000,690.2,-723.7,0
986,10,54.174,-83.5043,10000,690.1,-723.8,0
987,10,54.1675,-83.4937,10000,689.9,-723.9,0
988,10,54.161,-83.4832,10000,689.8,-724,0
989,10,54.1545,-83.4726,10000,689.7,-724.1,0
990,10,54.148,-83.4621,10000,689.6,-724.2,0
991,10,54.1415,-83.4515,10000,689.5,-724.3,0
992,10,54.135,-83.441,10000,689.4,-724.4,0
993,10,54.1285,-83.4305,10000,689.3,-724.5,0
994,10,54.122,-83.42,10000,689.2,-724.6,0
995,10,54.1155,-83.4094,10000,689.1,-724.7,0
996,10,54.109,-83.3989,10000,689,-724.8,0
997,10,54.1025,-83.3884,10000,688.9,-724.9,0
998,10,54.096,-83.3779,10000,688.8,-725,0
999,10,54.0895,-83.3674,10000,688.7,-725.1,0
1000,10,54.083,-83.3569,10000,688.6,-725.2,0
1001,10,54.0765,-83.3464,10000,688.4,-725.3,0
1002,10,54.07,-83.3359,10000,688.3,-725.4,0
1003,10,54.0635,-83.3254,10000,688.2,-725.5,0
1004,10,54.057,-83.3149,10000,688.1,-725.6,0
1005,10,54.0505,-83.3044,10000,688,-725.7,0
1006,10,54.044,-83.2939,10000,687.9,-725.8,0
1007,10,54.0374,-83.2834,10000,687.8,-725.9,0
1008,10,54.0309,-83.2729,10000,687.7,-726,0
1009,10,54.0244,-83.2625,10000,687.6,-726.1,0
1010,10,54.0179,-83.252,10000,687.5,-726.2,0
1011,10,54.0114,-83.2415,10000,687.4,-726.3,0
1012,10,54.0049,-83.2311,10000,687.3,-726.4,0
1013,10,53.9984,-83.2206,10000,687.2,-726.5,0
1014,10,53.9918,-83.2101,10000,687.1,-726.6,0
1015,10,53.9853,-83.1997,10000,686.9,-726.7,0
1016,10,53.9788,-83.1892,10000,686.8,-726.8,0
1017,10,53.9723,-83.1788,10000,686.7,-726.9,0
1018,10,53.9658,-83.1683,10000,686.6,-727,0
1019,10,53.9592,-83.1579,10000,686.5,-727.1,0
1020,10,53.9527,-83.1474,10000,686.4,-727.2,0
1021,10,53.9462,-83.137,10000,686.3,-727.3,0
1022,10,53.9397,-83.1266,10000,686.2,-727.4,0
1023,10,53.9331,-83.1161,10000,686.1,-727.5,0
1024,10,53.9266,-83.1057,10000,686,-727.6,0
1025,10,53.9201,-83.0953,10000,685.9,-727.7,0
1026,10,53.9136,-83.0849,10000,685.8,-727.8,0
1027,10,53.907,-83.0744,10000,685.7,-727.9,0
1028,10,53.9005,-83.064,10000,685.6,-728,0
1029,10,53.894,-83.0536,10000,685.5,-728.1,0
1030,10,53.8874,-83.0432,10000,685.4,-728.2,0
1031,10,53.8809,-83.0328,10000,685.2,-728.3,0
1032,10,53.8744,-83.0224,10000,685.1,-728.4,0
1033,10,53.8678,-83.012,10000,685,-728.5,0
1034,10,53.8613,-83.0016,10000,684.9,-728.6,0
1035,10,53.8548,-82.9912,10000,684.8,-728.7,0
1036,10,53.8482,-82.9808,10000,684.7,-728.8,0
1037,10,53.8417,-82.9704,10000,684.6,-728.9,0
1038,10,53.8352,-82.9601,10000,684.5,-729,0
1039,10,53.8286,-82.9497,10000,684.4,-729.1,0
1040,10,53.8221,-82.9393,10000,684.3,-729.2,0
1041,10,53.8155,-82.9289,10000,684.2,-729.3,0
1042,10,53.809,-82.9186,10000,684.1,-729.4,0
1043,10,53.8024,-82.9082,10000,684,-729.5,0
1044,10,53.7959,-82.8978,10000,683.9,-729.6,0
1045,10,53.7894,-82.8875,10000,683.8,-729.7,0
1046,10,53.7828,-82.8771,10000,683.7,-729.8,0
1047,10,53.7763,-82.8668,10000,683.6,-729.9,0
1048,10,53.7697,-82.8564,10000,683.4,-730,0
1049,10,53.7632,-82.8461,10000,683.3,-730.1,0
1050,10,53.7566,-82.8357,10000,683.2,-730.2,0
1051,10,53.7501,-82.8254,10000,683.1,-730.3,0
1052,10,53.7435,-82.815,10000,683,-730.4,0
1053,10,53.737,-82.8047,10000,682.9,-730.5,0
1054,10,53.7304,-82.7944,10000,682.8,-730.6,0
1055,10,53.7238,-82.784,10000,682.7,-730.7,0
1056,10,53.7173,-82.7737,10000,682.6,-730.8,0
1057,10,53.7107,-82.7634,10000,682.5,-730.9,0
1058,10,53.7042,-82.7531,10000,682.4,-731,0
1059,10,53.6976,-82.7428,10000,682.3,-731.1,0
1060,10,53.6911,-82.7324,10000,682.2,-731.2,0
1061,10,53.6845,-82.7221,10000,682.1,-731.3,0
1062,10,53.6779,-82.7118,10000,682,-731.4,0
1063,10,53.6714,-82.7015,10000,681.9,-731.5,0
1064,10,53.6648,-82.6912,10000,681.8,-731.6,0
1065,10,53.6583,-82.6809,10000,681.7,-731.7,0
1066,10,53.6517,-82.6706,10000,681.5,-731.8,0
1067,10,53.6451,-82.6604,10000,681.4,-731.9,0
1068,10,53.6386,-82.6501,10000,681.3,-732,0
1069,10,53.632,-82.6398,10000,681.2,-732.1,0
1070,10,53.6254,-82.6295,10000,681.1,-732.2,0
1071,10,53.6189,-82.6192,10000,681,-732.3,0
1072,10,53.6123,-82.6089,10000,680.9,-732.4,0
1073,10,53.6057,-82.5987,10000,680.8,-732.5,0
1074,10,53.5991,-82.5884,10000,680.7,-732.6,0
1075,10,53.5926,-82.5781,10000,680.6,-732.7,0
1076,10,53.586,-82.5679,10000,680.5,-732.8,0
1077,10,53.5794,-82.5576,10000,680.4,-732.8,0
1078,10,53.5729,-82.5474,10000,680.3,-732.9,0
1079,10,53.5663,-82.5371,10000,680.2,-733,0
1080,10,53.5597,-82.5269,10000,680.1,-733.1,0
1081,10,53.5531,-82.5166,10000,680,-733.2,0
1082,10,53.5465,-82.5064,10000,679.9,-733.3,0
1083,10,53.54,-82.4961,10000,679.8,-733.4,0
1084,10,53.5334,-82.4859,10000,679.7,-733.5,0
1085,10,53.5268,-82.4757,10000,679.6,-733.6,0
1086,10,53.5202,-82.4654,10000,679.4,-733.7,0
1087,10,53.5136,-82.4552,10000,679.3,-733.8,0
1088,10,53.5071,-82.445,10000,679.2,-733.9,0
1089,10,53.5005,-82.4348,10000,679.1,-734,0
1090,10,53.4939,-82.4246,10000,679,-734.1,0
1091,10,53.4873,-82.4143,10000,678.9,-734.2,0
1092,10,53.4807,-82.4041,10000,678.8,-734.3,0
1093,10,53.4741,-82.3939,10000,678.7,-734.4,0
1094,10,53.4675,-82.3837,10000,678.6,-734.5,0
1095,10,53.4609,-82.3735,10000,678.5,-734.6,0
1096,10,53.4544,-82.3633,10000,678.4,-734.7,0
1097,10,53.4478,-82.3531,10000,678.3,-734.8,0
1098,10,53.4412,-82.3429,10000,678.2,-734.9,0
1099,10,53.4346,-82.3328,10000,678.1,-735,0
1100,10,53.428,-82.3226,10000,678,-735.1,0
1101,10,53.4214,-82.3124,10000,677.9,-735.2,0
1102,10,53.4148,-82.3022,10000,677.8,-735.3,0
1103,10,53.4082,-82.292,10000,677.7,-735.4,0
1104,10,53.4016,-82.2819,10000,677.6,-735.5,0
1105,10,53.395,-82.2717,10000,677.5,-735.6,0
1106,10,53.3884,-82.2615,10000,677.4,-735.6,0
1107,10,53.3818,-82.2514,10000,677.3,-735.7,0
1108,10,53.3752,-82.2412,10000,677.2,-735.8,0
1109,10,53.3686,-82.231,10000,677.1,-735.9,0
1110,10,53.362,-82.2209,10000,676.9,-736,0
1111,10,53.3554,-82.2107,10000,676.8,-736.1,0
1112,10,53.3488,-82.2006,10000,676.7,-736.2,0
1113,10,53.3422,-82.1904,10000,676.6,-736.3,0
1114,10,53.3356,-82.1803,10000,676.5,-736.4,0
1115,10,53.329,-82.1702,10000,676.4,-736.5,0
1116,10,53.3224,-82.16,10000,676.3,-736.6,0
1117,10,53.3158,-82.1499,10000,676.2,-736.7,0
1118,10,53.3091,-82.1398,10000,676.1,-736.8,0
1119,10,53.3025,-82.1296,10000,676,-736.9,0
1120,10,53.2959,-82.1195,10000,675.9,-737,0
1121,10,53.2893,-82.1094,10000,675.8,-737.1,0
1122,10,53.2827,-82.0993,10000,675.7,-737.2,0
1123,10,53.2761,-82.0892,10000,675.6,-737.3,0
1124,10,53.2695,-82.0791,10000,675.5,-737.4,0
1125,10,53.2629,-82.069,10000,675.4,-737.5,0
1126,10,53.2562,-82.0588,10000,675.3,-737.6,0
1127,10,53.2496,-82.0487,10000,675.2,-737.6,0
1128,10,53.243,-82.0387,10000,675.1,-737.7,0
1129,10,53.2364,-82.0286,10000,675,-737.8,0
1130,10,53.2298,-82.0185,10000,674.9,-737.9,0
1131,10,53.2231,-82.0084,10000,674.8,-738,0
1132,10,53.2165,-81.9983,10000,674.7,-738.1,0
1133,10,53.2099,-81.9882,10000,674.6,-738.2,0
1134,10,53.2033,-81.9781,10000,674.5,-738.3,0
1135,10,53.1967,-81.9681,10000,674.4,-738.4,0
1136,10,53.19,-81.958,10000,674.3,-738.5,0
1137,10,53.1834,-81.9479,10000,674.2,-738.6,0
1138,10,53.1768,-81.9378,10000,674,-738.7,0
1139,10,53.1701,-81.9278,10000,673.9,-738.8,0
1140,10,53.1635,-81.9177,10000,673.8,-738.9,0
1141,10,53.1569,-81.9077,10000,673.7,-739,0
1142,10,53.1503,-81.8976,10000,673.6,-739.1,0
1143,10,53.1436,-81.8876,10000,673.5,-739.2,0
1144,10,53.137,-81.8775,10000,673.4,-739.3,0
1145,10,53.1304,-81.8675,10000,673.3,-739.3,0
1146,10,53.1237,-81.8574,10000,673.2,-739.4,0
1147,10,53.1171,-81.8474,10000,673.1,-739.5,0
1148,10,53.1105,-81.8373,10000,673,-739.6,0
1149,10,53.1038,-81.8273,10000,672.9,-739.7,0
1150,10,53.0972,-81.8173,10000,672.8,-739.8,0
1151,10,53.0906,-81.8073,10000,672.7,-739.9,0
1152,10,53.0839,-81.7972,10000,672.6,-740,0
1153,10,53.0773,-81.7872,10000,672.5,-740.1,0
1154,10,53.0706,-81.7772,10000,672.4,-740.2,0
1155,10,53.064,-81.7672,10000,672.3,-740.3,0
1156,10,53.0573,-81.7572,10000,672.2,-740.4,0
1157,10,53.0507,-81.7472,10000,672.1,-740.5,0
1158,10,53.0441,-81.7372,10000,672,-740.6,0
1159,10,53.0374,-81.7271,10000,671.9,-740.7,0
1160,10,53.0308,-81.7172,10000,671.8,-740.7,0
1161,10,53.0241,-81.7072,10000,671.7,-740.8,0
1162,10,53.0175,-81.6972,10000,671.6,-740.9,0
1163,10,53.0108,-81.6872,10000,671.5,-741,0
1164,10,53.0042,-81.6772,10000,671.4,-741.1,0
1165,10,52.9975,-81.6672,10000,671.3,-741.2,0
1166,10,52.9909,-81.6572,10000,671.2,-741.3,0
1167,10,52.9842,-81.6472,10000,671.1,-741.4,0
1168,10,52.9776,-81.6373,10000,671,-741.5,0
1169,10,52.9709,-81.6273,10000,670.9,-741.6,0
1170,10,52.9643,-81.6173,10000,670.8,-741.7,0
1171,10,52.9576,-81.6074,10000,670.7,-741.8,0
1172,10,52.951,-81.5974,10000,670.6,-741.9,0
1173,10,52.9443,-81.5874,10000,670.5,-741.9,0
1174,10,52.9377,-81.5775,10000,670.4,-742,0
1175,10,52.931,-81.5675,10000,670.3,-742.1,0
1176,10,52.9243,-81.5576,10000,670.2,-742.2,0
1177,10,52.9177,-81.5476,10000,670,-742.3,0
1178,10,52.911,-81.5377,10000,669.9,-742.4,0
1179,10,52.9044,-81.5277,10000,669.8,-742.5,0
1180,10,52.8977,-81.5178,10000,669.7,-742.6,0
1181,10,52.891,-81.5079,10000,669.6,-742.7,0
1182,10,52.8844,-81.4979,10000,669.5,-742.8,0
1183,10,52.8777,-81.488,10000,669.4,-742.9,0
1184,10,52.871,-81.4781,10000,669.3,-743,0
1185,10,52.8644,-81.4682,10000,669.2,-743.1,0
1186,10,52.8577,-81.4582,10000,669.1,-743.1,0
1187,10,52.851,-81.4483,10000,669,-743.2,0
1188,10,52.8444,-81.4384,10000,668.9,-743.3,0
1189,10,52.8377,-81.4285,10000,668.8,-743.4,0
1190,10,52.831,-81.4186,10000,668.7,-743.5,0
1191,10,52.8244,-81.4087,10000,668.6,-743.6,0
1192,10,52.8177,-81.3988,10000,668.5,-743.7,0
1193,10,52.811,-81.3889,10000,668.4,-743.8,0
1194,10,52.8043,-81.379,10000,668.3,-743.9,0
1195,10,52.7977,-81.3691,10000,668.2,-744,0
1196,10,52.791,-81.3592,10000,668.1,-744.1,0
1197,10,52.7843,-81.3493,10000,668,-744.1,0
1198,10,52.7776,-81.3394,10000,667.9,-744.2,0
1199,10,52.771,-81.3296,10000,667.8,-744.3,0
1200,10,52.7643,-81.3197,10000,667.7,-744.4,0
1201,10,52.7576,-81.3098,10000,667.6,-744.5,0
1202,10,52.7509,-81.2999,10000,667.5,-744.6,0
1203,10,52.7442,-81.2901,10000,667.4,-744.7,0
1204,10,52.7376,-81.2802,10000,667.3,-744.8,0
1205,10,52.7309,-81.2703,10000,667.2,-744.9,0
1206,10,52.7242,-81.2605,10000,667.1,-745,0
1207,10,52.7175,-81.2506,10000,667,-745.1,0
1208,10,52.7108,-81.2408,10000,666.9,-745.1,0
1209,10,52.7041,-81.2309,10000,666.8,-745.2,0
1210,10,52.6974,-81.2211,10000,666.7,-745.3,0
1211,10,52.6908,-81.2112,10000,666.6,-745.4,0
1212,10,52.6841,-81.2014,10000,666.5,-745.5,0
1213,10,52.6774,-81.1915,10000,666.4,-745.6,0
1214,10,52.6707,-81.1817,10000,666.3,-745.7,0
1215,10,52.664,-81.1719,10000,666.2,-745.8,0
1216,10,52.6573,-81.162,10000,666.1,-745.9,0
1217,10,52.6506,-81.1522,10000,666,-746,0
1218,10,52.6439,-81.1424,10000,665.9,-746,0
1219,10,52.6372,-81.1326,10000,665.8,-746.1,0
1220,10,52.6305,-81.1228,10000,665.7,-746.2,0
1221,10,52.6238,-81.1129,10000,665.6,-746.3,0
1222,10,52.6171,-81.1031,10000,665.5,-746.4,0
1223,10,52.6104,-81.0933,10000,665.4,-746.5,0
1224,10,52.6037,-81.0835,10000,665.3,-746.6,0
1225,10,52.597,-81.0737,10000,665.2,-746.7,0
1226,10,52.5903,-81.0639,10000,665.1,-746.8,0
1227,10,52.5836,-81.0541,10000,665,-746.9,0
1228,10,52.5769,-81.0443,10000,664.9,-746.9,0
1229,10,52.5702,-81.0345,10000,664.8,-747,0
1230,10,52.5635,-81.0247,10000,664.7,-747.1,0
1231,10,52.5568,-81.015,10000,664.6,-747.2,0
1232,10,52.5501,-81.0052,10000,664.5,-747.3,0
1233,10,52.5434,-80.9954,10000,664.4,-747.4,0
1234,10,52.5367,-80.9856,10000,664.3,-747.5,0
1235,10,52.53,-80.9758,10000,664.2,-747.6,0
1236,10,52.5233,-80.9661,10000,664.1,-747.7,0
1237,10,52.5166,-80.9563,10000,664,-747.8,0
1238,10,52.5099,-80.9465,10000,663.9,-747.8,0
1239,10,52.5032,-80.9368,10000,663.8,-747.9,0
1240,10,52.4965,-80.927,10000,663.7,-748,0
1241,10,52.4897,-80.9173,10000,663.6,-748.1,0
1242,10,52.483,-80.9075,10000,663.5,-748.2,0
1243,10,52.4763,-80.8978,10000,663.4,-748.3,0
1244,10,52.4696,-80.888,10000,663.3,-748.4,0
1245,10,52.4629,-80.8783,10000,663.2,-748.5,0
1246,10,52.4562,-80.8685,10000,663.1,-748.5,0
1247,10,52.4495,-80.8588,10000,663,-748.6,0
1248,10,52.4427,-80.8491,10000,662.9,-748.7,0
1249,10,52.436,-80.8393,10000,662.8,-748.8,0
1250,10,52.4293,-80.8296,10000,662.7,-748.9,0
1251,10,52.4226,-80.8199,10000,662.6,-749,0
1252,10,52.4159,-80.8102,10000,662.5,-749.1,0
1253,10,52.4091,-80.8004,10000,662.4,-749.2,0
1254,10,52.4024,-80.7907,10000,662.3,-749.3,0
1255,10,52.3957,-80.781,10000,662.2,-749.3,0
1256,10,52.389,-80.7713,10000,662.1,-749.4,0
1257,10,52.3822,-80.7616,10000,662,-749.5,0
1258,10,52.3755,-80.7519,10000,661.9,-749.6,0
1259,10,52.3688,-80.7422,10000,661.8,-749.7,0
1260,10,52.3621,-80.7325,10000,661.7,-749.8,0
1261,10,52.3553,-80.7228,10000,661.6,-749.9,0
1262,10,52.3486,-80.7131,10000,661.5,-750,0
1263,10,52.3419,-80.7034,10000,661.4,-750,0
1264,10,52.3351,-80.6937,10000,661.3,-750.1,0
1265,10,52.3284,-80.684,10000,661.2,-750.2,0
1266,10,52.3217,-80.6743,10000,661.1,-750.3,0
1267,10,52.315,-80.6647,10000,661,-750.4,0
1268,10,52.3082,-80.655,10000,660.9,-750.5,0
1269,10,52.3015,-80.6453,10000,660.8,-750.6,0
1270,10,52.2948,-80.6356,10000,660.7,-750.7,0
1271,10,52.288,-80.626,10000,660.6,-750.7,0
1272,10,52.2813,-80.6163,10000,660.5,-750.8,0
1273,10,52.2745,-80.6067,10000,660.4,-750.9,0
1274,10,52.2678,-80.597,10000,660.3,-751,0
1275,10,52.2611,-80.5873,10000,660.2,-751.1,0
1276,10,52.2543,-80.5777,10000,660.1,-751.2,0
1277,10,52.2476,-80.568,10000,660,-751.3,0
1278,10,52.2408,-80.5584,10000,659.9,-751.4,0
1279,10,52.2341,-80.5487,10000,659.8,-751.4,0
1280,10,52.2274,-80.5391,10000,659.7,-751.5,0
1281,10,52.2206,-80.5295,10000,659.6,-751.6,0
1282,10,52.2139,-80.5198,10000,659.5,-751.7,0
1283,10,52.2071,-80.5102,10000,659.4,-751.8,0
1284,10,52.2004,-80.5006,10000,659.3,-751.9,0
1285,10,52.1936,-80.4909,10000,659.2,-752,0
1286,10,52.1869,-80.4813,10000,659.1,-752.1,0
1287,10,52.1801,-80.4717,10000,659,-752.1,0
1288,10,52.1734,-80.4621,10000,658.9,-752.2,0
1289,10,52.1666,-80.4525,10000,658.8,-752.3,0
1290,10,52.1599,-80.4429,10000,658.7,-752.4,0
1291,10,52.1531,-80.4332,10000,658.6,-752.5,0
1292,10,52.1464,-80.4236,10000,658.5,-752.6,0
1293,10,52.1396,-80.414,10000,658.4,-752.7,0
1294,10,52.1329,-80.4044,10000,658.3,-752.7,0
1295,10,52.1261,-80.3948,10000,658.2,-752.8,0
1296,10,52.1194,-80.3852,10000,658.1,-752.9,0
1297,10,52.1126,-80.3757,10000,658,-753,0
1298,10,52.1058,-80.3661,10000,657.9,-753.1,0
1299,10,52.0991,-80.3565,10000,657.8,-753.2,0
1300,10,52.0923,-80.3469,10000,657.7,-753.3,0
1301,10,52.0856,-80.3373,10000,657.6,-753.3,0
1302,10,52.0788,-80.3277,10000,657.5,-753.4,0
1303,10,52.072,-80.3182,10000,657.4,-753.5,0
1304,10,52.0653,-80.3086,10000,657.3,-753.6,0
1305,10,52.0585,-80.299,10000,657.2,-753.7,0
1306,10,52.0518,-80.2895,10000,657.1,-753.8,0
1307,10,52.045,-80.2799,10000,657,-753.9,0
1308,10,52.0382,-80.2703,10000,656.9,-753.9,0
1309,10,52.0315,-80.2608,10000,656.8,-754,0
1310,10,52.0247,-80.2512,10000,656.7,-754.1,0
1311,10,52.0179,-80.2417,10000,656.6,-754.2,0
1312,10,52.0112,-80.2321,10000,656.5,-754.3,0
1313,10,52.0044,-80.2226,10000,656.4,-754.4,0
1314,10,51.9976,-80.213,10000,656.3,-754.5,0
1315,10,51.9909,-80.2035,10000,656.2,-754.5,0
1316,10,51.9841,-80.194,10000,656.1,-754.6,0
1317,10,51.9773,-80.1844,10000,656.1,-754.7,0
